Age,Monthly_Income,Credit_Score,Loan_Amount_Requested,Employment_Status,Existing_Debts,Number_of_Previous_Loans,Payment_History,Debt_to_Income_Ratio,Repayment_Status
56,6209,365,26154,Employed,7941,2,Good,0.64,0
69,6007,432,8240,Employed,10712,7,Poor,0.58,0
46,8075,665,40612,Employed,12296,7,Good,0.58,1
32,6273,381,2585,Employed,10899,3,Fair,0.14,0
60,13946,627,11541,Employed,6168,0,Good,0.22,1
25,11964,397,6427,Employed,1329,3,Fair,0.69,0
38,17364,626,27747,Employed,3655,8,Good,0.67,1
56,4820,841,24196,Employed,5553,9,Good,0.2,1
36,12250,424,16620,Employed,14308,0,Good,0.33,0
40,6198,509,10033,Employed,5541,2,Fair,0.15,0
28,19448,432,32070,Self-Employed,3905,7,Poor,0.22,1
28,19724,802,47922,Employed,1080,2,Excellent,0.17,1
41,7558,456,13199,Employed,11797,1,Good,0.1,1
70,2226,681,13776,Employed,823,0,Excellent,0.43,1
53,8197,321,23727,Student,3619,8,Excellent,0.21,1
57,13410,718,3931,Employed,3250,9,Poor,0.69,0
41,10757,771,15843,Employed,2115,2,Good,0.39,1
20,14463,533,6699,Employed,3567,6,Good,0.28,1
39,18166,753,22224,Student,5120,9,Good,0.64,1
70,2581,461,28321,Employed,8239,2,Good,0.45,0
19,12276,600,8636,Employed,1440,7,Excellent,0.13,1
41,15696,605,2860,Employed,11927,8,Excellent,0.37,1
61,10844,301,15989,Self-Employed,944,7,Good,0.34,1
47,17458,570,49005,Employed,3268,4,Excellent,0.55,1
55,13189,720,38135,Employed,11833,9,Excellent,0.5,1
19,18831,442,47422,Student,3119,1,Good,0.29,1
38,6260,834,35939,Unemployed,6072,5,Fair,0.36,1
50,14936,336,37062,Unemployed,10175,7,Excellent,0.39,1
29,1566,406,14801,Employed,8546,1,Fair,0.32,0
39,2064,596,31398,Employed,3305,5,Good,0.12,1
61,14893,396,5747,Employed,12724,6,Excellent,0.64,1
42,5170,580,38160,Self-Employed,4795,8,Good,0.49,0
66,3751,409,6238,Self-Employed,1917,8,Good,0.36,0
44,14449,848,3834,Self-Employed,6769,1,Fair,0.42,1
59,2304,487,49203,Unemployed,12377,0,Poor,0.19,0
45,11083,787,46676,Self-Employed,368,6,Excellent,0.39,1
33,19119,653,27230,Employed,11178,5,Fair,0.53,1
32,13724,318,8116,Employed,1192,9,Good,0.4,1
64,7516,692,3928,Employed,1386,9,Excellent,0.36,1
68,14536,560,29179,Employed,12185,9,Excellent,0.35,1
61,13892,709,23134,Employed,11194,3,Good,0.55,1
72,9438,702,40262,Self-Employed,10088,8,Excellent,0.54,1
69,5641,783,35440,Employed,7344,0,Good,0.54,1
74,11046,603,9190,Self-Employed,2547,6,Fair,0.21,1
20,6835,317,24828,Self-Employed,4799,4,Fair,0.45,0
54,6577,483,5350,Employed,14468,4,Fair,0.56,0
68,14747,704,35055,Employed,6315,5,Excellent,0.42,1
24,7111,430,44686,Employed,1553,1,Good,0.56,0
38,9589,778,17036,Employed,2810,2,Poor,0.61,0
26,4392,307,29700,Employed,14776,8,Excellent,0.16,0
56,7077,617,7610,Employed,11224,3,Fair,0.25,0
35,19443,690,43018,Employed,111,5,Excellent,0.44,1
21,8183,818,30420,Employed,4072,2,Good,0.24,1
42,3007,435,26177,Employed,1063,2,Fair,0.66,0
31,17835,830,28850,Employed,4197,8,Poor,0.18,1
67,3563,666,40651,Employed,1392,8,Good,0.28,1
26,3500,788,12170,Employed,1197,2,Fair,0.7,0
43,17066,310,41812,Unemployed,12089,2,Excellent,0.17,1
70,2794,745,42070,Employed,340,5,Good,0.34,1
19,16596,413,28147,Self-Employed,5015,0,Good,0.25,1
37,5565,495,36502,Employed,14235,4,Good,0.58,0
45,15590,622,26406,Employed,2861,8,Good,0.25,1
64,19487,811,2066,Employed,12483,8,Poor,0.15,1
24,19206,464,5970,Unemployed,13895,7,Excellent,0.66,1
61,18982,551,24350,Self-Employed,9397,5,Excellent,0.26,1
25,10818,343,30235,Employed,14112,8,Poor,0.53,0
64,9988,769,41562,Unemployed,13424,2,Good,0.24,1
52,12741,788,5114,Employed,8019,8,Good,0.17,1
31,11917,480,29154,Employed,5794,7,Excellent,0.57,1
34,17074,376,46602,Employed,9766,0,Excellent,0.09,1
53,16802,673,39906,Employed,3306,8,Excellent,0.27,1
67,16150,366,29890,Employed,12792,7,Excellent,0.56,1
57,14850,824,22245,Employed,14254,7,Good,0.38,1
21,3596,391,44038,Unemployed,6362,5,Fair,0.5,0
19,13301,543,44266,Self-Employed,9732,8,Fair,0.09,1
23,18059,640,25226,Self-Employed,14064,7,Excellent,0.54,1
71,8669,603,37183,Employed,6308,1,Good,0.16,1
59,14788,697,13595,Employed,3584,5,Good,0.58,1
21,12194,747,28718,Employed,12245,7,Excellent,0.42,1
71,13691,396,40218,Employed,6524,5,Fair,0.53,0
46,19551,630,26143,Student,5303,8,Good,0.19,1
35,12237,504,47178,Employed,1926,4,Poor,0.31,0
43,19707,748,7164,Employed,14704,7,Excellent,0.57,1
61,6647,717,33640,Employed,3519,9,Excellent,0.64,1
51,19240,376,8787,Student,14343,1,Good,0.2,1
27,7699,848,16924,Employed,7787,4,Excellent,0.57,1
53,2046,724,46286,Self-Employed,9597,0,Good,0.12,1
31,6731,728,21449,Employed,7549,4,Poor,0.33,0
48,9465,784,1081,Employed,2013,6,Excellent,0.66,1
65,19967,434,4005,Self-Employed,447,0,Excellent,0.66,1
32,3540,553,9408,Employed,1720,9,Excellent,0.24,1
25,3252,554,1334,Employed,12059,2,Good,0.18,1
31,3349,798,12103,Employed,13465,5,Good,0.15,1
40,4142,783,42712,Employed,4093,0,Fair,0.36,0
74,3100,345,45721,Employed,33,2,Fair,0.11,0
57,15451,742,26169,Employed,496,7,Good,0.28,1
38,13297,303,31494,Self-Employed,11103,8,Good,0.06,1
33,18502,300,44711,Employed,14357,6,Fair,0.22,0
62,2632,589,24452,Employed,1403,3,Good,0.64,0
35,6991,408,27254,Employed,3219,6,Excellent,0.34,1
64,7295,759,4897,Employed,8077,6,Excellent,0.1,1
70,12031,565,5648,Employed,2710,6,Excellent,0.47,1
41,12431,437,10674,Unemployed,9794,7,Good,0.67,1
43,9133,733,18166,Self-Employed,14226,3,Good,0.35,1
42,19371,343,27710,Employed,12877,3,Excellent,0.46,1
62,6509,809,20970,Employed,5670,8,Fair,0.65,1
58,3613,561,4794,Employed,12964,7,Good,0.32,1
46,2544,451,30184,Employed,5218,3,Excellent,0.48,1
32,15423,512,26559,Unemployed,11904,5,Fair,0.34,0
62,3931,533,16344,Employed,14330,8,Good,0.68,1
18,15426,660,46642,Unemployed,3602,5,Excellent,0.38,1
42,3082,619,39365,Employed,14606,4,Poor,0.63,0
24,15874,521,32217,Employed,6104,6,Excellent,0.38,1
26,2808,509,40818,Employed,4096,1,Fair,0.48,0
41,10293,695,6051,Employed,2334,7,Poor,0.3,0
18,3120,788,18126,Self-Employed,6116,6,Fair,0.65,0
61,6266,763,5544,Employed,13226,5,Good,0.47,1
25,6692,751,13875,Employed,1279,2,Poor,0.06,0
41,8122,712,5355,Employed,3245,8,Excellent,0.06,1
28,7593,775,20992,Self-Employed,4949,1,Excellent,0.49,1
68,17984,555,42053,Unemployed,49,3,Good,0.12,1
34,1737,449,47076,Employed,5651,1,Fair,0.52,0
25,12610,426,32074,Self-Employed,10856,5,Good,0.26,1
52,7573,691,3516,Employed,14525,6,Poor,0.4,0
52,4042,779,23622,Self-Employed,9966,8,Excellent,0.16,1
50,16782,696,46923,Unemployed,7210,5,Fair,0.21,1
22,11695,701,49171,Employed,3588,5,Poor,0.33,0
59,3037,573,2479,Employed,4046,4,Good,0.48,1
56,18638,438,18338,Student,65,9,Poor,0.15,0
58,13060,402,28007,Employed,6539,9,Excellent,0.23,1
45,14934,541,41982,Unemployed,5370,3,Poor,0.18,0
24,8896,416,46078,Employed,4223,9,Poor,0.61,0
26,18424,513,22836,Employed,10936,3,Excellent,0.47,1
25,6631,783,30246,Unemployed,187,3,Good,0.35,1
29,10197,828,3547,Employed,5302,4,Good,0.67,1
51,19013,523,38691,Employed,13894,0,Excellent,0.53,1
50,11771,569,29130,Employed,12865,1,Excellent,0.66,1
65,4645,433,49975,Employed,12231,2,Excellent,0.44,0
72,14600,413,1459,Employed,2888,6,Good,0.14,1
40,5567,740,3236,Self-Employed,4857,0,Good,0.49,1
41,5695,664,21830,Unemployed,666,2,Poor,0.18,0
54,10744,531,1580,Employed,7579,6,Good,0.27,1
52,8781,757,15439,Self-Employed,9124,5,Good,0.38,1
61,4009,674,5715,Self-Employed,14414,1,Excellent,0.15,1
57,17002,506,27107,Self-Employed,5138,3,Good,0.06,1
39,8033,819,26944,Self-Employed,10162,0,Poor,0.26,1
44,18565,767,32764,Employed,3852,4,Good,0.59,1
52,16170,742,44394,Employed,4140,1,Good,0.06,1
18,5432,620,28567,Employed,13533,7,Good,0.12,0
52,16095,392,39665,Self-Employed,10368,9,Good,0.57,1
54,14541,707,33425,Employed,617,5,Good,0.25,1
64,7060,457,42432,Employed,13050,0,Excellent,0.66,0
31,5516,398,18242,Employed,13944,1,Good,0.3,0
20,2219,524,44949,Student,792,3,Good,0.57,1
18,1574,740,19824,Self-Employed,9442,2,Poor,0.22,0
22,14661,700,12898,Employed,12185,8,Good,0.09,1
43,3649,363,35480,Self-Employed,2444,0,Excellent,0.62,0
72,15533,578,41123,Unemployed,10514,6,Excellent,0.65,1
31,5707,818,44353,Employed,4233,8,Poor,0.51,0
56,16543,547,18759,Employed,1350,8,Poor,0.55,0
44,10578,667,24068,Employed,11022,5,Excellent,0.05,1
26,13225,397,4669,Employed,14550,6,Poor,0.54,0
32,5436,567,15382,Unemployed,2275,7,Poor,0.36,0
32,10807,359,16436,Self-Employed,6250,2,Good,0.34,0
43,18959,799,19774,Self-Employed,2206,4,Fair,0.4,1
59,6115,607,37030,Employed,1917,3,Good,0.23,0
30,8765,792,5638,Student,13447,8,Good,0.5,1
68,11616,710,3866,Employed,12026,8,Excellent,0.24,1
49,17233,439,10251,Employed,10269,3,Good,0.41,1
56,15392,627,9948,Employed,9313,1,Poor,0.14,0
66,6152,763,23878,Self-Employed,608,0,Fair,0.49,1
69,11973,462,1187,Self-Employed,8960,2,Good,0.17,1
49,10747,359,33270,Employed,783,1,Good,0.16,1
21,18425,330,44341,Employed,11121,4,Good,0.07,1
47,3661,632,21962,Employed,7066,5,Good,0.13,1
54,16088,375,30911,Employed,2389,8,Fair,0.2,0
40,13561,616,20098,Employed,167,3,Good,0.19,1
56,7541,716,8408,Employed,4779,3,Excellent,0.26,1
62,14173,489,17679,Self-Employed,6775,3,Excellent,0.09,1
32,3060,788,4533,Self-Employed,3256,0,Good,0.66,1
60,13454,614,5140,Employed,2479,2,Good,0.13,1
46,19048,595,37810,Employed,7591,3,Good,0.51,1
53,16578,800,27618,Unemployed,12326,0,Good,0.4,1
30,6919,476,21654,Employed,9171,4,Fair,0.41,0
49,4222,514,31775,Employed,10626,9,Good,0.12,1
24,12050,631,41501,Employed,12214,8,Poor,0.21,0
68,18354,427,15676,Employed,2816,0,Excellent,0.56,1
39,2968,568,7005,Employed,8982,6,Poor,0.35,0
45,2308,834,6870,Employed,13029,1,Excellent,0.35,1
19,8219,665,4904,Employed,1474,9,Good,0.4,1
59,17863,647,49235,Employed,8125,8,Good,0.33,1
62,12091,441,12973,Employed,11378,3,Good,0.57,0
74,6573,444,47976,Self-Employed,4001,2,Poor,0.54,0
70,9512,544,3261,Self-Employed,10640,6,Excellent,0.26,1
23,19529,741,46813,Employed,7471,5,Good,0.58,1
45,15392,589,18804,Employed,11866,9,Fair,0.39,1
45,9749,411,24077,Employed,11572,7,Excellent,0.46,1
61,19013,513,48276,Employed,7740,8,Poor,0.61,0
61,16647,499,25680,Self-Employed,9318,6,Good,0.36,1
37,19237,704,17862,Employed,9942,5,Poor,0.54,0
47,2267,720,22902,Employed,12389,7,Good,0.46,0
28,5395,306,40345,Employed,6026,8,Good,0.33,0
72,11700,824,40553,Employed,4750,7,Good,0.56,1
45,8829,585,9884,Employed,11353,5,Fair,0.12,0
42,16832,688,4038,Unemployed,11381,7,Excellent,0.43,1
56,16121,715,33961,Employed,7306,8,Good,0.08,1
50,12834,449,32562,Employed,13614,5,Excellent,0.15,1
18,19674,727,27065,Unemployed,8943,5,Good,0.44,1
74,2385,592,33084,Employed,13828,1,Excellent,0.25,1
44,9234,633,12801,Employed,1232,8,Poor,0.22,0
74,5406,571,21957,Unemployed,14422,7,Good,0.67,1
69,5992,342,3580,Employed,6081,4,Good,0.29,0
30,11230,767,27544,Unemployed,9050,9,Fair,0.42,1
58,3573,618,46647,Employed,4414,2,Fair,0.4,0
20,18196,791,46013,Student,3860,8,Excellent,0.09,1
56,7769,826,33454,Self-Employed,13254,9,Good,0.49,1
23,18694,471,47401,Employed,4728,6,Poor,0.38,0
25,8341,620,12277,Unemployed,12133,8,Excellent,0.3,1
44,12455,343,41391,Employed,13401,6,Good,0.09,1
26,3532,831,33988,Employed,7645,7,Good,0.24,1
54,11199,753,1875,Employed,2699,9,Good,0.62,1
50,14237,382,12654,Self-Employed,7279,4,Poor,0.16,0
68,12262,842,2196,Self-Employed,8074,9,Good,0.19,1
59,8629,621,42184,Self-Employed,5045,9,Excellent,0.18,1
61,10288,533,24398,Self-Employed,2000,5,Poor,0.63,0
41,3647,839,15370,Self-Employed,13705,7,Fair,0.5,1
32,2115,551,29517,Employed,6006,6,Good,0.62,0
71,2447,748,29859,Unemployed,239,0,Excellent,0.64,1
49,7177,538,2247,Self-Employed,7439,9,Poor,0.65,0
49,9366,789,25564,Self-Employed,2190,3,Excellent,0.37,1
41,3513,763,47018,Student,14030,7,Good,0.36,1
58,18374,613,8111,Employed,4214,8,Excellent,0.59,1
69,6487,474,21973,Employed,4691,5,Poor,0.27,0
66,10233,479,35654,Self-Employed,2015,3,Fair,0.06,1
66,10979,684,1310,Employed,5370,1,Good,0.27,1
69,11325,594,11760,Employed,162,8,Fair,0.52,1
29,4426,514,18988,Unemployed,4749,0,Poor,0.13,0
56,8782,374,23043,Employed,8541,4,Poor,0.56,0
19,17135,643,25944,Unemployed,30,7,Fair,0.58,1
20,17347,441,37314,Student,6601,3,Fair,0.12,0
66,10990,498,39119,Employed,8005,0,Good,0.11,1
54,8486,470,25401,Self-Employed,10330,3,Good,0.18,0
66,8362,705,18381,Employed,2175,4,Fair,0.28,1
73,13659,527,34264,Self-Employed,2826,4,Fair,0.4,0
34,5923,710,23069,Employed,3619,0,Poor,0.37,0
66,11950,361,43964,Unemployed,5065,1,Excellent,0.6,1
19,9659,626,2198,Employed,847,5,Good,0.14,1
19,3573,432,44305,Employed,791,9,Good,0.5,0
45,18585,488,6910,Self-Employed,7892,4,Fair,0.41,0
71,11611,655,6484,Employed,508,8,Excellent,0.53,1
40,8325,370,47165,Self-Employed,7079,6,Fair,0.27,0
54,12152,562,1576,Student,13032,4,Good,0.36,1
49,13954,605,33821,Employed,13027,8,Good,0.07,1
50,9468,523,49757,Self-Employed,14192,0,Good,0.13,1
18,14016,627,45392,Employed,7977,2,Good,0.29,1
36,15790,373,49603,Employed,14326,1,Fair,0.36,1
19,9276,810,33996,Employed,4332,6,Poor,0.11,1
70,10058,441,26354,Employed,14294,8,Good,0.59,0
61,10219,401,49958,Employed,13844,1,Fair,0.66,0
43,6386,364,31229,Employed,7775,5,Good,0.44,1
49,6119,492,13022,Employed,9204,1,Fair,0.08,0
23,15456,361,1984,Employed,3024,2,Good,0.53,0
49,11845,831,13660,Self-Employed,3070,0,Good,0.19,1
72,8375,540,26044,Employed,1074,5,Fair,0.53,0
21,11600,709,19851,Employed,5968,1,Good,0.33,1
72,9356,599,43809,Employed,14134,2,Excellent,0.08,1
28,6901,494,34299,Employed,468,5,Poor,0.23,0
73,4522,753,14711,Student,1915,5,Good,0.33,1
34,13175,600,12227,Unemployed,4483,3,Good,0.53,1
55,12412,755,9028,Employed,7229,0,Good,0.14,1
41,7238,501,17945,Employed,13654,6,Fair,0.24,0
22,16626,601,33857,Unemployed,7320,1,Excellent,0.1,1
69,3270,636,39503,Unemployed,735,5,Excellent,0.45,1
51,13805,331,26982,Employed,8133,6,Good,0.36,1
23,11469,397,36913,Self-Employed,12941,1,Good,0.65,0
39,13904,490,2292,Employed,14376,5,Excellent,0.53,1
28,10489,840,24880,Employed,13797,0,Good,0.56,1
65,4715,347,33538,Employed,8169,5,Excellent,0.16,1
33,13480,549,8559,Student,5048,7,Fair,0.22,1
50,8194,525,37549,Self-Employed,5821,7,Fair,0.38,0
26,18636,571,36159,Employed,11048,6,Excellent,0.06,1
23,12161,784,22539,Employed,5676,3,Excellent,0.62,1
33,2892,627,14204,Employed,4477,3,Fair,0.56,0
46,8289,479,3252,Employed,95,4,Fair,0.09,0
20,15885,322,37659,Employed,9103,7,Fair,0.6,0
37,18561,669,10866,Employed,13074,3,Good,0.05,1
53,1605,544,38997,Employed,4388,8,Poor,0.12,0
36,12979,459,25800,Employed,11498,2,Fair,0.09,0
43,3446,672,8553,Employed,4436,8,Excellent,0.36,1
20,7044,584,33831,Employed,8910,1,Good,0.56,1
36,18979,820,2787,Employed,11196,5,Good,0.17,1
37,14775,749,45810,Employed,6681,4,Excellent,0.55,1
49,8485,435,41837,Employed,9565,4,Poor,0.17,0
24,3282,395,12726,Employed,7015,5,Fair,0.69,0
69,7713,418,4915,Employed,7374,9,Excellent,0.6,1
58,15985,673,48423,Unemployed,5055,6,Poor,0.53,0
50,17105,573,46412,Employed,7658,3,Good,0.43,1
57,6369,476,1092,Employed,10620,3,Good,0.21,1
56,19445,576,11934,Employed,7002,8,Fair,0.13,1
35,11367,437,30995,Employed,14934,3,Good,0.35,1
57,5481,431,33469,Employed,6010,7,Good,0.31,0
18,10993,343,2677,Self-Employed,3681,9,Excellent,0.49,0
28,7182,422,29242,Unemployed,7190,0,Good,0.16,0
45,7282,435,22892,Self-Employed,2809,3,Good,0.42,0
74,18827,666,23114,Employed,14699,1,Good,0.5,1
42,10637,672,37632,Employed,11411,9,Good,0.24,1
67,18484,425,28057,Self-Employed,10805,4,Good,0.56,0
40,14512,738,45916,Employed,13256,1,Good,0.33,1
48,3024,350,45031,Student,6035,6,Good,0.16,0
47,18134,436,48881,Employed,6126,9,Excellent,0.18,1
59,1578,457,38355,Self-Employed,13862,6,Excellent,0.23,1
52,4623,355,32532,Employed,8696,8,Good,0.15,0
24,8564,727,11169,Employed,14157,3,Excellent,0.42,1
33,14568,742,35566,Employed,6128,4,Excellent,0.67,1
43,9917,625,47550,Employed,10457,2,Excellent,0.63,1
65,14862,379,31740,Student,5978,6,Excellent,0.26,1
74,2709,773,47176,Employed,14817,4,Good,0.61,1
69,6653,676,11030,Employed,4060,8,Good,0.67,1
66,6398,632,11752,Unemployed,2984,6,Excellent,0.24,1
19,12371,474,8051,Employed,2796,3,Excellent,0.64,1
18,9110,740,43623,Employed,5444,6,Excellent,0.7,1
65,12577,425,11589,Self-Employed,4931,0,Good,0.57,1
29,17291,518,12395,Self-Employed,3926,1,Fair,0.3,0
22,4044,577,13833,Student,7956,2,Excellent,0.45,1
54,7022,784,1598,Self-Employed,3808,4,Good,0.29,1
49,3870,440,15367,Self-Employed,8680,4,Excellent,0.7,0
72,6210,409,19428,Unemployed,13719,6,Excellent,0.09,1
26,1828,351,17642,Employed,7311,8,Good,0.63,0
58,15183,618,21955,Employed,6943,9,Good,0.1,1
52,7079,498,41771,Self-Employed,10450,8,Excellent,0.08,1
36,14622,345,11097,Employed,2713,5,Excellent,0.66,1
65,8294,804,14207,Employed,12546,6,Excellent,0.61,1
33,1620,839,23560,Self-Employed,9442,7,Fair,0.29,0
20,8249,813,24426,Student,6118,3,Good,0.67,1
37,15263,316,45592,Employed,5713,6,Excellent,0.61,0
41,18848,614,1797,Employed,12152,5,Fair,0.64,1
71,16950,735,44463,Employed,14707,7,Excellent,0.44,1
73,5175,687,6713,Employed,1414,0,Excellent,0.67,1
50,19960,376,41079,Employed,9183,4,Excellent,0.58,1
41,7143,670,21404,Employed,6231,2,Excellent,0.66,1
69,13060,464,6911,Employed,8591,8,Excellent,0.23,1
28,19200,323,4954,Employed,12596,8,Poor,0.4,0
66,19080,334,43587,Unemployed,4055,2,Fair,0.61,0
25,16883,813,5312,Self-Employed,4099,9,Good,0.43,1
53,4670,760,31875,Employed,5292,1,Good,0.57,1
55,1855,437,42748,Employed,9759,4,Good,0.68,0
57,11218,564,19440,Employed,3817,3,Good,0.57,1
37,1528,632,16828,Student,10465,6,Fair,0.25,0
52,16331,487,31898,Employed,6482,7,Good,0.13,1
65,18897,362,47720,Unemployed,5325,3,Excellent,0.23,1
42,12394,578,40870,Self-Employed,9317,2,Excellent,0.48,1
52,10519,841,46428,Employed,6201,8,Poor,0.06,0
42,14138,470,16427,Employed,5900,7,Excellent,0.17,1
46,16389,802,30641,Unemployed,13461,6,Fair,0.26,1
35,3524,832,23169,Employed,3323,7,Good,0.62,1
63,7339,598,35215,Employed,7646,7,Good,0.08,1
35,15003,500,46419,Employed,2603,9,Excellent,0.08,1
19,11803,434,48880,Employed,11691,7,Good,0.41,0
71,18638,571,2951,Employed,1565,0,Good,0.17,1
52,19122,834,22954,Student,9110,3,Good,0.21,1
33,3406,741,14827,Employed,4619,9,Good,0.17,1
58,8899,386,9965,Self-Employed,12813,6,Good,0.43,1
53,9461,330,34096,Employed,1315,5,Good,0.09,1
50,13531,420,9985,Employed,7367,2,Fair,0.66,0
21,16628,368,33641,Employed,4119,2,Poor,0.13,0
50,17163,795,23897,Student,1654,3,Poor,0.67,0
31,2960,445,46652,Employed,3458,9,Good,0.56,0
38,17182,632,6973,Self-Employed,9805,5,Excellent,0.59,1
65,16693,780,18794,Employed,241,0,Excellent,0.16,1
37,19300,562,8714,Self-Employed,4298,9,Good,0.49,1
73,12545,592,2137,Employed,4332,3,Fair,0.58,1
25,9266,728,38240,Employed,9142,8,Good,0.41,1
24,19312,385,37042,Employed,3069,6,Good,0.41,1
20,5878,315,4273,Employed,8485,5,Fair,0.15,0
34,9029,417,23627,Employed,13398,4,Excellent,0.32,1
50,4571,569,33193,Employed,4305,1,Poor,0.15,0
65,18439,694,16151,Self-Employed,8979,1,Good,0.68,1
29,19447,461,11155,Employed,1632,5,Excellent,0.5,1
68,13192,403,27741,Employed,3073,8,Fair,0.08,0
39,2540,466,23948,Self-Employed,4070,8,Poor,0.36,0
72,4186,599,39130,Employed,2276,0,Fair,0.46,0
39,14166,327,5636,Employed,12697,6,Fair,0.11,1
63,4053,723,39114,Employed,11506,6,Fair,0.48,0
47,3279,455,32649,Unemployed,13250,9,Good,0.17,0
55,14686,623,44706,Employed,9683,1,Good,0.32,1
55,17959,647,37976,Employed,12745,9,Excellent,0.46,1
62,6557,420,38236,Employed,2601,3,Excellent,0.29,1
68,3762,827,3346,Employed,10452,7,Good,0.3,1
71,11808,463,14984,Employed,10023,5,Fair,0.6,0
25,18276,361,2042,Employed,14216,6,Good,0.25,1
44,18992,639,14063,Employed,8577,9,Good,0.48,1
44,6688,611,21490,Employed,13723,5,Poor,0.6,0
51,10302,675,41967,Employed,7682,8,Good,0.15,1
38,6557,645,37499,Employed,527,9,Poor,0.08,0
47,5498,449,43533,Employed,1411,9,Fair,0.59,0
50,10364,476,8302,Employed,11542,8,Good,0.41,1
45,5177,653,22876,Employed,5085,5,Excellent,0.59,1
64,7296,813,17294,Employed,4197,5,Excellent,0.19,1
50,15950,608,3302,Employed,13900,8,Good,0.59,0
22,7863,418,20017,Employed,389,9,Good,0.11,0
65,9623,818,43311,Employed,9417,8,Good,0.62,1
36,9722,777,1361,Self-Employed,3638,2,Fair,0.58,1
21,15154,713,39261,Student,3792,6,Good,0.42,1
52,19284,650,18171,Employed,13703,2,Good,0.45,1
66,5571,805,42226,Employed,840,3,Fair,0.27,0
34,10308,494,30327,Employed,9569,8,Good,0.18,1
61,4286,486,6092,Employed,5712,9,Excellent,0.35,1
45,2370,749,17937,Self-Employed,14067,7,Excellent,0.48,1
47,5696,795,41793,Employed,234,5,Excellent,0.7,1
46,13296,814,14817,Employed,113,5,Fair,0.58,1
63,4239,572,10779,Employed,6079,7,Good,0.33,1
70,2440,351,5516,Employed,3138,1,Good,0.53,0
23,1840,562,40219,Employed,808,4,Good,0.12,1
52,5633,667,31114,Employed,5159,6,Good,0.32,1
58,18543,432,15530,Employed,7900,2,Good,0.33,1
54,11725,524,10310,Employed,10342,7,Fair,0.7,0
41,11252,609,35281,Employed,410,2,Good,0.3,1
46,4957,315,24809,Self-Employed,1318,3,Fair,0.1,0
66,11348,494,47104,Employed,12278,9,Fair,0.09,1
63,10741,742,22735,Employed,5684,9,Excellent,0.5,1
70,1953,602,45363,Employed,4903,5,Good,0.24,1
48,11396,347,7749,Self-Employed,9779,5,Fair,0.61,0
52,12476,420,28637,Employed,9252,1,Fair,0.36,1
50,17372,798,8005,Employed,66,1,Excellent,0.26,1
69,2318,768,30898,Employed,6546,2,Excellent,0.54,1
38,6368,340,24538,Student,13985,2,Good,0.32,0
49,17896,755,38206,Self-Employed,2253,3,Excellent,0.53,1
40,13671,833,46648,Employed,8532,3,Excellent,0.51,1
50,2420,670,22708,Employed,8187,3,Excellent,0.52,1
20,11006,481,46024,Employed,5953,9,Excellent,0.61,1
35,7975,816,43944,Employed,12169,9,Good,0.6,1
42,3517,530,26467,Self-Employed,13363,2,Fair,0.48,0
59,9457,647,15412,Self-Employed,10665,0,Excellent,0.67,1
48,17730,778,30378,Employed,955,8,Good,0.06,1
71,10920,508,48055,Self-Employed,4304,1,Good,0.65,0
20,6292,577,29102,Employed,5633,2,Fair,0.15,0
57,14737,352,14044,Employed,2010,1,Good,0.19,1
63,17751,309,32309,Employed,6819,5,Excellent,0.58,1
41,12207,763,19239,Employed,1888,5,Fair,0.31,1
67,2938,457,3435,Employed,368,0,Fair,0.33,0
49,5043,318,44934,Employed,1762,3,Good,0.22,1
64,12867,354,24164,Employed,993,9,Excellent,0.2,1
39,19665,320,36866,Employed,8273,4,Excellent,0.12,1
40,17020,581,4386,Unemployed,1187,5,Excellent,0.18,1
19,7843,839,6440,Student,376,4,Excellent,0.42,1
44,3763,716,46503,Employed,2,2,Excellent,0.51,1
59,11661,584,43776,Employed,683,2,Excellent,0.53,1
19,1711,831,7436,Self-Employed,11381,2,Good,0.29,1
43,15309,831,8403,Employed,3727,5,Fair,0.65,1
34,8527,810,24242,Employed,763,3,Fair,0.26,1
57,1831,695,44464,Employed,8457,3,Excellent,0.12,1
50,9669,419,3939,Employed,2482,2,Poor,0.66,0
26,10633,396,18222,Employed,10921,3,Fair,0.4,0
60,16091,419,28277,Employed,724,7,Excellent,0.68,1
71,17625,836,22143,Self-Employed,2840,2,Excellent,0.31,1
65,2227,452,4138,Employed,5346,9,Excellent,0.54,1
56,12554,544,21989,Employed,2423,2,Fair,0.12,1
46,4743,815,4162,Employed,5381,5,Excellent,0.61,1
59,18532,692,3752,Employed,10605,0,Excellent,0.16,1
72,6595,442,26765,Self-Employed,13054,9,Good,0.09,0
43,15309,803,46657,Employed,2475,5,Fair,0.11,1
52,12429,519,1837,Self-Employed,5127,8,Good,0.41,1
67,16342,459,29474,Employed,6049,2,Good,0.24,1
42,18893,375,13043,Employed,9256,1,Excellent,0.67,1
41,3050,331,49565,Employed,5997,2,Good,0.6,0
30,10495,633,48154,Employed,7424,2,Good,0.57,1
24,16666,824,36501,Employed,6786,1,Good,0.58,1
74,8992,739,45770,Employed,6707,3,Good,0.63,1
53,14001,651,48369,Student,13413,7,Excellent,0.61,1
62,17067,638,25072,Unemployed,5338,6,Excellent,0.65,1
37,14765,699,38974,Employed,2291,9,Excellent,0.66,1
18,6924,695,3653,Employed,11084,8,Excellent,0.24,1
25,15586,501,23524,Employed,5034,7,Excellent,0.19,1
63,4661,829,20733,Employed,4398,6,Excellent,0.47,1
33,10715,392,37078,Employed,4465,5,Good,0.13,0
31,8117,657,38448,Employed,4946,2,Excellent,0.19,1
29,13426,695,19770,Employed,10514,9,Fair,0.55,1
68,16592,359,38959,Employed,14405,3,Fair,0.47,0
40,17660,776,38443,Employed,8238,7,Good,0.47,1
32,19060,300,13804,Student,10356,1,Good,0.67,0
45,17138,610,17210,Employed,3661,5,Poor,0.48,0
51,3733,467,35029,Employed,2564,0,Good,0.33,0
19,6200,491,8633,Employed,3325,6,Fair,0.23,0
49,12527,333,9312,Employed,4927,3,Fair,0.27,0
40,9360,333,39300,Unemployed,10858,0,Poor,0.23,0
39,9026,716,21229,Employed,755,4,Good,0.07,1
68,7059,457,3884,Student,11436,4,Excellent,0.22,1
42,8232,799,44577,Employed,1452,5,Excellent,0.59,1
39,4013,665,21522,Self-Employed,6179,7,Good,0.52,1
39,9330,639,6623,Employed,904,3,Good,0.45,1
66,16281,634,12460,Unemployed,2454,6,Excellent,0.64,1
69,9410,626,11234,Employed,3487,3,Excellent,0.22,1
59,17347,413,19503,Employed,4060,1,Fair,0.43,1
23,7149,717,25100,Employed,5804,7,Good,0.07,1
32,18980,767,17874,Self-Employed,14747,4,Good,0.63,1
71,10620,442,47905,Unemployed,14823,9,Fair,0.34,0
60,3451,608,30420,Employed,11955,3,Good,0.17,1
54,11665,700,36813,Employed,8970,1,Excellent,0.21,1
50,15852,619,1382,Employed,1790,6,Fair,0.6,1
25,11246,511,39353,Employed,14226,4,Excellent,0.12,1
70,12470,616,10369,Self-Employed,13119,8,Fair,0.65,0
61,10686,484,35985,Employed,7488,6,Fair,0.29,0
61,10304,504,43255,Employed,13384,8,Good,0.21,1
22,2095,663,24661,Employed,7736,9,Good,0.27,1
56,9375,515,46486,Self-Employed,1601,9,Good,0.32,1
21,7472,545,48883,Employed,12931,4,Fair,0.41,0
23,17382,538,1650,Employed,12700,5,Excellent,0.43,1
62,2358,690,41937,Student,3843,7,Good,0.34,1
49,7019,819,22299,Employed,6267,9,Excellent,0.34,1
69,11480,576,27862,Self-Employed,3675,5,Poor,0.24,0
47,5817,501,32153,Employed,12049,3,Poor,0.3,0
64,13644,513,17312,Employed,1005,1,Fair,0.35,0
52,14379,777,11943,Unemployed,10892,5,Good,0.44,1
72,2530,807,4198,Self-Employed,231,8,Excellent,0.13,1
57,10987,374,18325,Employed,11845,7,Good,0.55,0
69,14805,441,9732,Employed,6576,2,Fair,0.49,0
33,11755,621,6805,Employed,4586,4,Good,0.24,1
30,2947,760,19913,Employed,13998,5,Good,0.35,0
67,11737,445,2202,Self-Employed,2133,6,Fair,0.67,0
59,4350,353,18034,Self-Employed,12028,1,Good,0.06,0
47,13453,655,4006,Unemployed,1690,5,Fair,0.58,0
36,9606,576,9505,Employed,1223,1,Good,0.38,1
34,11500,699,21498,Employed,4970,7,Excellent,0.45,1
73,11003,815,43143,Employed,2203,6,Fair,0.49,1
36,16993,798,46873,Employed,9089,1,Fair,0.35,1
45,5555,610,17505,Employed,14867,3,Good,0.17,1
72,6902,570,7603,Unemployed,7882,6,Good,0.64,0
43,10781,748,25744,Employed,10061,8,Fair,0.53,1
54,3172,411,4682,Employed,8343,2,Fair,0.41,0
43,6032,538,14460,Employed,1351,9,Poor,0.34,0
70,6424,443,14559,Employed,171,9,Good,0.37,0
40,16769,673,29544,Unemployed,5524,7,Good,0.59,1
26,14046,319,7864,Employed,1429,8,Fair,0.06,0
29,7585,588,24778,Self-Employed,8008,7,Good,0.61,0
70,13890,496,15234,Employed,4857,3,Good,0.08,1
18,14780,681,29593,Employed,5817,3,Good,0.45,1
18,6364,791,45657,Self-Employed,3433,6,Good,0.27,1
64,10816,463,2729,Employed,3199,3,Excellent,0.49,1
51,2721,548,45515,Employed,10090,9,Excellent,0.11,1
49,4360,367,23336,Employed,1359,9,Good,0.41,0
71,12202,320,35936,Employed,5873,6,Good,0.61,0
65,9928,811,13413,Employed,8884,8,Fair,0.37,1
42,16885,689,48652,Employed,7432,8,Excellent,0.1,1
57,10836,835,30764,Employed,14530,8,Good,0.07,1
62,4753,410,46741,Employed,14069,9,Poor,0.45,0
70,5282,759,8668,Employed,99,9,Good,0.1,1
18,18650,377,14260,Employed,13875,5,Good,0.1,0
33,17843,733,12308,Employed,3442,0,Fair,0.33,1
56,11451,679,9896,Employed,3049,7,Fair,0.19,1
22,17769,739,40408,Employed,13196,5,Good,0.18,1
39,16067,638,20283,Employed,10112,6,Fair,0.36,1
46,13183,723,20591,Employed,8619,1,Excellent,0.23,1
72,5013,468,26282,Employed,586,2,Good,0.19,0
20,18379,561,14919,Employed,11159,5,Fair,0.38,0
29,14835,528,8674,Employed,11396,2,Good,0.24,1
43,12872,460,31699,Employed,255,4,Poor,0.1,0
33,7322,726,31840,Student,1473,3,Excellent,0.49,1
68,16337,421,19392,Employed,720,4,Good,0.43,1
54,13622,448,32960,Self-Employed,2000,7,Good,0.19,1
39,3572,410,5721,Employed,14739,3,Good,0.43,0
74,10029,520,30197,Employed,3007,8,Excellent,0.67,1
46,7459,363,27173,Employed,13966,2,Excellent,0.67,0
31,10607,653,2066,Employed,10819,6,Poor,0.4,0
45,7493,773,43906,Employed,7946,6,Fair,0.11,1
22,6521,784,28375,Employed,4502,0,Good,0.35,1
64,15046,312,2918,Employed,13696,2,Good,0.07,0
66,11674,452,10457,Employed,14249,9,Good,0.32,0
47,17638,538,11726,Employed,10481,0,Fair,0.64,0
63,13259,489,15282,Employed,6190,7,Good,0.35,1
69,10690,385,25815,Employed,12402,9,Fair,0.41,0
22,14386,320,23594,Self-Employed,5112,4,Poor,0.15,0
29,18279,618,8448,Self-Employed,1731,3,Good,0.06,1
33,18822,457,2142,Employed,4901,2,Excellent,0.7,1
43,11328,780,21232,Employed,2177,6,Good,0.27,1
43,4010,375,2415,Employed,1580,7,Fair,0.23,0
65,19533,628,7374,Employed,3226,7,Good,0.42,1
38,4935,715,27974,Student,9185,0,Fair,0.53,0
56,4701,502,34528,Employed,10188,6,Fair,0.21,0
53,16653,528,4642,Unemployed,4590,4,Good,0.39,1
50,1558,451,18936,Unemployed,1852,1,Good,0.27,0
47,12622,371,32914,Employed,81,7,Good,0.36,0
54,4471,524,10347,Employed,3850,1,Excellent,0.15,1
40,11219,772,25932,Self-Employed,3012,5,Good,0.38,1
27,15517,659,24593,Employed,2716,4,Excellent,0.08,1
71,9814,839,2328,Employed,7192,5,Fair,0.6,1
22,11128,345,19760,Employed,7501,9,Poor,0.46,0
53,10854,300,20625,Employed,5301,7,Excellent,0.66,0
51,12992,544,27567,Employed,1455,8,Good,0.44,1
69,4845,518,13063,Employed,9389,2,Good,0.17,1
48,16857,590,32630,Employed,6952,2,Fair,0.36,1
27,2061,757,27961,Student,14309,6,Good,0.48,1
36,7761,503,4140,Employed,3112,2,Excellent,0.29,1
49,3237,501,18265,Employed,6588,9,Excellent,0.41,1
18,10596,781,9730,Employed,11108,4,Excellent,0.16,1
73,14182,810,15057,Employed,7562,9,Poor,0.56,1
22,13223,577,4557,Employed,8107,3,Good,0.64,1
62,13598,315,30114,Self-Employed,9503,8,Poor,0.25,0
21,10626,824,14211,Employed,8752,7,Good,0.57,1
33,14889,655,48154,Self-Employed,5381,8,Good,0.11,1
41,9766,655,19580,Self-Employed,14067,5,Fair,0.21,0
33,1794,377,19334,Employed,2104,1,Fair,0.35,0
72,12934,366,10802,Employed,2053,7,Excellent,0.3,1
19,6830,513,23321,Employed,7726,0,Excellent,0.45,1
66,6155,748,36931,Employed,9790,4,Excellent,0.42,1
45,18993,732,38231,Employed,944,1,Fair,0.11,1
49,14960,844,5007,Employed,8085,6,Fair,0.14,1
44,5271,414,5675,Self-Employed,8770,4,Excellent,0.08,1
37,10063,719,15058,Employed,9106,9,Excellent,0.67,1
41,19058,798,38519,Self-Employed,14006,2,Good,0.47,1
29,2664,679,7219,Employed,8353,6,Good,0.61,1
67,10975,442,16445,Self-Employed,7464,2,Good,0.4,1
52,13888,323,9418,Employed,5736,5,Poor,0.18,0
50,15469,838,24914,Self-Employed,774,3,Fair,0.46,1
50,9934,374,30630,Employed,56,9,Excellent,0.38,0
68,8762,834,41503,Employed,6671,1,Excellent,0.32,1
60,3041,340,42551,Employed,7226,8,Good,0.29,0
54,4265,712,29695,Self-Employed,9381,5,Good,0.47,1
29,11806,714,31434,Employed,4044,4,Fair,0.45,0
20,5991,748,15456,Student,545,4,Good,0.15,1
18,4583,735,31185,Employed,14381,7,Good,0.58,1
50,3357,538,25156,Employed,2980,4,Good,0.46,0
57,2269,341,46908,Employed,4906,7,Excellent,0.4,0
27,19306,309,44631,Employed,12334,7,Good,0.54,0
60,4472,564,48993,Self-Employed,9605,0,Fair,0.15,0
61,19756,744,3078,Employed,6395,3,Fair,0.65,1
46,7099,438,31350,Employed,14501,8,Excellent,0.23,0
30,6775,495,45910,Employed,10607,1,Good,0.22,0
29,8071,373,13073,Employed,5498,3,Good,0.58,0
48,6572,524,24778,Employed,12275,3,Fair,0.27,1
63,11131,401,24397,Employed,3388,0,Good,0.59,0
19,12745,563,4321,Employed,3203,9,Fair,0.26,1
68,16206,460,13337,Employed,1412,9,Excellent,0.41,1
67,6963,532,48829,Self-Employed,10821,6,Good,0.2,1
52,8950,790,7011,Employed,571,0,Fair,0.53,1
40,12595,610,40855,Employed,1740,4,Fair,0.16,1
34,2813,526,10996,Employed,3927,7,Excellent,0.63,1
43,9347,572,35498,Employed,347,3,Good,0.29,1
25,18954,616,47845,Employed,844,4,Excellent,0.36,1
46,10666,385,21046,Employed,2665,9,Fair,0.07,0
43,11430,590,22494,Self-Employed,4592,2,Fair,0.68,0
27,4785,768,7618,Employed,12983,4,Excellent,0.58,1
43,4595,703,7899,Employed,5969,2,Good,0.34,1
51,18204,726,32322,Employed,6074,3,Good,0.65,1
68,2055,674,34797,Employed,14846,2,Excellent,0.66,1
58,6932,551,16128,Self-Employed,3590,4,Fair,0.4,0
24,2886,832,34179,Employed,10691,1,Excellent,0.2,1
21,12739,606,2981,Self-Employed,8734,8,Good,0.37,1
70,12119,729,43307,Employed,215,2,Good,0.26,1
67,8354,563,35073,Self-Employed,6613,9,Fair,0.34,0
62,11696,367,13478,Employed,11092,0,Excellent,0.64,1
28,17533,406,47014,Employed,14639,4,Good,0.23,1
46,9137,699,27429,Employed,12585,3,Excellent,0.6,1
73,14462,498,38363,Self-Employed,1369,1,Fair,0.66,1
53,16440,491,12697,Unemployed,8477,7,Excellent,0.57,1
42,12118,813,16422,Employed,8052,8,Fair,0.39,1
38,5293,741,43436,Unemployed,3059,5,Good,0.42,1
74,8873,300,39380,Self-Employed,12413,7,Excellent,0.58,0
53,4013,657,31341,Employed,50,1,Excellent,0.08,1
27,3827,414,3037,Employed,5538,5,Excellent,0.53,0
54,10309,496,10522,Employed,1725,0,Fair,0.39,1
26,7952,573,22259,Self-Employed,4566,9,Good,0.31,0
41,9142,459,12998,Employed,9591,2,Poor,0.55,0
52,15935,472,8086,Employed,11628,6,Excellent,0.22,1
66,2492,844,2149,Unemployed,11495,0,Excellent,0.63,1
52,6924,757,23792,Employed,7857,5,Poor,0.5,1
65,5881,732,17390,Self-Employed,10909,6,Fair,0.45,1
53,6282,780,35204,Employed,7826,2,Fair,0.39,1
35,8960,754,37018,Self-Employed,13791,7,Poor,0.19,1
66,4483,495,29115,Employed,1329,7,Poor,0.45,0
56,15682,608,25047,Employed,4533,4,Excellent,0.52,1
49,4023,793,18078,Employed,3322,1,Excellent,0.06,1
41,11177,738,22471,Unemployed,2898,1,Excellent,0.29,1
40,11792,658,15263,Employed,10581,4,Fair,0.59,0
49,16589,335,5843,Employed,8940,3,Good,0.46,1
54,6081,333,13433,Employed,523,3,Good,0.45,0
29,13407,387,12559,Self-Employed,8846,4,Fair,0.2,1
66,7109,315,5952,Employed,4601,0,Good,0.46,0
72,19885,720,41610,Employed,12686,6,Excellent,0.56,1
30,19271,425,33793,Self-Employed,2953,2,Good,0.31,1
40,12875,307,21931,Self-Employed,3189,9,Excellent,0.17,1
42,18914,771,3153,Employed,2108,9,Good,0.1,1
52,11457,767,29911,Employed,10130,7,Excellent,0.38,1
58,14455,809,9019,Employed,1204,8,Excellent,0.49,1
47,2720,701,20873,Unemployed,4039,7,Fair,0.16,0
34,14663,475,42291,Self-Employed,4082,1,Poor,0.32,0
66,14789,666,32631,Self-Employed,6456,6,Poor,0.42,1
37,14037,787,38929,Self-Employed,12254,3,Excellent,0.15,1
65,11310,317,18028,Employed,8456,4,Fair,0.23,0
42,10955,355,35620,Employed,5148,9,Good,0.45,1
39,10563,334,41491,Employed,3334,4,Fair,0.52,0
30,2334,646,49474,Employed,711,8,Fair,0.46,0
36,3224,331,11623,Unemployed,9104,1,Poor,0.51,0
66,3913,432,20968,Employed,5710,1,Excellent,0.43,1
53,11005,498,4809,Unemployed,13967,2,Fair,0.59,0
29,5998,555,35079,Unemployed,9926,4,Fair,0.59,0
58,3605,641,28371,Self-Employed,14674,3,Excellent,0.57,0
36,4068,530,44966,Employed,9637,9,Good,0.42,0
29,10830,600,40006,Employed,10328,9,Excellent,0.7,1
26,18093,846,32739,Employed,331,8,Poor,0.08,1
24,6411,325,8788,Employed,8159,2,Fair,0.18,0
45,18117,834,7977,Employed,12041,0,Good,0.58,1
31,2292,773,40177,Employed,3834,4,Good,0.59,1
48,15695,686,35838,Employed,8343,7,Excellent,0.58,1
69,15401,584,3656,Unemployed,8899,0,Fair,0.62,1
36,17262,749,5134,Unemployed,14461,0,Excellent,0.32,1
64,10026,619,30431,Employed,7210,5,Good,0.66,1
33,17398,455,4484,Unemployed,8612,6,Fair,0.19,0
70,2714,770,44622,Employed,5804,7,Good,0.66,1
22,16846,719,48312,Self-Employed,7657,7,Good,0.41,1
52,1712,412,46077,Employed,7733,2,Excellent,0.16,0
29,3158,721,39916,Self-Employed,252,3,Excellent,0.53,1
42,13770,584,28274,Self-Employed,9190,8,Good,0.24,1
69,15529,353,21693,Employed,14122,4,Excellent,0.19,1
38,6524,624,39559,Employed,5827,8,Good,0.16,1
53,14539,757,18303,Self-Employed,3555,4,Good,0.07,1
70,6641,564,20594,Unemployed,8484,4,Good,0.55,1
40,19678,681,20103,Unemployed,9432,8,Good,0.37,1
33,7488,512,12858,Employed,8360,5,Good,0.69,0
74,15277,632,16002,Employed,10973,2,Good,0.34,1
56,7078,309,5895,Employed,7807,4,Excellent,0.6,0
62,16551,657,44324,Self-Employed,7552,0,Excellent,0.68,1
70,5345,502,26151,Self-Employed,14351,8,Fair,0.06,0
59,13382,357,10919,Employed,36,9,Good,0.12,1
56,15747,793,45187,Unemployed,1444,9,Good,0.28,1
31,12984,809,22927,Employed,6022,6,Good,0.62,1
48,1878,522,29147,Employed,4391,0,Excellent,0.59,0
22,4793,668,13378,Employed,6578,3,Excellent,0.29,1
52,13130,717,37493,Employed,10559,1,Good,0.18,1
40,15160,846,22545,Employed,7904,2,Good,0.57,1
46,18108,402,45326,Employed,7793,3,Good,0.44,1
60,2237,460,14057,Employed,6677,1,Excellent,0.07,1
28,18119,499,2360,Self-Employed,7466,9,Excellent,0.57,1
35,13970,459,3048,Employed,6717,0,Good,0.67,0
64,18595,435,40020,Employed,7861,3,Good,0.08,1
29,17617,697,44935,Employed,9114,8,Fair,0.24,1
26,16279,691,23482,Employed,10012,8,Excellent,0.58,1
27,19772,405,26663,Unemployed,7183,8,Poor,0.43,0
61,19143,353,33973,Employed,13268,2,Poor,0.69,0
34,8771,576,45446,Employed,10634,0,Good,0.65,1
55,18632,410,16185,Employed,6420,0,Fair,0.17,1
24,13678,523,20699,Self-Employed,4744,2,Poor,0.49,0
63,15990,374,42582,Employed,4378,9,Excellent,0.47,1
30,15363,805,19061,Employed,1662,7,Good,0.12,1
57,3323,313,12479,Self-Employed,998,3,Excellent,0.11,0
59,8352,781,44972,Employed,12373,7,Good,0.42,1
26,14572,488,47607,Employed,4302,6,Excellent,0.31,1
67,12633,663,45597,Employed,12138,7,Poor,0.4,0
44,16611,538,11892,Self-Employed,7830,1,Good,0.21,1
19,8019,700,24931,Self-Employed,14898,7,Poor,0.41,0
22,3277,603,35639,Employed,2524,8,Excellent,0.3,1
46,19106,390,25654,Employed,14054,9,Good,0.63,0
54,16272,691,23942,Employed,6735,5,Good,0.25,1
55,15121,483,7934,Self-Employed,130,2,Good,0.62,1
36,13359,316,30733,Employed,14735,6,Fair,0.3,0
25,19661,311,20612,Employed,12423,8,Good,0.43,1
65,10996,465,36103,Employed,11609,7,Excellent,0.24,1
62,8990,445,32855,Self-Employed,10409,7,Poor,0.58,0
18,10393,581,35493,Employed,3016,6,Good,0.6,1
39,4489,848,10306,Employed,1186,4,Excellent,0.58,1
69,9843,468,39753,Employed,4294,1,Good,0.47,1
34,19209,469,40984,Unemployed,8135,4,Good,0.25,1
24,13414,645,17544,Student,4834,4,Good,0.46,1
42,10498,798,2425,Employed,7215,1,Good,0.67,1
62,4222,759,2733,Employed,7989,9,Good,0.47,1
21,6156,596,46375,Employed,11004,0,Excellent,0.67,1
53,19209,441,11603,Employed,9709,4,Good,0.25,1
23,5633,352,13152,Employed,4198,5,Fair,0.6,0
48,2742,417,16801,Employed,12835,6,Good,0.52,0
36,10039,664,19906,Self-Employed,5,1,Excellent,0.58,1
61,3331,435,30437,Employed,710,5,Good,0.51,0
71,19453,713,17985,Self-Employed,8203,7,Poor,0.36,1
56,8746,376,27935,Self-Employed,2150,5,Fair,0.5,0
44,19802,317,43515,Employed,6842,2,Good,0.66,1
27,4732,702,22068,Employed,14144,2,Excellent,0.32,1
43,5258,504,14531,Unemployed,9905,6,Good,0.67,1
36,7497,798,47753,Self-Employed,4522,1,Excellent,0.08,1
56,12472,623,35288,Employed,12458,2,Good,0.06,1
20,16868,580,36158,Employed,5808,6,Fair,0.37,0
62,3324,465,26481,Unemployed,12376,8,Good,0.6,0
30,12183,542,27226,Employed,11610,0,Excellent,0.21,1
67,5560,778,2117,Employed,4950,4,Good,0.5,1
45,1904,463,33661,Unemployed,3282,1,Fair,0.41,0
37,19605,623,41068,Self-Employed,7892,4,Good,0.24,1
45,12517,507,43484,Employed,5553,5,Fair,0.24,1
25,5345,614,13459,Employed,3604,7,Excellent,0.1,1
58,12884,603,22105,Employed,10839,6,Fair,0.4,0
56,17948,538,39909,Employed,11788,4,Good,0.34,1
18,10991,523,20464,Self-Employed,14761,4,Good,0.24,1
20,14612,387,33554,Employed,7154,1,Good,0.68,0
30,13285,836,41707,Student,7139,5,Good,0.58,1
45,2468,728,5777,Employed,3982,2,Good,0.39,1
74,1868,519,12432,Employed,177,5,Excellent,0.39,1
66,9924,574,15271,Employed,10802,2,Excellent,0.18,1
42,3742,365,4801,Employed,4513,1,Poor,0.47,0
73,4583,722,8057,Self-Employed,8745,7,Good,0.67,1
50,14822,554,27511,Self-Employed,11581,3,Excellent,0.63,1
55,2969,424,8510,Employed,7774,4,Fair,0.11,0
70,6225,445,9099,Unemployed,241,8,Excellent,0.08,1
23,5759,684,16193,Employed,12191,3,Good,0.67,1
61,5122,746,21011,Employed,9571,0,Excellent,0.18,1
62,11792,686,49900,Employed,9788,5,Poor,0.41,0
49,18707,682,21764,Employed,8028,4,Good,0.1,1
62,4931,576,5450,Employed,13749,9,Fair,0.6,0
64,5651,681,15549,Employed,11721,2,Good,0.13,1
38,5713,423,7960,Employed,13753,4,Excellent,0.47,0
33,16735,566,17583,Employed,10196,7,Good,0.09,1
71,10489,410,7996,Employed,7395,0,Good,0.15,1
38,2279,680,19567,Employed,14743,3,Poor,0.38,0
28,16851,457,15201,Employed,10138,2,Fair,0.08,1
54,12542,847,6043,Self-Employed,1300,3,Fair,0.18,1
53,7034,417,21420,Employed,11281,1,Good,0.14,1
52,4806,627,41602,Employed,7923,1,Good,0.08,1
36,4402,367,43324,Employed,7478,1,Good,0.68,0
37,14891,733,35620,Self-Employed,3395,2,Good,0.34,1
74,5218,658,13629,Self-Employed,1070,8,Fair,0.61,0
35,1521,742,29675,Employed,4917,4,Fair,0.28,1
64,3000,463,2662,Employed,6673,3,Fair,0.08,0
58,10534,660,15734,Employed,14207,3,Excellent,0.5,1
66,17299,418,8589,Self-Employed,11976,2,Fair,0.08,1
31,5141,494,44418,Employed,6643,8,Good,0.41,0
32,1691,540,5655,Employed,9980,9,Good,0.14,0
48,14806,808,9749,Self-Employed,4287,0,Good,0.49,1
18,14914,441,11797,Self-Employed,14384,5,Fair,0.63,0
70,10087,330,32930,Employed,6237,3,Good,0.67,1
71,6162,522,7645,Employed,5026,7,Excellent,0.39,1
71,5826,565,12895,Employed,9964,6,Good,0.4,0
20,10565,581,35762,Employed,3805,2,Poor,0.07,0
33,11971,680,48634,Employed,2214,4,Fair,0.55,0
40,14141,361,22432,Unemployed,14589,3,Excellent,0.67,1
74,10696,820,48890,Employed,8121,3,Fair,0.33,1
28,14226,370,17858,Employed,8248,9,Excellent,0.57,1
29,17151,835,9233,Employed,6149,7,Good,0.57,1
27,10036,439,44611,Employed,14285,8,Good,0.56,0
49,14444,615,33004,Employed,237,3,Good,0.54,1
33,7773,639,27671,Employed,732,1,Excellent,0.19,1
25,7784,827,37760,Unemployed,14925,0,Fair,0.54,0
55,10317,840,29441,Employed,6163,9,Fair,0.14,1
29,19562,715,29233,Employed,3889,3,Good,0.51,1
41,9914,766,38591,Self-Employed,2824,7,Excellent,0.05,1
45,18627,674,37285,Self-Employed,1227,4,Excellent,0.65,1
70,18346,590,3268,Employed,12429,1,Excellent,0.59,1
25,19452,342,27220,Employed,6519,3,Excellent,0.49,1
45,13039,352,49774,Self-Employed,2454,3,Fair,0.11,0
53,15493,531,5438,Employed,13103,9,Good,0.59,1
43,14951,511,45269,Employed,14305,4,Excellent,0.62,1
25,16192,307,40066,Self-Employed,6223,1,Excellent,0.5,0
67,19620,782,20369,Employed,12497,6,Poor,0.68,1
45,14834,341,46896,Employed,767,4,Good,0.11,1
45,9403,632,27603,Employed,11575,3,Good,0.51,1
54,17129,532,12319,Employed,8168,7,Good,0.39,1
58,19240,369,15722,Employed,2424,1,Excellent,0.14,1
53,2514,315,38757,Employed,6183,0,Poor,0.48,0
44,12360,368,7028,Self-Employed,3424,5,Excellent,0.57,1
71,18938,352,47394,Employed,4548,9,Fair,0.16,1
34,3264,678,46093,Employed,7590,9,Excellent,0.57,1
26,7509,762,26940,Employed,713,7,Good,0.11,1
50,11104,826,32448,Self-Employed,85,6,Fair,0.43,1
70,17512,362,9422,Employed,1578,8,Fair,0.57,0
37,2167,560,44441,Employed,6379,0,Good,0.14,1
30,4870,799,21688,Employed,2016,2,Good,0.42,1
45,7476,420,47280,Employed,14201,8,Excellent,0.33,1
65,19278,539,15472,Employed,11678,4,Poor,0.44,0
46,10113,764,15900,Unemployed,5701,5,Fair,0.33,1
30,7099,406,36671,Student,11619,6,Good,0.21,0
63,5150,479,8763,Employed,3714,2,Good,0.21,1
52,13849,315,11960,Employed,12931,6,Excellent,0.61,1
23,11394,654,12084,Unemployed,9463,2,Fair,0.15,1
35,4690,608,44043,Employed,12005,5,Good,0.13,1
68,16845,480,3074,Unemployed,9816,7,Good,0.11,1
22,10289,473,8825,Employed,13850,6,Poor,0.1,0
64,1891,653,35833,Employed,2408,4,Excellent,0.06,1
42,18959,653,26205,Student,13037,5,Excellent,0.15,1
19,4150,518,36976,Employed,6318,3,Good,0.18,0
27,15100,614,5674,Employed,6971,1,Excellent,0.23,1
73,15817,733,42862,Employed,2851,6,Good,0.13,1
47,18693,581,47905,Unemployed,1397,3,Good,0.11,1
67,17063,558,49078,Employed,10157,5,Excellent,0.4,1
62,8395,304,43013,Unemployed,4156,9,Excellent,0.52,0
22,19043,693,1122,Employed,3241,1,Excellent,0.46,1
72,3031,635,22480,Student,1530,1,Excellent,0.41,1
73,6981,362,10443,Self-Employed,774,5,Excellent,0.34,1
50,12374,343,5433,Employed,2461,7,Excellent,0.46,1
71,7663,452,1990,Self-Employed,7985,0,Good,0.64,1
18,6764,455,6556,Employed,8307,9,Fair,0.46,0
35,19115,777,27662,Unemployed,7342,6,Excellent,0.09,1
49,17390,574,30097,Employed,14044,5,Good,0.42,1
64,13267,657,48418,Employed,13735,4,Excellent,0.39,1
66,9571,725,5709,Employed,5247,9,Good,0.34,1
28,17040,831,25357,Employed,7656,7,Fair,0.42,1
38,4408,782,37348,Self-Employed,1349,0,Good,0.49,1
43,6212,513,20186,Self-Employed,2745,4,Excellent,0.07,1
42,13690,378,34639,Employed,11435,5,Good,0.36,1
39,11650,438,20208,Employed,13510,3,Fair,0.58,0
44,5991,397,48360,Employed,2847,9,Good,0.4,0
66,15419,497,23479,Unemployed,8014,9,Excellent,0.09,1
30,15668,455,28478,Self-Employed,626,1,Poor,0.55,0
50,10093,349,13922,Employed,13644,7,Good,0.66,0
51,18858,778,28079,Student,5585,4,Fair,0.6,1
58,18107,527,31766,Employed,5961,9,Excellent,0.29,1
52,6113,756,20787,Employed,14759,5,Good,0.4,1
18,12926,821,23537,Employed,13624,8,Good,0.43,1
38,18109,448,11383,Employed,12810,1,Good,0.52,1
65,9683,357,39318,Employed,7591,4,Excellent,0.48,1
72,19225,461,32895,Employed,9831,0,Good,0.18,1
23,9901,776,46542,Self-Employed,10414,2,Good,0.6,1
45,5227,406,4207,Employed,11137,5,Good,0.6,1
34,15203,726,29234,Employed,7130,7,Good,0.31,1
22,11718,694,31568,Employed,14259,4,Good,0.14,1
48,1893,485,4097,Employed,10613,3,Good,0.45,1
22,17492,745,20022,Employed,12919,4,Excellent,0.28,1
55,10535,747,45046,Employed,8428,3,Good,0.53,1
20,11216,386,35392,Employed,3057,1,Excellent,0.26,1
70,10295,548,16968,Employed,5867,0,Fair,0.22,0
40,2081,739,12149,Unemployed,9159,7,Good,0.61,1
54,15830,556,10717,Employed,5936,0,Good,0.45,1
70,11631,576,17642,Unemployed,12730,1,Poor,0.11,0
54,1632,737,14640,Employed,7205,4,Excellent,0.5,1
27,16484,815,17837,Student,11023,7,Good,0.54,1
27,4885,501,9990,Employed,6007,9,Good,0.2,1
36,5270,479,5170,Self-Employed,12119,2,Poor,0.68,0
34,3768,624,25817,Employed,9211,8,Fair,0.29,1
38,2475,774,6136,Employed,2006,5,Fair,0.66,0
31,9105,699,2712,Self-Employed,11085,2,Excellent,0.24,1
26,8713,516,29794,Self-Employed,9754,9,Excellent,0.45,1
63,12955,752,35770,Self-Employed,9033,6,Excellent,0.39,1
18,4335,703,9151,Employed,12922,6,Good,0.69,1
68,4238,539,49438,Self-Employed,2203,6,Good,0.32,0
62,11049,485,40022,Employed,9004,3,Good,0.17,0
30,5634,347,11473,Employed,6783,5,Good,0.59,0
21,8333,685,16303,Unemployed,12091,2,Fair,0.08,1
18,9853,507,20495,Employed,11953,3,Excellent,0.63,0
66,17190,456,22625,Student,3197,2,Poor,0.12,0
57,3409,524,14761,Employed,9901,2,Excellent,0.42,1
49,15996,443,9918,Student,5666,0,Excellent,0.51,1
51,13562,718,35599,Employed,7406,4,Fair,0.27,1
45,11350,410,2821,Employed,9256,2,Good,0.6,1
48,3463,764,35584,Employed,12473,0,Poor,0.44,0
25,6653,431,49646,Self-Employed,2508,8,Good,0.31,1
56,11981,633,37200,Self-Employed,1718,3,Poor,0.26,0
43,2466,374,19353,Employed,13700,8,Excellent,0.12,1
51,2389,711,49250,Self-Employed,11524,1,Good,0.47,1
71,7961,818,19768,Employed,2593,1,Poor,0.29,0
71,7666,335,37447,Self-Employed,1472,3,Good,0.26,0
20,17506,522,30184,Student,698,3,Excellent,0.67,1
67,12881,829,17811,Employed,7568,4,Excellent,0.23,1
29,17844,540,27595,Employed,6450,0,Fair,0.62,1
18,12440,433,27032,Employed,9136,4,Good,0.68,1
71,12758,690,41966,Employed,8328,9,Good,0.58,1
61,8780,401,40031,Unemployed,1225,1,Fair,0.06,0
22,2567,797,18757,Employed,13180,4,Fair,0.61,0
47,12615,810,42600,Employed,2702,9,Good,0.19,1
47,10518,836,12954,Self-Employed,12908,9,Fair,0.28,1
74,17253,844,30793,Employed,2204,5,Good,0.69,1
34,15678,642,38930,Employed,3326,2,Good,0.31,1
65,16687,305,27806,Employed,2228,3,Excellent,0.48,1
64,6107,493,24224,Employed,10648,4,Excellent,0.25,1
40,5485,436,30236,Employed,4948,5,Fair,0.29,0
32,11784,772,4811,Self-Employed,3802,8,Good,0.44,1
54,16054,515,31368,Employed,3099,8,Good,0.67,1
38,6038,648,37074,Employed,11926,5,Good,0.23,1
31,7871,482,33719,Employed,13158,0,Good,0.21,1
19,3226,467,9637,Employed,12899,5,Excellent,0.07,1
28,7291,337,13133,Employed,1538,9,Fair,0.18,0
68,9958,770,47986,Employed,9760,2,Good,0.22,1
56,18721,751,29871,Employed,11462,4,Fair,0.09,1
55,17238,789,28571,Student,4164,4,Good,0.42,1
51,18570,441,42472,Employed,8793,9,Good,0.13,1
55,18240,402,49653,Employed,10256,3,Good,0.38,1
67,10563,341,2401,Employed,4974,2,Excellent,0.17,1
51,11665,446,11004,Employed,6978,0,Excellent,0.66,1
35,16039,365,34313,Self-Employed,12098,6,Excellent,0.25,1
47,17072,492,36301,Unemployed,545,7,Poor,0.11,0
32,6147,597,35777,Employed,14087,4,Fair,0.59,0
44,11502,337,29008,Employed,5932,7,Good,0.31,1
68,12333,801,6901,Employed,6203,3,Excellent,0.58,1
51,11920,727,5085,Student,8375,7,Excellent,0.25,1
69,8142,651,3215,Employed,837,2,Excellent,0.38,1
74,12042,625,49809,Employed,1892,7,Poor,0.34,0
55,5857,337,16763,Employed,1388,5,Good,0.41,0
50,17099,396,3184,Employed,7165,8,Fair,0.31,0
41,14701,407,11354,Self-Employed,10133,4,Good,0.37,1
32,4239,450,35043,Unemployed,14240,0,Good,0.49,0
47,14731,373,10504,Employed,1457,7,Good,0.32,1
72,11010,356,4523,Self-Employed,11462,2,Excellent,0.49,1
59,11227,634,9707,Unemployed,2800,4,Good,0.51,1
68,12135,551,22167,Unemployed,3303,1,Fair,0.54,0
34,11464,553,34787,Self-Employed,10962,6,Good,0.36,1
22,18761,684,26871,Self-Employed,13679,4,Good,0.05,1
46,12892,755,24982,Employed,9645,6,Good,0.54,1
21,13836,558,2049,Unemployed,11827,6,Good,0.64,1
27,13439,764,14381,Employed,7286,4,Good,0.47,1
73,18176,333,3340,Employed,6473,4,Excellent,0.39,1
34,11343,794,43217,Employed,3286,8,Poor,0.41,0
27,14323,625,49390,Self-Employed,7489,2,Excellent,0.47,1
34,4186,537,36753,Employed,1172,7,Good,0.7,0
37,1733,840,13061,Self-Employed,1711,0,Excellent,0.09,1
41,15929,765,6705,Employed,5496,3,Excellent,0.06,1
22,3772,603,25014,Employed,8972,1,Good,0.68,1
51,18850,416,34473,Employed,7487,2,Poor,0.34,0
23,18773,506,29147,Employed,1028,5,Fair,0.45,1
70,4900,780,3484,Employed,6545,3,Excellent,0.54,1
19,16871,702,2745,Employed,12915,0,Good,0.53,1
30,6042,532,23148,Employed,2250,4,Excellent,0.47,1
60,5023,583,17216,Unemployed,4149,2,Good,0.36,0
60,19647,779,33547,Employed,4383,1,Excellent,0.42,1
65,4791,308,42929,Employed,7451,3,Fair,0.52,0
28,3988,678,47742,Employed,3669,3,Excellent,0.6,1
68,12392,680,23012,Employed,9260,2,Excellent,0.13,1
64,3058,659,1777,Self-Employed,8475,4,Fair,0.23,0
74,6190,475,10525,Employed,9024,4,Poor,0.31,0
40,7621,784,44077,Employed,4677,7,Excellent,0.48,1
72,13698,704,44348,Employed,6090,9,Excellent,0.31,1
33,5939,332,4114,Unemployed,14377,6,Fair,0.21,0
48,18987,764,46173,Employed,3488,8,Good,0.07,1
28,9020,456,36704,Employed,12559,6,Poor,0.6,0
71,6909,501,21494,Employed,3212,1,Good,0.32,1
33,11170,474,2345,Self-Employed,916,2,Excellent,0.26,1
25,13606,543,3041,Self-Employed,8762,5,Excellent,0.4,1
21,13434,568,15330,Employed,10991,0,Good,0.13,1
57,9369,745,14198,Employed,2094,7,Fair,0.31,1
21,4456,373,41272,Employed,11430,6,Fair,0.54,0
73,12266,395,10747,Employed,13933,5,Poor,0.53,0
42,11586,472,18073,Employed,6269,4,Excellent,0.55,1
20,11935,705,31286,Employed,12759,9,Fair,0.35,1
49,17912,454,29028,Employed,4906,4,Fair,0.29,0
20,11755,482,27110,Self-Employed,6042,7,Fair,0.59,0
44,11138,622,24440,Employed,8812,7,Good,0.16,1
46,9256,588,33887,Self-Employed,12964,2,Good,0.52,1
49,13356,557,39937,Employed,14705,8,Good,0.63,1
67,17264,473,39600,Student,8962,2,Good,0.24,1
68,5102,629,48417,Student,6731,9,Excellent,0.18,1
36,6562,530,13246,Employed,14342,7,Good,0.38,1
38,13377,460,28428,Employed,4793,6,Fair,0.19,0
22,8744,485,2613,Self-Employed,11539,8,Excellent,0.62,0
35,7872,442,49343,Self-Employed,9806,8,Good,0.21,0
45,8605,581,8623,Unemployed,64,0,Good,0.25,1
59,13729,326,36801,Employed,3698,0,Fair,0.63,0
39,18456,545,6659,Employed,201,2,Good,0.18,1
38,9205,786,46023,Employed,4237,6,Good,0.63,1
23,15394,501,30653,Employed,3169,2,Good,0.19,1
18,13780,320,13080,Unemployed,2864,2,Excellent,0.64,1
22,2114,393,12976,Student,6360,3,Excellent,0.26,1
58,5550,307,44586,Employed,5412,7,Excellent,0.21,1
29,18209,771,16718,Employed,7675,0,Excellent,0.36,1
43,17222,638,10341,Employed,9349,3,Good,0.29,1
63,16710,558,48964,Employed,2309,3,Poor,0.18,0
51,18242,354,17296,Unemployed,6427,7,Good,0.27,1
66,5277,847,27285,Employed,101,6,Poor,0.51,0
31,7406,305,15134,Employed,376,3,Good,0.59,0
43,3221,676,46009,Employed,8397,7,Excellent,0.58,1
62,19233,349,30337,Employed,11916,2,Excellent,0.54,1
44,5396,411,1455,Employed,13048,9,Fair,0.05,0
26,8441,445,8643,Employed,13434,6,Good,0.33,0
43,14964,529,5620,Employed,10249,8,Excellent,0.16,1
74,6746,796,9867,Employed,3663,5,Good,0.1,1
64,9884,605,26577,Employed,13478,3,Fair,0.53,0
74,16869,841,29647,Employed,9826,3,Excellent,0.57,1
39,17975,760,49894,Self-Employed,14030,0,Fair,0.58,1
64,15144,525,26471,Unemployed,6294,5,Excellent,0.63,1
73,12608,358,6099,Unemployed,1060,2,Good,0.43,1
47,9628,375,14887,Employed,14200,2,Good,0.7,0
60,18959,727,44314,Employed,11015,0,Good,0.36,1
65,9668,431,49203,Employed,5593,6,Excellent,0.62,1
34,8361,797,28669,Employed,5563,8,Excellent,0.12,1
43,10490,604,1059,Unemployed,5124,2,Fair,0.15,1
53,15250,366,13673,Self-Employed,9081,6,Excellent,0.43,1
18,18488,529,23695,Employed,13537,8,Good,0.13,1
25,4479,632,6531,Employed,1562,2,Fair,0.1,1
66,8565,576,3764,Employed,3195,8,Fair,0.18,1
52,6416,443,2794,Student,12690,1,Excellent,0.56,1
69,2097,550,11721,Self-Employed,810,2,Good,0.65,0
32,7122,379,6686,Self-Employed,9250,3,Good,0.27,1
64,19761,356,48443,Employed,9452,6,Excellent,0.68,0
73,13664,665,30467,Employed,13779,8,Good,0.58,1
39,3199,607,38755,Employed,10738,0,Excellent,0.2,1
31,18600,473,13888,Employed,8703,8,Good,0.43,1
43,14929,761,40348,Employed,10038,9,Fair,0.69,1
45,15296,792,14533,Student,4412,4,Fair,0.6,1
40,5586,673,22916,Employed,4398,3,Fair,0.29,0
31,2165,648,4553,Employed,9317,5,Good,0.25,1
41,16105,366,9144,Employed,11852,9,Poor,0.58,0
19,18963,629,43042,Employed,5431,4,Good,0.41,1
62,9919,493,46207,Unemployed,4177,4,Good,0.16,1
43,16684,454,26509,Employed,657,4,Fair,0.26,0
31,2569,459,6437,Student,6336,7,Excellent,0.48,1
73,6763,565,25547,Employed,14559,9,Excellent,0.15,1
68,17609,467,33518,Student,52,7,Fair,0.5,1
24,9451,444,24830,Employed,5110,9,Fair,0.51,0
20,14419,485,46045,Employed,12632,3,Excellent,0.23,1
64,2863,722,9749,Employed,1108,8,Fair,0.31,1
40,6008,756,47553,Employed,986,7,Good,0.66,1
63,3255,644,23349,Self-Employed,6026,5,Fair,0.54,0
60,2019,815,30289,Employed,8047,1,Excellent,0.56,1
64,13236,403,6915,Employed,4736,8,Poor,0.39,0
62,12014,546,29695,Student,8402,5,Fair,0.19,1
35,16188,322,10734,Employed,4959,7,Good,0.43,1
55,8733,824,15703,Unemployed,775,5,Fair,0.55,1
52,2602,443,23499,Self-Employed,9106,4,Fair,0.05,0
68,2097,492,22478,Employed,12470,6,Good,0.12,1
32,15447,764,3382,Employed,7439,3,Poor,0.36,1
42,13741,674,31128,Student,505,9,Poor,0.33,0
72,7281,565,26583,Employed,3298,2,Excellent,0.69,1
54,12297,677,43241,Employed,10049,6,Excellent,0.11,1
45,7756,849,38126,Employed,14347,1,Good,0.26,1
27,11880,373,42080,Employed,4188,9,Good,0.58,0
56,10280,737,47799,Unemployed,4425,2,Excellent,0.45,1
74,8054,525,29692,Employed,10429,0,Excellent,0.42,1
34,14164,607,33907,Employed,11105,0,Poor,0.53,0
56,11099,647,8644,Employed,3001,1,Fair,0.08,1
39,17011,775,35583,Employed,14628,0,Fair,0.67,1
43,6346,614,38069,Employed,260,1,Poor,0.17,0
61,8105,824,46098,Employed,8901,0,Good,0.1,1
42,11751,724,16185,Self-Employed,1951,2,Good,0.27,1
34,17543,823,41053,Employed,2370,8,Excellent,0.51,1
30,14264,548,42988,Employed,6153,8,Good,0.2,1
37,4486,481,11446,Employed,8279,7,Excellent,0.08,1
42,1900,405,24162,Unemployed,6483,8,Excellent,0.09,1
21,11916,490,15150,Employed,11581,3,Excellent,0.22,1
27,4912,436,42304,Employed,5668,7,Good,0.14,1
20,17940,419,30837,Employed,11486,4,Poor,0.29,0
58,3375,371,37003,Employed,2734,3,Excellent,0.16,1
62,5798,430,2387,Employed,2256,3,Good,0.27,1
35,5268,756,13209,Self-Employed,1072,1,Good,0.34,1
64,7252,778,1983,Unemployed,11799,9,Good,0.53,1
53,13989,351,48114,Employed,3921,8,Poor,0.2,0
64,2853,418,33151,Self-Employed,2969,8,Excellent,0.36,0
39,8097,563,22803,Employed,5942,0,Excellent,0.58,1
51,16191,538,20378,Employed,10502,3,Good,0.69,1
64,5811,650,8548,Employed,3277,8,Good,0.41,1
25,16807,554,40621,Employed,11944,3,Excellent,0.33,1
57,12294,608,1775,Employed,11760,1,Excellent,0.46,1
66,4434,794,22365,Self-Employed,3969,1,Fair,0.37,0
61,17906,356,31707,Self-Employed,10909,9,Excellent,0.16,1
36,11894,702,25137,Employed,7920,8,Good,0.35,1
59,19093,366,22531,Employed,1488,3,Poor,0.69,0
58,10440,345,18870,Employed,9850,0,Good,0.47,0
54,18688,668,46738,Employed,10259,0,Good,0.23,1
23,9825,531,3001,Employed,10807,0,Good,0.67,1
69,12129,701,45407,Self-Employed,11209,7,Good,0.3,1
43,6641,322,15756,Self-Employed,7959,0,Fair,0.3,0
51,5171,566,41830,Employed,9323,4,Fair,0.45,0
73,8792,417,28863,Unemployed,2187,8,Good,0.42,1
62,16938,354,11046,Employed,5210,3,Fair,0.24,1
23,13731,452,24652,Self-Employed,270,8,Excellent,0.35,1
54,19982,538,37956,Employed,7377,4,Excellent,0.27,1
74,16011,564,14886,Employed,9788,8,Fair,0.53,1
50,12609,567,21745,Employed,11718,1,Excellent,0.13,1
70,9944,412,40117,Student,12571,7,Fair,0.54,0
39,17105,465,32823,Employed,365,6,Good,0.15,1
38,14526,307,39948,Employed,10723,6,Good,0.25,1
23,10821,516,14322,Employed,8194,2,Fair,0.27,0
23,6935,730,8794,Employed,3051,9,Fair,0.69,1
72,9993,591,47169,Employed,783,1,Fair,0.43,0
65,8191,349,7162,Self-Employed,10403,9,Good,0.56,0
21,4263,406,49691,Employed,4483,0,Good,0.41,0
47,4741,308,17757,Unemployed,7138,0,Poor,0.69,0
28,4557,755,6905,Employed,9224,6,Fair,0.17,1
47,18434,622,29765,Employed,7159,8,Good,0.44,1
48,7074,608,46044,Employed,5485,0,Fair,0.57,0
41,6911,444,39457,Employed,10251,9,Fair,0.46,0
72,3087,711,20404,Employed,12361,3,Good,0.63,0
26,11514,413,16380,Employed,237,1,Good,0.44,1
72,7420,698,16508,Self-Employed,12075,7,Good,0.59,1
20,13188,574,20676,Self-Employed,11371,8,Excellent,0.16,1
68,5909,423,24260,Employed,10177,2,Excellent,0.22,1
48,7283,385,7897,Unemployed,7058,2,Fair,0.34,0
57,2212,346,2564,Employed,14569,6,Good,0.6,0
54,6906,500,14870,Employed,1462,8,Excellent,0.33,1
53,13541,575,15219,Self-Employed,14068,6,Good,0.46,1
41,3933,848,17441,Employed,13792,6,Excellent,0.31,1
48,4801,429,20880,Employed,13403,1,Fair,0.57,0
23,18154,747,11379,Self-Employed,9063,0,Good,0.18,1
19,13086,688,3948,Employed,9413,1,Good,0.44,1
37,18963,562,30593,Employed,13427,5,Excellent,0.43,1
45,6822,577,36902,Employed,1666,9,Fair,0.31,0
28,15432,345,18971,Self-Employed,11628,7,Poor,0.51,0
21,6757,467,9969,Employed,6296,7,Fair,0.07,0
32,15233,744,21646,Employed,1656,5,Good,0.6,1
23,14868,345,4678,Employed,1131,1,Fair,0.28,0
71,11277,839,44508,Employed,10163,8,Excellent,0.57,1
66,12749,386,28519,Employed,14863,9,Excellent,0.25,1
47,14381,684,4343,Employed,810,3,Good,0.17,1
73,11087,564,5014,Self-Employed,55,4,Excellent,0.3,1
55,10291,321,6107,Employed,3523,0,Excellent,0.57,1
68,10205,749,45638,Student,7559,8,Good,0.51,1
74,10758,531,38096,Employed,2662,9,Good,0.31,1
19,9333,485,38423,Student,3279,0,Fair,0.66,0
32,15745,625,39626,Employed,1533,6,Excellent,0.32,1
28,17254,482,39388,Employed,4011,8,Poor,0.28,0
25,10780,696,42880,Employed,933,2,Good,0.14,1
43,14077,780,33332,Employed,662,1,Good,0.1,1
68,4014,702,40772,Self-Employed,3845,9,Excellent,0.28,1
62,5469,762,35010,Self-Employed,13866,7,Good,0.11,1
61,6066,716,24399,Employed,14635,3,Poor,0.35,0
22,3696,501,3661,Employed,3023,0,Fair,0.61,0
23,18673,364,5798,Employed,10869,7,Excellent,0.36,1
43,12845,316,1540,Employed,5967,5,Good,0.36,0
71,2809,482,23329,Employed,13590,5,Good,0.21,0
21,2364,690,26850,Self-Employed,8335,3,Excellent,0.16,1
36,13555,343,20169,Unemployed,7907,5,Fair,0.19,0
37,6889,781,4157,Employed,11467,1,Good,0.42,1
50,13216,562,38485,Self-Employed,12516,5,Good,0.43,1
37,13478,473,6336,Employed,6609,1,Excellent,0.19,1
66,4503,740,8165,Employed,6280,5,Excellent,0.31,1
29,15674,519,28618,Employed,8431,8,Poor,0.42,0
64,15272,693,43280,Employed,2004,6,Excellent,0.54,1
18,19115,494,48496,Employed,11961,3,Good,0.26,1
43,9459,708,14754,Employed,6592,0,Fair,0.23,0
31,13480,770,6209,Employed,5434,8,Good,0.52,1
55,8081,646,15490,Employed,4246,0,Good,0.38,1
54,18305,761,28601,Employed,3396,4,Good,0.61,1
28,11465,360,8645,Employed,7570,6,Poor,0.19,0
53,13260,465,39508,Student,8994,9,Fair,0.55,0
30,16422,450,37922,Self-Employed,8544,9,Poor,0.16,0
60,2446,410,36433,Unemployed,1974,5,Good,0.43,0
20,19718,787,7018,Employed,9325,2,Excellent,0.23,1
50,3064,848,27374,Employed,4561,7,Excellent,0.12,1
23,8832,302,6713,Employed,1063,6,Fair,0.45,0
67,6444,782,46839,Self-Employed,14989,8,Good,0.38,1
73,17557,312,31072,Employed,1395,0,Good,0.37,0
27,15377,461,22535,Employed,9740,7,Poor,0.44,0
22,11639,643,32320,Employed,1530,3,Excellent,0.29,1
40,2808,748,28563,Employed,52,6,Good,0.49,1
27,18270,631,49095,Employed,3151,6,Fair,0.14,1
61,4758,563,19962,Student,5864,3,Fair,0.51,0
19,6311,382,2026,Employed,14686,7,Good,0.43,1
30,8197,633,5473,Unemployed,5670,0,Good,0.37,1
57,17275,679,5667,Employed,2786,4,Excellent,0.13,1
19,12539,518,28889,Self-Employed,14675,3,Good,0.23,1
37,2939,753,27140,Employed,1144,3,Good,0.24,1
18,13134,388,17970,Employed,2112,2,Fair,0.2,0
54,1555,632,16941,Employed,13751,0,Excellent,0.67,0
26,1605,609,30028,Employed,295,4,Fair,0.65,0
34,4701,719,34452,Employed,11181,7,Fair,0.4,0
26,16684,653,23426,Employed,14540,9,Good,0.18,1
28,2169,399,4268,Employed,4742,5,Good,0.64,0
32,14163,444,16193,Employed,1580,0,Good,0.54,1
41,2466,309,29066,Employed,6278,4,Fair,0.08,0
55,18191,343,1658,Employed,2425,5,Poor,0.37,0
72,13156,685,35064,Unemployed,8147,8,Good,0.44,1
52,17393,794,35293,Self-Employed,7219,8,Poor,0.09,1
47,14589,792,44042,Employed,7011,4,Good,0.08,1
48,17993,468,40918,Employed,2627,2,Fair,0.35,1
66,5132,830,8792,Employed,4805,5,Excellent,0.05,1
22,7184,635,7604,Employed,12354,7,Fair,0.08,1
61,14766,812,48821,Self-Employed,6146,4,Fair,0.16,1
67,19799,429,39557,Self-Employed,9785,7,Fair,0.64,1
31,18440,838,8420,Self-Employed,14199,0,Fair,0.55,1
70,1604,813,39521,Unemployed,7618,7,Good,0.34,1
73,3547,549,49312,Employed,8701,1,Good,0.36,0
28,18029,437,24018,Employed,7935,6,Excellent,0.5,1
26,18757,574,6108,Self-Employed,1891,1,Good,0.36,1
51,18182,763,28150,Employed,1461,2,Good,0.09,1
29,10337,440,6247,Unemployed,6920,4,Excellent,0.53,1
52,16907,555,9401,Self-Employed,14261,9,Good,0.09,1
52,7882,755,18007,Employed,1999,6,Good,0.37,1
18,2283,733,10997,Unemployed,1970,8,Excellent,0.61,1
57,1870,472,6261,Employed,1551,4,Good,0.13,0
39,17408,772,5268,Employed,3851,0,Excellent,0.51,1
46,1986,722,6984,Self-Employed,101,2,Excellent,0.08,1
25,16000,738,21926,Employed,8083,4,Fair,0.7,1
28,4696,356,32862,Self-Employed,1460,2,Good,0.49,0
58,11052,797,33458,Student,11038,7,Good,0.68,1
54,3761,468,1010,Employed,8925,7,Excellent,0.48,0
31,12313,727,18144,Unemployed,11284,0,Good,0.21,1
47,10648,718,26903,Self-Employed,10626,7,Excellent,0.65,1
52,10072,646,2177,Employed,532,3,Excellent,0.46,1
38,16508,816,27946,Employed,91,5,Good,0.42,1
54,14585,754,10168,Employed,1819,9,Fair,0.33,1
22,18122,501,3389,Employed,1156,7,Excellent,0.23,1
36,8343,478,7364,Employed,4934,1,Excellent,0.39,1
31,2605,356,28033,Employed,8696,7,Excellent,0.29,1
43,19270,800,49545,Self-Employed,13764,6,Good,0.61,1
21,11941,411,12865,Student,4936,3,Excellent,0.07,1
42,11219,447,19936,Employed,4782,4,Excellent,0.39,0
62,19551,677,13327,Employed,6868,5,Poor,0.59,0
59,4191,647,33252,Self-Employed,10387,2,Excellent,0.07,1
42,13364,657,36078,Employed,9125,1,Good,0.23,1
35,3496,355,4741,Unemployed,9447,1,Poor,0.08,0
57,2925,615,41053,Self-Employed,883,3,Excellent,0.44,1
25,17878,484,25001,Self-Employed,11428,6,Good,0.26,1
56,8349,353,4839,Employed,12601,0,Good,0.67,0
57,4747,336,41349,Employed,2704,0,Poor,0.45,0
31,2990,569,20139,Employed,6441,3,Poor,0.42,0
49,19108,807,47905,Employed,4059,8,Good,0.65,1
68,15810,527,26398,Self-Employed,4318,4,Excellent,0.2,1
55,18716,727,26036,Employed,14688,0,Good,0.42,1
50,16901,300,39005,Employed,12703,2,Poor,0.4,0
40,14384,322,46272,Self-Employed,2109,5,Excellent,0.1,1
32,6295,802,2740,Employed,14943,2,Poor,0.66,0
50,3146,747,19508,Employed,12911,5,Fair,0.51,1
42,17642,795,32611,Self-Employed,10615,5,Excellent,0.63,1
34,15806,724,6291,Employed,10838,4,Fair,0.69,1
50,18324,317,32109,Employed,12692,9,Excellent,0.36,1
64,7456,744,20481,Employed,7072,4,Good,0.57,1
72,15428,338,6247,Employed,9470,8,Good,0.43,1
19,11221,509,42613,Employed,7618,2,Good,0.69,1
31,12657,510,22383,Employed,389,9,Good,0.21,1
70,3867,580,45501,Employed,1648,6,Good,0.06,1
57,8196,432,26319,Employed,8957,3,Good,0.17,1
57,6690,748,40334,Employed,8539,1,Good,0.13,1
68,6163,563,24728,Employed,11765,9,Poor,0.33,0
56,8562,410,34620,Employed,9537,2,Fair,0.1,0
68,5831,537,31442,Employed,11197,2,Good,0.19,0
23,13380,756,22310,Employed,10756,2,Good,0.11,1
23,17746,815,43521,Employed,6015,2,Excellent,0.37,1
20,4762,472,22452,Self-Employed,8521,9,Excellent,0.22,0
24,14820,492,13137,Employed,11726,5,Good,0.36,1
68,19991,814,44636,Unemployed,3793,5,Good,0.11,1
25,8536,708,15905,Employed,6064,8,Good,0.39,1
59,6177,383,22773,Employed,9165,7,Poor,0.13,0
69,9472,379,31024,Self-Employed,14427,9,Good,0.11,1
32,16829,508,18702,Student,1245,6,Good,0.25,1
64,5764,821,17505,Student,2237,1,Fair,0.62,0
46,4633,498,5254,Student,2619,9,Good,0.56,0
50,13112,533,9498,Unemployed,8396,1,Good,0.67,1
69,19349,543,13174,Employed,10451,0,Poor,0.35,0
47,15658,692,30422,Employed,12376,6,Good,0.25,1
56,11235,745,30733,Employed,7915,6,Fair,0.68,1
44,3189,692,2896,Employed,11194,0,Poor,0.3,0
53,11263,308,46646,Employed,362,5,Good,0.06,1
46,9227,452,39744,Employed,11634,6,Excellent,0.58,0
55,9264,409,4911,Self-Employed,331,0,Fair,0.16,0
74,14503,565,9340,Employed,11160,5,Fair,0.52,1
50,2318,672,18423,Employed,12995,9,Excellent,0.06,1
54,15939,451,43350,Employed,7593,8,Good,0.12,1
44,16577,714,37672,Unemployed,6987,0,Good,0.36,1
72,6021,625,5876,Self-Employed,13766,1,Fair,0.09,0
50,2624,475,42077,Employed,421,1,Excellent,0.63,0
21,7160,824,1703,Employed,8954,9,Good,0.54,1
39,7141,614,39238,Unemployed,2783,2,Good,0.26,1
19,19013,366,7440,Employed,5290,3,Good,0.44,1
27,3202,483,32937,Employed,10949,6,Poor,0.52,0
22,19885,334,3024,Employed,248,2,Poor,0.54,0
27,12639,804,16751,Employed,6324,6,Excellent,0.31,1
50,17202,375,13730,Employed,11738,4,Excellent,0.63,1
71,8023,771,22380,Employed,482,4,Excellent,0.66,1
55,13897,822,29972,Employed,5503,6,Good,0.18,1
30,9611,582,38113,Employed,11667,6,Good,0.64,1
48,3901,835,11149,Employed,12050,6,Good,0.51,1
64,10981,573,39402,Unemployed,11424,8,Excellent,0.63,1
53,11567,838,18381,Employed,10487,0,Excellent,0.33,1
62,14876,353,33359,Employed,4414,0,Excellent,0.48,1
41,15324,354,44808,Employed,11203,2,Good,0.2,1
69,14944,576,1243,Employed,8891,5,Good,0.54,1
73,14379,742,3414,Employed,12818,1,Good,0.43,1
32,17612,717,4856,Employed,12283,8,Excellent,0.36,1
46,2039,524,7263,Unemployed,12019,0,Fair,0.5,0
25,12474,554,48953,Employed,5232,4,Fair,0.41,0
22,15346,475,16799,Unemployed,10139,6,Excellent,0.55,1
46,7115,445,42392,Employed,3861,9,Good,0.61,1
64,17516,684,13470,Unemployed,6706,2,Excellent,0.57,1
21,4456,561,14772,Self-Employed,9559,1,Excellent,0.25,1
29,9577,830,28382,Employed,8314,2,Fair,0.68,1
62,5222,670,34909,Employed,749,6,Good,0.47,1
19,13559,496,5126,Employed,12606,0,Good,0.26,1
44,6587,583,20408,Employed,1597,7,Poor,0.08,0
48,11838,601,15863,Self-Employed,8777,2,Fair,0.69,0
68,3670,431,14584,Self-Employed,6388,4,Good,0.44,0
68,4891,419,24391,Employed,8735,9,Good,0.2,1
53,8442,435,20840,Employed,5576,4,Excellent,0.37,1
53,19500,828,37965,Student,2200,5,Fair,0.31,1
43,15306,333,26671,Employed,2703,6,Excellent,0.67,1
60,16292,831,39592,Employed,8206,0,Excellent,0.37,1
44,14309,507,13097,Employed,9658,5,Excellent,0.37,1
22,16355,598,19839,Student,11567,1,Excellent,0.57,1
37,10608,821,45883,Self-Employed,7953,9,Good,0.3,1
28,7958,393,18774,Employed,8436,2,Fair,0.18,0
27,4256,713,38693,Employed,2614,4,Poor,0.55,0
57,8353,670,3469,Employed,14889,0,Fair,0.64,0
55,9209,708,13468,Employed,9090,6,Excellent,0.08,1
23,19820,682,36470,Self-Employed,1478,0,Excellent,0.61,1
25,14347,740,40025,Employed,9574,7,Excellent,0.33,1
40,18852,746,41873,Employed,8243,5,Excellent,0.24,1
64,8797,370,4165,Employed,10250,0,Good,0.08,0
43,17756,383,12370,Employed,4918,6,Poor,0.18,0
63,4703,508,44251,Student,13911,9,Good,0.27,0
60,7999,558,48526,Employed,2274,2,Fair,0.1,0
29,6673,538,38198,Employed,2161,6,Good,0.17,1
43,18773,601,43006,Unemployed,3608,7,Good,0.53,1
30,13150,531,39760,Employed,603,9,Poor,0.5,0
57,10673,581,29942,Employed,4043,2,Fair,0.55,0
35,8882,693,46017,Employed,7254,4,Good,0.16,1
42,2301,717,33209,Employed,12880,9,Good,0.08,1
50,9734,505,40365,Student,13561,1,Excellent,0.35,1
64,15397,563,2407,Employed,5369,1,Fair,0.27,0
57,16697,610,26976,Employed,3492,0,Excellent,0.55,1
60,11469,378,42969,Self-Employed,14545,2,Good,0.4,1
29,4701,641,39325,Employed,11190,3,Good,0.66,1
61,18233,394,16515,Unemployed,11784,2,Fair,0.09,1
53,11472,650,37174,Employed,9196,7,Excellent,0.29,1
65,2083,361,12794,Employed,6754,0,Excellent,0.31,0
21,14219,441,6700,Employed,13859,4,Fair,0.13,0
22,4877,410,9127,Employed,11320,6,Good,0.43,0
73,16355,826,28391,Employed,3134,8,Excellent,0.08,1
54,4901,456,11740,Employed,14673,0,Poor,0.51,0
25,15136,838,2545,Employed,10003,8,Fair,0.07,1
59,17238,308,24691,Employed,13012,8,Good,0.62,0
66,8272,575,17518,Employed,814,3,Fair,0.09,1
45,11631,526,36627,Employed,8723,9,Excellent,0.35,1
48,2288,485,29054,Employed,758,4,Poor,0.15,0
26,17684,515,14057,Employed,5,5,Poor,0.14,0
71,4389,732,7003,Employed,8776,3,Good,0.52,1
68,11069,655,35032,Unemployed,12906,5,Good,0.55,1
46,11641,691,19156,Employed,3676,4,Fair,0.53,1
31,13434,574,46380,Employed,1534,2,Good,0.31,1
57,11269,793,49787,Employed,13084,2,Good,0.69,1
58,9112,750,49345,Employed,1484,8,Good,0.27,1
39,17705,719,28563,Self-Employed,12643,4,Excellent,0.21,1
28,15434,463,42579,Employed,2266,2,Good,0.7,0
40,11595,482,7725,Employed,2414,7,Good,0.69,1
18,5740,609,22682,Employed,13176,7,Excellent,0.43,1
63,12248,316,28727,Student,560,2,Fair,0.19,0
54,6798,745,40582,Employed,4459,6,Good,0.21,1
38,3361,469,17185,Employed,9605,8,Good,0.39,0
43,15642,579,37740,Employed,1318,2,Excellent,0.55,1
63,8820,639,8594,Employed,2552,7,Good,0.1,1
53,12867,818,8199,Employed,13599,0,Fair,0.5,1
71,18982,310,40032,Employed,6320,2,Good,0.12,1
40,6747,823,28350,Employed,5418,3,Good,0.6,1
74,3234,432,16874,Employed,13931,2,Fair,0.4,0
18,6163,447,5480,Employed,13595,8,Good,0.69,0
71,7409,378,31435,Employed,2860,9,Good,0.54,0
72,14318,645,31120,Employed,6720,4,Excellent,0.37,1
68,18564,548,7619,Employed,1077,2,Good,0.14,1
57,9663,841,3607,Employed,11058,2,Fair,0.4,1
32,19954,323,10382,Employed,10026,1,Good,0.12,1
38,14858,770,9580,Employed,5439,9,Excellent,0.64,1
64,8168,500,20788,Employed,2526,5,Excellent,0.2,1
26,14516,430,23026,Employed,721,8,Excellent,0.61,0
70,9501,655,18173,Employed,9436,6,Excellent,0.25,1
26,11421,449,24280,Unemployed,5801,1,Good,0.19,1
27,3691,825,35262,Self-Employed,6053,8,Excellent,0.25,1
69,10359,603,48156,Self-Employed,13654,2,Good,0.51,1
74,10372,840,7710,Employed,1345,6,Poor,0.39,1
70,6422,349,34588,Employed,12868,9,Excellent,0.12,1
43,5892,763,13228,Employed,745,6,Fair,0.14,1
58,15041,539,27055,Self-Employed,13326,3,Good,0.3,1
52,16515,781,32152,Employed,8124,3,Fair,0.27,1
69,4727,754,21449,Employed,5599,1,Excellent,0.6,1
42,3524,582,28706,Employed,877,1,Poor,0.42,0
43,18213,634,31466,Employed,8325,1,Poor,0.17,1
28,3986,651,23585,Employed,4813,4,Poor,0.07,0
55,2655,626,45025,Employed,9239,2,Fair,0.12,1
19,11582,635,25279,Employed,10616,9,Excellent,0.51,1
24,5977,380,12837,Employed,7764,6,Excellent,0.6,0
35,8586,386,25209,Employed,7309,6,Poor,0.56,0
44,3817,557,13220,Self-Employed,10891,5,Excellent,0.56,1
51,5121,484,4965,Unemployed,9654,7,Good,0.22,1
44,5991,422,46806,Employed,1347,3,Excellent,0.69,1
34,17416,395,43276,Employed,13433,8,Good,0.11,1
60,16748,814,39768,Employed,1364,9,Good,0.58,1
61,4011,742,28230,Employed,9423,9,Poor,0.11,0
68,11046,813,24629,Employed,14289,4,Fair,0.22,1
71,17112,670,42920,Self-Employed,4261,3,Good,0.37,1
41,9348,604,28870,Student,7208,2,Good,0.08,1
42,15774,656,18373,Employed,11897,8,Good,0.31,1
24,19177,447,30155,Employed,4082,3,Excellent,0.28,1
69,3965,584,43685,Employed,1579,8,Fair,0.47,0
23,17804,561,48422,Employed,13386,0,Good,0.52,1
70,17169,790,34474,Self-Employed,5599,4,Good,0.11,1
41,12794,330,24036,Employed,3419,0,Excellent,0.07,1
50,4675,567,5847,Employed,14607,8,Good,0.55,1
66,9349,311,21714,Employed,2017,6,Good,0.39,0
46,13973,490,13893,Employed,4017,9,Excellent,0.4,1
60,10925,699,5649,Employed,3037,8,Fair,0.69,1
39,13722,836,31571,Unemployed,14501,4,Excellent,0.33,1
43,9944,390,12613,Employed,761,9,Good,0.18,0
45,9710,800,40364,Unemployed,13397,8,Fair,0.49,1
67,4259,600,25428,Employed,12164,3,Fair,0.58,0
38,17591,410,47706,Employed,12936,2,Fair,0.38,0
66,1502,379,42382,Student,12838,1,Fair,0.5,0
24,19143,732,23533,Unemployed,598,3,Excellent,0.38,1
34,9690,716,11106,Unemployed,10394,2,Poor,0.31,0
37,16748,513,33313,Employed,3743,8,Excellent,0.07,1
58,7273,746,21394,Employed,13887,7,Excellent,0.16,1
66,14286,317,13277,Employed,8608,0,Excellent,0.36,1
37,16537,353,16448,Employed,11625,1,Poor,0.31,0
71,3385,539,14133,Employed,3417,2,Good,0.6,0
39,8560,717,45142,Employed,14027,5,Good,0.12,1
45,17831,785,5646,Self-Employed,6210,4,Excellent,0.08,1
57,9344,743,14708,Employed,2564,4,Excellent,0.11,1
66,14950,422,7090,Self-Employed,8141,5,Good,0.49,1
24,10991,719,27634,Employed,1082,7,Excellent,0.44,1
18,10768,515,27221,Self-Employed,13294,0,Good,0.46,1
49,10639,719,46552,Employed,587,4,Fair,0.15,1
30,8291,527,45047,Employed,13059,5,Good,0.39,1
47,8671,536,16392,Employed,10999,9,Fair,0.55,0
40,18753,629,44752,Unemployed,7183,5,Excellent,0.49,1
68,1593,768,36304,Student,3658,8,Excellent,0.34,1
73,4487,786,20643,Employed,14200,9,Fair,0.12,1
36,14347,848,40647,Employed,10415,6,Fair,0.62,1
49,11467,714,15793,Employed,12609,3,Good,0.39,1
47,17718,518,32794,Employed,5580,6,Fair,0.63,1
46,11952,680,8438,Employed,10375,6,Good,0.34,1
66,10127,386,19895,Employed,14763,5,Excellent,0.2,1
62,6447,760,19474,Self-Employed,5913,7,Good,0.25,1
46,8151,710,38402,Employed,10213,7,Excellent,0.32,1
47,4644,824,17951,Employed,5026,9,Good,0.45,1
33,17960,746,17504,Employed,7054,5,Excellent,0.55,1
57,10459,599,7768,Unemployed,12967,1,Excellent,0.21,1
36,9797,707,9507,Employed,11805,4,Fair,0.17,1
35,8194,674,49125,Self-Employed,10561,0,Excellent,0.18,1
18,17335,532,30810,Employed,9551,9,Excellent,0.66,1
31,4846,348,1620,Employed,780,9,Poor,0.16,0
68,12840,485,21447,Student,9728,9,Good,0.27,1
64,1744,504,34221,Employed,170,8,Good,0.37,0
67,4125,377,20118,Unemployed,5019,3,Fair,0.41,0
19,5349,780,47599,Unemployed,4224,0,Good,0.61,1
71,11097,685,1958,Employed,2727,2,Excellent,0.12,1
45,9237,493,11200,Employed,13729,9,Good,0.12,1
66,15524,402,30318,Self-Employed,12684,1,Fair,0.26,1
67,13500,675,34530,Unemployed,2108,8,Fair,0.32,1
47,9833,586,48837,Student,14145,6,Excellent,0.29,1
55,18776,781,47465,Self-Employed,9850,9,Excellent,0.3,1
68,8810,549,30840,Employed,9987,9,Good,0.6,0
21,3899,500,23904,Employed,6616,5,Good,0.59,0
18,6140,835,19435,Employed,2785,3,Excellent,0.57,1
25,11891,760,48897,Employed,396,3,Fair,0.54,1
46,19353,599,33071,Employed,8995,6,Poor,0.08,1
72,12392,777,42156,Self-Employed,8031,7,Good,0.15,1
56,12697,382,25191,Employed,3004,3,Poor,0.53,0
20,14550,757,7746,Self-Employed,11961,6,Excellent,0.44,1
49,4874,597,29484,Employed,7764,2,Fair,0.49,0
27,14411,663,39658,Employed,11481,8,Good,0.52,1
27,10347,339,7053,Employed,8846,2,Excellent,0.64,1
36,16285,639,35048,Employed,7644,2,Good,0.46,1
63,12460,815,17519,Employed,14937,9,Good,0.23,1
51,15035,407,41645,Unemployed,10068,1,Fair,0.1,1
50,9734,615,3545,Employed,8459,2,Fair,0.33,1
40,12003,413,15447,Employed,14411,7,Good,0.51,1
72,6622,466,30959,Employed,1092,1,Fair,0.23,0
45,11352,560,12677,Employed,9660,0,Excellent,0.13,1
49,6887,523,9560,Employed,9513,4,Fair,0.7,0
67,9131,561,4662,Employed,1497,7,Good,0.32,1
24,8726,550,49505,Employed,7327,5,Excellent,0.19,1
46,6608,825,14055,Employed,4993,1,Poor,0.16,1
25,3610,425,40497,Self-Employed,3079,8,Good,0.61,0
18,2457,505,13798,Employed,9946,3,Fair,0.58,0
74,8646,439,5808,Employed,9700,2,Good,0.45,0
72,2060,361,9048,Student,9013,3,Poor,0.41,0
20,2812,582,14107,Employed,12167,2,Excellent,0.67,1
41,19705,353,7520,Employed,2135,7,Good,0.2,1
40,13095,645,17928,Self-Employed,1164,0,Excellent,0.32,1
25,6874,823,24501,Self-Employed,13852,0,Excellent,0.07,1
71,4151,435,37191,Employed,2572,8,Excellent,0.32,1
74,11506,629,30476,Employed,4921,6,Good,0.3,1
64,11433,443,27948,Employed,4670,8,Fair,0.67,0
54,17672,735,5483,Student,13654,2,Good,0.28,1
20,4377,581,46295,Employed,686,2,Good,0.59,0
68,5583,435,40887,Employed,9166,1,Poor,0.55,0
50,2245,788,18481,Employed,11479,1,Fair,0.15,1
45,10249,700,11718,Employed,8697,8,Excellent,0.68,1
64,18825,748,16373,Employed,1770,1,Excellent,0.46,1
25,18823,569,24244,Self-Employed,73,3,Excellent,0.44,1
51,19494,316,39203,Unemployed,4901,3,Excellent,0.06,1
52,3225,568,46123,Employed,580,8,Good,0.5,1
49,13713,781,28629,Self-Employed,11332,2,Fair,0.09,1
41,11028,518,32257,Employed,8414,9,Excellent,0.17,1
31,15662,618,19327,Employed,12199,1,Good,0.11,1
49,10353,537,35487,Employed,896,2,Good,0.3,1
73,8687,844,6768,Employed,2433,8,Good,0.57,1
63,1532,584,25866,Employed,3952,4,Fair,0.51,1
60,16393,336,45649,Self-Employed,7452,4,Poor,0.12,0
33,15908,402,10166,Employed,2169,6,Good,0.57,0
21,16660,729,31743,Unemployed,14086,0,Good,0.35,1
69,4914,538,17798,Employed,8924,9,Good,0.07,1
54,19040,424,10042,Employed,1464,4,Good,0.2,1
71,13620,487,12969,Employed,822,8,Good,0.56,1
38,3043,555,8203,Employed,8648,5,Fair,0.53,0
31,1771,829,5641,Student,10403,7,Good,0.17,1
48,6795,691,29536,Employed,11526,9,Poor,0.07,0
72,16463,767,15374,Employed,2139,7,Excellent,0.24,1
65,13080,552,15546,Employed,12041,0,Good,0.57,1
35,14097,475,15102,Self-Employed,10575,7,Good,0.66,1
24,13545,765,34359,Employed,4681,5,Fair,0.42,1
27,15103,588,34517,Employed,8505,3,Excellent,0.11,1
24,11437,349,35987,Self-Employed,2649,2,Good,0.38,1
50,16330,303,10029,Employed,10081,4,Good,0.7,0
40,8222,799,48545,Student,5089,4,Good,0.66,1
38,9701,522,12322,Self-Employed,3879,6,Good,0.7,1
36,5644,561,45441,Employed,7053,8,Good,0.5,1
65,7106,834,42493,Self-Employed,1489,0,Fair,0.33,1
36,8266,675,13654,Self-Employed,1664,8,Good,0.63,1
53,18614,360,10965,Unemployed,10800,2,Fair,0.63,0
46,17428,655,8508,Employed,2532,5,Fair,0.14,0
35,3148,323,48859,Self-Employed,655,5,Excellent,0.55,0
19,3630,592,36338,Employed,3718,3,Good,0.65,1
18,15892,655,23132,Employed,3982,1,Excellent,0.63,1
64,12088,328,1264,Self-Employed,2674,4,Good,0.51,0
22,5866,656,17025,Self-Employed,7444,2,Good,0.4,1
37,3006,664,47117,Employed,6209,3,Fair,0.55,0
28,16722,708,42341,Employed,7866,5,Excellent,0.39,1
59,13863,565,12488,Self-Employed,4015,6,Good,0.26,0
19,13295,590,43126,Unemployed,5976,1,Excellent,0.22,1
20,11358,452,44438,Employed,200,2,Poor,0.4,0
40,14116,518,1388,Employed,6611,6,Good,0.35,1
72,5636,472,3071,Self-Employed,12721,4,Fair,0.39,0
29,14978,311,25970,Employed,8329,3,Good,0.22,1
37,12661,815,48736,Employed,11255,3,Good,0.43,1
22,4189,661,15454,Employed,1075,8,Poor,0.48,0
54,4310,776,8840,Employed,1748,8,Good,0.57,1
55,13163,381,30654,Employed,1475,9,Good,0.43,1
47,7652,639,12849,Unemployed,13469,6,Good,0.54,1
26,1512,740,21403,Employed,6945,0,Fair,0.16,0
51,12662,525,11431,Employed,4957,0,Excellent,0.13,1
70,9499,670,23442,Employed,13517,2,Good,0.17,1
61,8719,327,7630,Employed,11605,2,Fair,0.6,0
52,6828,315,48736,Employed,3904,6,Excellent,0.41,0
69,5121,576,14008,Employed,13627,1,Good,0.35,1
39,13165,632,48487,Self-Employed,12423,7,Good,0.55,1
61,12814,782,3859,Self-Employed,11338,0,Excellent,0.13,1
41,2152,587,3393,Employed,448,7,Good,0.05,1
34,17682,413,30144,Employed,68,8,Fair,0.25,1
27,10312,337,15091,Employed,7096,4,Good,0.21,0
47,5290,753,23455,Employed,4908,3,Excellent,0.25,1
73,17159,465,35818,Employed,11824,5,Good,0.68,1
63,3145,504,4121,Self-Employed,7369,5,Poor,0.42,0
40,11935,544,10116,Employed,13302,7,Excellent,0.43,1
49,5188,632,5971,Unemployed,7741,7,Excellent,0.48,1
34,9189,695,45535,Employed,1190,0,Poor,0.31,0
67,2879,806,30644,Self-Employed,1740,8,Fair,0.69,0
68,5743,420,25079,Employed,11924,9,Fair,0.68,0
34,11737,558,29327,Employed,10211,0,Excellent,0.55,1
31,17830,709,37122,Employed,3192,2,Excellent,0.19,1
26,7111,609,38242,Self-Employed,3892,6,Excellent,0.62,1
57,14016,367,4397,Employed,14252,4,Good,0.12,1
19,15386,413,40049,Self-Employed,8288,5,Good,0.46,0
62,15216,519,13412,Employed,12664,7,Excellent,0.35,1
42,7412,519,49519,Employed,9706,3,Excellent,0.08,1
56,7949,772,6521,Employed,6043,3,Fair,0.64,1
26,3225,685,30151,Self-Employed,1076,7,Fair,0.67,0
71,17370,597,4472,Employed,8,2,Good,0.64,1
39,10804,552,6481,Self-Employed,11244,5,Excellent,0.18,1
60,9022,704,39977,Employed,14666,3,Fair,0.27,1
63,15163,791,20883,Employed,250,5,Good,0.67,1
21,6284,656,24379,Employed,8551,3,Good,0.12,1
43,10972,727,25265,Employed,2396,1,Poor,0.43,0
46,19116,514,42391,Employed,123,9,Excellent,0.37,1
62,11555,679,24656,Employed,12921,2,Good,0.15,1
51,14176,513,10304,Employed,12486,7,Fair,0.63,0
40,8946,397,22080,Unemployed,9020,0,Excellent,0.14,1
54,6225,827,46911,Employed,9626,9,Good,0.44,1
28,16269,827,44013,Employed,13205,5,Poor,0.26,1
23,2909,834,13445,Self-Employed,7672,8,Excellent,0.32,1
35,9705,848,41314,Employed,13406,0,Good,0.19,1
38,17865,627,23857,Employed,2077,3,Fair,0.46,1
59,1756,464,29894,Employed,9307,6,Good,0.69,0
53,19605,415,39570,Employed,595,5,Good,0.59,1
58,17204,449,1544,Employed,3086,5,Excellent,0.49,1
55,19307,817,40420,Employed,10894,8,Excellent,0.54,1
51,4490,331,17052,Employed,6964,7,Fair,0.6,0
34,2695,592,28734,Employed,10699,4,Fair,0.36,0
54,2744,476,36396,Employed,1744,1,Good,0.42,0
42,12915,360,37219,Employed,22,2,Good,0.63,1
55,8266,715,42497,Employed,8517,9,Good,0.5,1
29,13162,682,2436,Employed,4972,2,Good,0.14,1
40,17710,306,12007,Employed,8154,3,Good,0.56,0
70,19190,384,29341,Unemployed,262,1,Excellent,0.06,1
59,11813,697,32014,Self-Employed,11692,7,Fair,0.6,1
39,3902,692,36830,Self-Employed,13671,7,Good,0.56,1
38,18380,346,8551,Employed,1585,7,Fair,0.59,0
44,14775,640,14113,Employed,432,9,Good,0.07,1
74,16415,797,49431,Employed,8751,4,Fair,0.68,1
48,2409,777,38179,Employed,10747,9,Fair,0.45,1
23,17306,725,5841,Employed,12336,5,Good,0.57,1
44,1872,725,41729,Employed,6311,5,Good,0.42,1
57,2844,814,18102,Unemployed,9894,6,Good,0.27,1
51,10015,428,38964,Unemployed,2488,0,Good,0.24,0
29,3931,548,20111,Employed,12881,9,Good,0.1,1
62,12085,430,12093,Employed,5694,2,Good,0.4,0
74,16962,622,8546,Employed,12515,2,Good,0.14,1
70,3195,842,32799,Employed,6071,6,Good,0.42,1
24,3407,365,22584,Employed,213,5,Excellent,0.46,0
27,18664,400,20361,Employed,9857,8,Poor,0.34,0
62,2519,330,15484,Employed,7023,8,Good,0.15,0
34,12957,490,48871,Employed,7921,8,Good,0.33,1
43,2903,714,48448,Employed,10847,3,Excellent,0.62,1
38,19310,799,15101,Employed,3478,2,Good,0.35,1
45,10355,345,43774,Student,12007,3,Excellent,0.27,1
63,7368,388,37248,Self-Employed,2797,2,Good,0.46,1
19,12339,674,43701,Employed,9233,6,Excellent,0.45,1
71,1510,545,14261,Employed,12754,2,Good,0.11,0
60,7830,556,14209,Employed,2391,0,Good,0.2,1
18,16561,651,29647,Self-Employed,10563,7,Good,0.37,1
68,10730,404,9221,Employed,5365,5,Excellent,0.29,1
70,8964,636,48833,Employed,9275,4,Excellent,0.26,1
53,16246,825,20877,Employed,5761,7,Excellent,0.34,1
68,4503,600,26557,Employed,13149,7,Good,0.24,1
43,8695,376,33998,Employed,7216,2,Excellent,0.28,1
46,15162,810,8526,Employed,10917,2,Excellent,0.55,1
38,15239,529,39049,Employed,1950,9,Good,0.38,1
28,17088,331,2251,Unemployed,6823,6,Fair,0.62,0
57,3289,357,33588,Employed,13564,2,Good,0.67,0
28,9098,403,7889,Employed,847,8,Poor,0.65,0
53,6338,611,47152,Self-Employed,5502,7,Good,0.21,1
66,7372,366,46454,Employed,7476,7,Good,0.36,1
56,12867,673,29766,Employed,4671,8,Good,0.4,1
57,5799,534,30146,Employed,8736,7,Good,0.6,1
52,18857,411,35546,Self-Employed,4153,3,Good,0.41,1
71,8583,688,9052,Employed,12081,6,Poor,0.21,1
51,6994,707,33548,Employed,2111,5,Good,0.41,1
72,12817,353,38638,Employed,13186,0,Good,0.08,1
64,4629,538,2147,Unemployed,2172,4,Fair,0.59,0
41,1604,594,3847,Employed,10300,1,Fair,0.42,0
71,8933,411,21234,Employed,8571,8,Good,0.47,0
39,9189,387,20454,Employed,13265,2,Excellent,0.18,1
22,5067,775,34388,Employed,14072,6,Poor,0.41,0
73,19065,603,34731,Employed,9353,1,Good,0.39,1
50,6144,604,40983,Self-Employed,65,6,Good,0.45,1
53,16466,589,44820,Employed,5298,3,Poor,0.6,0
64,12830,507,27076,Employed,14301,5,Fair,0.55,1
37,5894,669,31752,Employed,797,8,Good,0.41,1
36,5034,519,17003,Employed,10008,7,Good,0.63,0
52,13888,530,8418,Employed,5290,8,Fair,0.28,1
69,12819,648,18710,Employed,631,4,Good,0.37,1
60,7975,554,1121,Employed,9559,4,Excellent,0.47,1
34,19658,751,38081,Employed,11967,3,Poor,0.34,1
62,16228,441,28773,Employed,3258,8,Good,0.28,1
60,13506,368,18566,Employed,7101,9,Fair,0.12,1
51,17650,388,47750,Self-Employed,8418,7,Fair,0.46,0
26,1946,435,34562,Employed,7433,5,Fair,0.18,0
43,1608,822,43584,Employed,8383,9,Poor,0.14,0
19,4739,741,21655,Employed,2799,5,Good,0.17,1
70,7431,337,9483,Self-Employed,5725,5,Fair,0.5,0
26,5553,507,33688,Employed,1149,5,Fair,0.14,1
26,15246,509,41094,Unemployed,3003,6,Poor,0.68,0
57,2745,812,42450,Employed,3545,5,Fair,0.54,1
34,15339,659,26209,Employed,12386,7,Fair,0.31,1
18,14356,300,47316,Employed,12631,6,Excellent,0.44,1
42,6605,680,19556,Self-Employed,14578,1,Excellent,0.05,1
60,4422,836,28962,Employed,19,9,Excellent,0.6,1
57,4013,693,16638,Employed,11892,3,Excellent,0.23,1
59,4301,349,39754,Employed,10598,6,Excellent,0.1,0
42,15395,695,37675,Self-Employed,8624,1,Excellent,0.54,1
56,8481,331,22083,Employed,999,3,Poor,0.26,0
52,9721,844,8081,Employed,2658,1,Excellent,0.42,1
20,7538,533,14353,Student,2534,1,Good,0.6,1
67,16582,325,20852,Employed,12154,6,Fair,0.55,0
54,16148,733,6760,Student,4425,1,Excellent,0.27,1
61,1864,360,14771,Employed,1690,3,Good,0.61,0
61,3300,740,1490,Self-Employed,7474,6,Excellent,0.3,1
68,15610,429,5263,Student,6328,5,Excellent,0.38,1
47,7458,653,8769,Student,8526,3,Poor,0.45,0
55,10596,497,26334,Employed,2553,8,Fair,0.1,1
51,8936,670,18581,Unemployed,2510,4,Fair,0.44,1
29,14138,446,33749,Employed,6052,1,Fair,0.43,0
36,1679,797,12635,Employed,7138,6,Excellent,0.62,1
54,5373,347,2904,Employed,10242,9,Fair,0.28,0
61,19070,471,6269,Employed,10908,1,Fair,0.21,1
66,16955,614,31968,Self-Employed,14275,7,Poor,0.36,0
34,18657,675,2650,Employed,10414,6,Excellent,0.5,1
27,14297,832,13467,Student,1871,8,Good,0.42,1
74,5960,719,36959,Employed,1604,5,Excellent,0.14,1
72,16816,695,33795,Unemployed,9748,6,Excellent,0.28,1
66,1852,821,47900,Self-Employed,7143,9,Good,0.09,1
64,6844,486,23644,Self-Employed,10537,8,Excellent,0.53,1
29,6007,332,36518,Employed,10357,6,Good,0.62,0
33,6330,368,28280,Employed,8980,8,Good,0.08,0
41,12720,490,3879,Employed,641,7,Excellent,0.39,1
36,1617,400,5357,Employed,12493,4,Excellent,0.42,1
25,18365,784,29301,Employed,7302,6,Poor,0.34,1
48,5787,584,11865,Employed,7370,6,Fair,0.38,0
38,5977,689,3832,Employed,3106,0,Good,0.51,1
34,8033,459,36877,Employed,14365,3,Fair,0.36,0
40,18127,346,29868,Employed,9643,4,Excellent,0.65,1
54,14255,458,43420,Employed,2989,5,Excellent,0.4,1
71,2365,745,32403,Employed,4918,6,Excellent,0.1,1
33,12673,822,6758,Employed,14332,4,Good,0.67,1
23,6829,454,3921,Student,10496,1,Good,0.15,1
25,2103,638,35201,Employed,10421,4,Excellent,0.56,1
42,7256,664,5428,Employed,4303,4,Excellent,0.39,1
35,12754,447,41466,Employed,9070,6,Fair,0.53,0
42,5518,443,9111,Unemployed,11904,2,Good,0.38,1
29,6692,402,24247,Employed,7742,0,Poor,0.09,0
32,3515,392,49287,Employed,2389,5,Excellent,0.29,0
43,11350,585,31447,Employed,1612,6,Good,0.45,1
58,4880,723,49503,Employed,12665,9,Fair,0.46,1
62,5270,418,13366,Employed,12698,7,Fair,0.68,0
43,7329,328,47923,Self-Employed,12670,6,Good,0.44,0
64,3113,810,31564,Employed,7632,6,Excellent,0.24,1
49,14647,329,46252,Employed,3464,6,Excellent,0.08,1
27,17045,665,10975,Employed,6980,0,Good,0.56,1
33,19763,437,46281,Employed,8762,8,Good,0.63,1
24,6872,774,3642,Self-Employed,9366,8,Good,0.45,1
34,12038,691,41345,Self-Employed,5739,6,Excellent,0.36,1
40,1648,734,14849,Unemployed,14704,8,Good,0.61,1
43,3254,533,37479,Employed,5226,3,Good,0.21,1
38,8878,354,20344,Employed,5258,6,Fair,0.31,0
39,15091,591,22214,Student,279,1,Fair,0.38,1
24,10871,611,39226,Employed,6215,5,Good,0.08,1
31,14279,847,27155,Employed,2670,1,Good,0.5,1
32,11295,388,23522,Employed,10744,9,Excellent,0.17,1
70,7192,511,7680,Employed,5857,2,Good,0.27,0
24,5718,617,13507,Employed,2153,0,Excellent,0.32,1
26,6303,764,10419,Employed,7668,6,Fair,0.47,1
68,13172,386,39753,Employed,6302,1,Good,0.09,1
65,4682,708,23559,Self-Employed,5269,2,Good,0.27,1
25,12509,539,4160,Student,4109,0,Good,0.23,1
67,15828,356,45233,Employed,2052,2,Excellent,0.05,1
40,4086,412,8872,Self-Employed,3066,3,Good,0.5,0
46,4148,369,8839,Employed,11902,6,Poor,0.2,0
35,8813,483,16652,Student,13584,5,Good,0.16,1
48,19601,575,7859,Employed,14546,0,Good,0.57,1
47,14044,532,34520,Employed,14662,3,Good,0.08,1
69,8907,353,14304,Employed,9049,8,Good,0.64,0
56,18754,556,48825,Employed,11992,2,Good,0.5,1
52,16734,389,4980,Employed,12753,5,Excellent,0.16,1
35,16512,734,40093,Self-Employed,14251,1,Good,0.28,1
59,11235,707,1425,Employed,7246,4,Fair,0.67,1
56,14925,568,9141,Employed,7772,8,Poor,0.45,0
34,17198,665,11057,Employed,14061,1,Excellent,0.45,1
31,16821,650,32803,Employed,13033,2,Excellent,0.47,1
48,14146,598,48084,Employed,14512,1,Fair,0.35,1
41,6393,458,48588,Employed,5886,1,Good,0.16,1
52,10976,786,5106,Employed,10048,5,Poor,0.15,1
61,18770,825,21087,Employed,12419,5,Good,0.5,1
62,5882,654,2408,Employed,8968,4,Good,0.62,1
51,3285,700,20865,Employed,11954,1,Good,0.25,1
20,14530,704,39589,Employed,7545,0,Excellent,0.38,1
54,13235,395,44130,Student,10655,2,Good,0.69,1
60,18179,691,40612,Employed,12631,2,Excellent,0.22,1
57,11745,651,40163,Self-Employed,3448,8,Good,0.3,1
43,4097,587,42563,Self-Employed,14820,3,Fair,0.29,0
72,18564,822,16843,Employed,7313,8,Good,0.07,1
40,1824,461,29477,Employed,7822,0,Excellent,0.38,1
61,16660,481,33457,Employed,1555,2,Poor,0.19,0
56,14114,848,49109,Employed,5689,0,Excellent,0.13,1
32,2486,381,28330,Self-Employed,3367,5,Good,0.51,0
73,2260,823,30211,Self-Employed,577,0,Fair,0.55,1
66,13385,303,38569,Unemployed,12632,1,Excellent,0.63,1
21,10728,794,33667,Employed,5516,8,Fair,0.66,1
46,18790,350,49114,Employed,2522,0,Good,0.61,0
39,6999,560,2758,Self-Employed,12812,3,Good,0.13,1
42,1864,433,39548,Employed,5693,5,Fair,0.2,0
30,9527,661,30169,Employed,14235,1,Good,0.13,1
35,15032,516,12260,Self-Employed,45,0,Good,0.28,1
50,15908,367,33350,Unemployed,10126,3,Good,0.13,1
33,17605,442,42741,Employed,5724,2,Excellent,0.47,1
62,9439,645,33678,Employed,980,6,Good,0.52,1
59,15436,493,46181,Employed,5547,6,Excellent,0.15,1
61,10761,545,18910,Employed,3294,9,Excellent,0.45,1
19,17363,613,1840,Employed,10262,6,Excellent,0.06,1
72,14061,683,18725,Employed,5988,8,Excellent,0.33,1
52,11947,576,13299,Employed,2114,8,Excellent,0.24,1
59,15672,371,30989,Employed,8817,3,Excellent,0.7,1
51,13378,428,25505,Employed,3554,8,Good,0.65,0
47,13911,657,6559,Employed,14541,6,Excellent,0.15,1
72,6948,824,39694,Employed,11841,5,Good,0.65,1
30,3607,519,33597,Student,7729,8,Good,0.32,1
30,9428,305,9707,Employed,11916,3,Fair,0.42,0
35,16734,527,49943,Employed,257,0,Good,0.4,1
49,17810,316,45422,Employed,4043,5,Poor,0.52,0
49,15028,311,47759,Employed,10202,0,Good,0.27,0
52,14813,798,45039,Employed,10785,9,Excellent,0.1,1
56,3059,801,41443,Employed,6951,8,Good,0.32,1
63,19625,369,43107,Employed,252,4,Good,0.4,1
69,16667,407,29019,Employed,5700,1,Good,0.41,1
46,16843,500,23841,Self-Employed,9404,7,Good,0.57,1
66,7330,351,20640,Unemployed,6296,9,Good,0.08,0
46,9023,848,36362,Employed,14026,5,Excellent,0.69,1
70,18509,558,37424,Self-Employed,2124,2,Poor,0.69,0
61,19574,781,33626,Employed,6846,1,Good,0.11,1
74,17024,563,10740,Employed,14875,9,Good,0.27,1
33,14785,602,4155,Employed,8916,3,Poor,0.43,0
73,12473,424,24572,Employed,10608,0,Fair,0.29,0
61,4506,569,1978,Employed,4663,0,Good,0.37,0
64,5802,779,11497,Employed,10863,4,Fair,0.26,1
74,18972,431,45843,Unemployed,5874,9,Good,0.51,1
27,6111,301,20431,Employed,9369,8,Good,0.29,0
47,10872,414,36357,Self-Employed,2202,4,Fair,0.33,0
42,15580,780,24167,Self-Employed,2841,5,Excellent,0.42,1
56,16582,300,6942,Employed,270,9,Good,0.68,0
37,16141,630,19983,Employed,8753,8,Good,0.47,1
22,11593,690,36276,Employed,13820,2,Fair,0.11,1
18,9878,442,46279,Employed,5509,3,Excellent,0.26,1
47,3097,627,18577,Employed,3139,1,Good,0.32,1
66,13100,676,6915,Employed,10371,3,Good,0.53,1
20,5247,389,27333,Employed,1693,7,Excellent,0.34,1
62,15379,341,3045,Employed,9036,1,Poor,0.48,0
31,14517,334,25180,Employed,14600,3,Excellent,0.6,1
73,8932,793,42207,Employed,11945,7,Good,0.12,1
47,6225,423,43344,Unemployed,12045,6,Excellent,0.55,1
67,11937,356,10564,Employed,12507,8,Good,0.53,0
21,14769,755,12105,Employed,3623,1,Fair,0.58,1
35,14592,534,49533,Unemployed,4994,3,Fair,0.67,0
54,8502,691,21056,Employed,7080,8,Good,0.25,1
42,7631,791,48561,Employed,14624,5,Good,0.33,1
65,14761,642,48689,Employed,9294,8,Good,0.22,1
18,14112,475,33135,Unemployed,750,8,Good,0.26,1
70,6037,351,40949,Employed,7739,6,Fair,0.26,0
63,14591,849,33812,Employed,10559,6,Fair,0.62,1
32,3835,777,5511,Self-Employed,4413,7,Excellent,0.09,1
26,5821,788,23772,Employed,14822,1,Excellent,0.18,1
32,14754,304,16421,Employed,8014,9,Fair,0.45,0
66,2059,508,28116,Self-Employed,13702,6,Good,0.55,0
74,2213,516,8775,Employed,9964,5,Good,0.5,0
41,6093,835,27946,Employed,12875,6,Good,0.08,1
21,16684,641,11707,Unemployed,14129,5,Good,0.34,1
29,16761,700,14372,Employed,2086,2,Good,0.17,1
54,1756,761,41716,Employed,11462,4,Good,0.69,1
54,16074,510,30814,Employed,12392,2,Good,0.7,1
60,1537,325,23607,Unemployed,5701,5,Excellent,0.08,0
23,11764,551,28957,Employed,3865,2,Fair,0.48,0
56,14197,302,31278,Employed,8698,1,Fair,0.58,0
73,10152,301,44847,Student,12857,3,Good,0.26,1
63,17430,301,9216,Employed,328,8,Good,0.5,1
41,3332,449,11006,Employed,9906,0,Excellent,0.17,1
28,17017,303,34993,Employed,13271,7,Excellent,0.13,1
30,6667,796,35016,Employed,14643,4,Excellent,0.65,1
51,1932,849,26354,Employed,8413,1,Excellent,0.47,1
42,5651,767,49637,Employed,10895,8,Fair,0.58,1
24,16412,369,20226,Employed,3887,1,Poor,0.4,0
69,7911,500,39466,Employed,6816,2,Excellent,0.15,1
21,19635,607,18966,Unemployed,12438,0,Excellent,0.29,1
25,1756,551,5848,Employed,6316,0,Fair,0.62,0
37,2171,586,43673,Unemployed,10962,1,Good,0.06,1
46,1989,591,12783,Unemployed,12131,1,Good,0.18,1
71,8389,453,47156,Employed,9170,5,Poor,0.21,0
70,13406,432,36906,Employed,3093,7,Good,0.22,1
68,19980,573,11924,Employed,6953,3,Good,0.11,1
62,19566,808,5642,Self-Employed,11116,2,Good,0.6,1
63,14103,652,6196,Self-Employed,13856,1,Excellent,0.15,1
27,3960,304,12155,Employed,620,0,Good,0.59,0
60,6029,592,13055,Unemployed,3465,7,Excellent,0.28,1
51,3475,659,21152,Employed,6190,6,Good,0.35,1
74,4716,513,39966,Unemployed,9823,1,Excellent,0.35,1
43,15767,705,9072,Employed,5244,6,Good,0.51,1
58,11081,735,16965,Unemployed,11598,5,Good,0.53,1
66,6015,314,43456,Employed,5414,7,Excellent,0.47,1
20,13548,572,45687,Employed,10029,5,Excellent,0.55,1
73,11276,344,32990,Self-Employed,4935,3,Fair,0.06,0
23,4463,711,22942,Employed,14130,7,Good,0.38,1
22,8286,486,43695,Employed,9752,0,Fair,0.39,0
22,15366,469,47827,Employed,13905,9,Fair,0.21,0
71,7700,700,48417,Self-Employed,6713,0,Excellent,0.41,1
64,18860,545,27843,Employed,6074,3,Good,0.35,1
40,8845,342,6490,Self-Employed,6681,0,Fair,0.36,0
66,1545,478,22719,Employed,5416,4,Good,0.13,0
26,2693,756,39684,Employed,8235,8,Fair,0.33,0
52,6012,834,19894,Employed,12884,8,Good,0.55,1
37,18130,543,31837,Self-Employed,12309,8,Good,0.32,1
66,10483,316,45294,Employed,12513,5,Fair,0.37,0
59,2136,411,2746,Employed,12836,0,Excellent,0.68,0
52,5275,846,26071,Employed,4469,9,Good,0.62,1
67,3921,329,9170,Employed,6756,4,Excellent,0.65,0
35,14525,491,34401,Unemployed,14989,9,Excellent,0.1,1
34,10780,736,13889,Employed,1027,1,Excellent,0.45,1
41,5683,478,20104,Student,14359,0,Good,0.2,1
20,12851,773,16140,Employed,10177,4,Fair,0.31,1
49,18596,433,28736,Employed,9918,4,Excellent,0.49,1
52,6823,611,9152,Employed,9024,0,Fair,0.43,0
55,14388,324,49486,Self-Employed,11585,6,Excellent,0.38,1
30,5144,670,20741,Employed,14092,2,Excellent,0.58,1
73,17642,824,38160,Employed,10778,5,Poor,0.49,1
64,9273,618,39147,Unemployed,12659,1,Excellent,0.58,1
42,12278,529,23354,Employed,13904,8,Excellent,0.66,1
26,14001,401,9666,Self-Employed,7800,1,Excellent,0.51,1
21,15909,749,29403,Self-Employed,1388,1,Excellent,0.31,1
31,3608,677,43606,Employed,912,0,Good,0.19,1
54,5114,502,35726,Employed,9284,0,Excellent,0.23,1
51,11751,566,40447,Employed,7639,3,Good,0.31,1
28,13178,761,49689,Employed,7672,6,Good,0.53,1
58,15867,664,47116,Employed,5432,3,Good,0.08,1
73,5832,403,41116,Self-Employed,5191,4,Fair,0.58,0
20,13502,410,6884,Employed,9461,5,Excellent,0.54,1
45,17200,727,13312,Employed,757,4,Good,0.37,1
46,15269,768,42596,Employed,9980,4,Good,0.31,1
26,8463,549,20998,Employed,8043,3,Excellent,0.12,1
20,9338,781,4820,Unemployed,5192,8,Fair,0.24,1
42,13899,630,5322,Employed,2833,4,Good,0.12,1
51,13743,500,39235,Employed,7695,8,Excellent,0.58,1
29,3345,753,46093,Employed,11954,3,Excellent,0.38,1
59,15442,803,39270,Employed,14175,8,Good,0.21,1
26,18266,845,40217,Employed,3061,4,Fair,0.06,1
32,5612,410,25923,Unemployed,2087,7,Fair,0.39,0
57,14280,843,23942,Employed,3110,0,Good,0.54,1
42,17190,508,34750,Employed,7028,3,Excellent,0.55,1
22,11588,332,33333,Employed,10984,3,Good,0.19,0
28,3009,406,42691,Self-Employed,12853,1,Fair,0.7,0
51,13904,564,48757,Employed,3243,2,Good,0.42,1
41,3078,525,23912,Employed,12589,7,Excellent,0.27,1
32,18763,786,22983,Employed,7657,7,Excellent,0.31,1
55,15606,478,47197,Employed,7599,0,Good,0.13,1
25,11340,521,23074,Employed,1724,1,Excellent,0.37,1
22,14431,669,48164,Unemployed,9125,3,Fair,0.54,1
65,2859,466,44560,Employed,554,5,Excellent,0.32,1
43,5742,599,6905,Employed,8195,2,Fair,0.61,0
35,17964,680,26028,Employed,1284,6,Good,0.36,1
23,4209,334,5073,Unemployed,12260,2,Good,0.64,0
54,14291,706,3234,Employed,4976,7,Good,0.51,1
65,18551,801,16273,Employed,11812,5,Excellent,0.09,1
30,4999,613,8631,Employed,12697,7,Excellent,0.09,1
45,13190,400,13061,Student,14058,6,Poor,0.57,0
22,9580,514,24818,Employed,14600,4,Good,0.28,1
30,2689,361,45667,Employed,6158,4,Excellent,0.17,0
34,15408,668,24704,Employed,8279,2,Good,0.61,1
67,14251,667,30362,Employed,6103,3,Excellent,0.69,1
57,16214,393,47506,Self-Employed,12386,7,Excellent,0.58,1
62,2525,768,11850,Self-Employed,5103,4,Excellent,0.52,1
49,1571,325,31638,Employed,9832,8,Excellent,0.05,0
46,7046,734,17919,Employed,216,2,Good,0.12,1
68,4185,420,24884,Employed,6553,9,Fair,0.49,0
20,10885,349,32480,Employed,8382,2,Good,0.32,1
73,19732,335,31697,Self-Employed,13526,7,Good,0.06,1
57,12076,709,19084,Employed,1733,7,Excellent,0.53,1
51,3522,588,40807,Employed,4712,6,Excellent,0.32,1
57,17331,678,31301,Employed,7194,5,Good,0.48,1
44,14440,399,8114,Unemployed,1205,6,Fair,0.35,0
30,19182,623,31550,Unemployed,2642,6,Excellent,0.07,1
62,5602,628,46179,Employed,11422,5,Good,0.46,0
50,18788,520,8469,Employed,6373,8,Poor,0.56,0
23,4526,409,48771,Student,11498,4,Fair,0.15,0
41,8209,448,7492,Employed,11039,4,Excellent,0.63,1
36,7469,705,38112,Employed,11649,5,Excellent,0.17,1
33,4120,709,2971,Self-Employed,12817,9,Poor,0.32,0
57,4146,428,47350,Employed,3355,3,Excellent,0.39,0
45,6365,783,10644,Employed,12358,9,Good,0.25,1
50,3789,407,27169,Unemployed,13526,9,Good,0.38,0
65,8870,688,18096,Employed,2164,8,Good,0.52,1
58,15354,724,37423,Employed,99,1,Excellent,0.51,1
30,11177,746,49110,Employed,599,2,Good,0.65,1
60,12843,367,13534,Student,9051,8,Excellent,0.61,1
62,19324,365,13768,Employed,5784,0,Good,0.69,1
42,2265,803,23625,Unemployed,6438,4,Good,0.44,1
70,14171,803,40240,Employed,13292,2,Excellent,0.31,1
59,17658,620,29660,Employed,12083,2,Good,0.21,1
53,5592,746,25144,Employed,10873,0,Poor,0.21,0
44,14475,509,10640,Unemployed,5842,7,Fair,0.15,1
55,10841,669,21032,Employed,10296,2,Excellent,0.52,1
24,13834,757,38892,Unemployed,7180,3,Good,0.48,1
22,17577,462,27589,Employed,10432,4,Good,0.24,1
60,17335,631,9650,Self-Employed,7742,4,Good,0.63,1
62,4166,649,3843,Employed,9185,1,Fair,0.41,0
74,7468,767,25357,Employed,3910,6,Poor,0.09,1
68,9141,725,17976,Employed,11773,5,Good,0.09,1
48,11334,626,1497,Employed,9368,6,Fair,0.14,0
40,5388,405,3134,Employed,13334,9,Excellent,0.19,0
59,2340,554,19833,Employed,12317,9,Fair,0.63,0
27,15373,657,6412,Employed,11632,2,Fair,0.56,1
49,12346,743,33666,Employed,5820,7,Good,0.18,1
60,7399,412,5292,Employed,11654,5,Fair,0.21,0
70,2065,329,28387,Employed,14645,6,Good,0.46,0
47,7505,823,32826,Unemployed,13932,8,Good,0.62,1
56,10656,345,1026,Employed,1376,7,Poor,0.26,0
48,11974,470,13108,Self-Employed,8763,7,Excellent,0.39,1
35,10687,429,15470,Employed,12353,2,Poor,0.63,0
53,8726,652,30785,Employed,10405,0,Excellent,0.55,1
19,10879,502,3253,Employed,9707,0,Good,0.63,0
31,7390,525,21026,Employed,11916,9,Excellent,0.23,1
30,14613,379,45258,Employed,4659,1,Excellent,0.5,1
46,5811,609,30274,Employed,8371,7,Good,0.12,1
29,12946,334,47147,Employed,14879,9,Excellent,0.45,1
56,10348,460,46417,Employed,725,5,Poor,0.25,0
19,7583,734,43243,Unemployed,13064,5,Excellent,0.51,1
49,14098,837,48761,Employed,1040,0,Excellent,0.14,1
30,18440,524,2086,Employed,6269,1,Fair,0.48,1
63,4080,745,25406,Employed,81,4,Fair,0.51,0
44,15344,616,35783,Self-Employed,11303,2,Good,0.61,1
66,11053,713,22451,Employed,5735,1,Excellent,0.5,1
58,10886,394,10907,Employed,11210,8,Fair,0.39,0
34,16135,524,8123,Employed,1205,9,Good,0.56,1
57,2171,365,47702,Employed,12159,6,Poor,0.23,0
48,2277,696,27302,Unemployed,14773,0,Good,0.49,1
51,4522,509,8084,Employed,13255,0,Fair,0.52,0
41,19744,773,20847,Unemployed,14001,2,Fair,0.31,1
62,15317,789,23805,Unemployed,6673,9,Good,0.69,1
52,15760,479,15248,Employed,5772,5,Fair,0.28,1
65,2574,823,5467,Employed,13472,1,Good,0.1,1
23,11408,758,26384,Unemployed,14222,7,Excellent,0.25,1
36,10975,367,3896,Employed,11989,3,Good,0.11,1
47,14378,628,11362,Self-Employed,6142,7,Good,0.27,1
24,16620,501,20512,Unemployed,2981,6,Fair,0.13,1
27,3486,774,21639,Self-Employed,10973,1,Good,0.34,1
58,12325,817,43110,Self-Employed,12037,8,Good,0.56,1
49,10693,314,18718,Self-Employed,12844,4,Fair,0.09,0
51,18930,341,26093,Employed,5306,5,Good,0.42,1
45,3676,842,24462,Employed,3446,1,Excellent,0.08,1
32,11547,588,18672,Employed,9682,2,Excellent,0.62,1
47,18384,832,9937,Self-Employed,2288,9,Excellent,0.65,1
54,6108,543,48391,Unemployed,5856,7,Excellent,0.37,1
46,13406,473,46475,Employed,2381,4,Excellent,0.55,1
39,8734,833,29543,Employed,8239,9,Good,0.44,1
21,8110,808,23031,Employed,4008,0,Excellent,0.27,1
37,12024,543,39696,Unemployed,7271,8,Excellent,0.21,1
49,18484,359,18081,Employed,8654,0,Poor,0.54,0
53,14911,403,12226,Employed,5193,8,Poor,0.33,0
67,10680,602,17858,Unemployed,7734,9,Good,0.65,1
21,16725,376,45936,Employed,2364,5,Excellent,0.68,1
44,11573,317,31332,Student,14337,6,Fair,0.19,0
34,5983,833,47957,Student,7921,0,Good,0.41,1
29,7401,483,40300,Unemployed,10611,9,Excellent,0.4,1
39,7629,849,42470,Employed,1793,0,Good,0.61,1
34,19638,580,26113,Employed,3540,4,Excellent,0.5,1
27,11915,587,44220,Self-Employed,14155,1,Poor,0.44,0
71,5982,824,23016,Employed,9225,9,Fair,0.49,0
18,11186,773,6384,Employed,8779,4,Excellent,0.3,1
39,8900,566,18750,Unemployed,12710,4,Good,0.67,1
43,8306,656,18445,Employed,7425,5,Good,0.09,1
73,12016,300,29904,Employed,5752,8,Fair,0.07,0
35,8896,326,36075,Employed,6976,5,Good,0.32,0
67,8838,847,17691,Self-Employed,11201,9,Excellent,0.15,1
31,11450,459,30074,Unemployed,2774,0,Excellent,0.4,1
64,14000,698,10188,Employed,475,4,Excellent,0.06,1
46,13045,842,26860,Employed,4340,1,Poor,0.35,1
29,6741,426,31171,Employed,7504,7,Poor,0.24,0
53,6195,509,30421,Employed,10931,6,Good,0.18,1
52,13030,449,43089,Employed,4583,5,Excellent,0.34,1
69,15812,330,32990,Employed,11092,1,Good,0.61,1
29,15818,601,1303,Employed,14123,2,Fair,0.48,1
24,19666,556,7486,Employed,10017,8,Excellent,0.15,1
46,12824,356,6566,Self-Employed,13384,8,Good,0.37,0
28,4718,308,22541,Employed,7888,6,Excellent,0.66,0
50,5516,304,4891,Unemployed,13040,1,Good,0.34,0
23,4337,413,10046,Self-Employed,10089,6,Fair,0.36,0
64,17812,504,30741,Employed,11948,0,Good,0.66,1
32,8534,323,6724,Employed,5023,8,Good,0.14,1
49,8809,792,49347,Unemployed,13316,8,Fair,0.53,1
68,15879,705,23664,Unemployed,5581,5,Fair,0.24,0
28,5739,402,6350,Employed,5485,9,Excellent,0.61,1
40,13628,359,42777,Employed,3566,0,Good,0.09,1
43,17356,385,15025,Employed,6360,7,Fair,0.69,0
51,11111,671,29225,Employed,13525,5,Good,0.55,1
63,5650,501,10164,Employed,13246,8,Good,0.23,1
51,12609,388,37901,Employed,1348,8,Good,0.54,1
46,2946,736,10370,Employed,2357,6,Excellent,0.65,1
21,13436,419,49630,Employed,10277,3,Excellent,0.12,1
34,12536,455,33872,Unemployed,5000,0,Good,0.64,0
52,7968,698,25830,Self-Employed,13372,2,Good,0.28,1
30,15521,487,24955,Student,5214,5,Fair,0.05,1
58,5675,351,48037,Employed,14568,0,Good,0.12,0
56,16890,830,23985,Employed,5908,3,Good,0.63,1
32,6580,779,24055,Self-Employed,13859,7,Good,0.69,1
72,16971,529,26166,Employed,4608,7,Good,0.63,1
46,16393,780,42329,Employed,14485,5,Fair,0.34,1
46,18748,429,13389,Employed,11734,5,Fair,0.67,1
28,17509,354,20347,Unemployed,14550,2,Good,0.31,1
69,7717,570,42623,Employed,2446,6,Excellent,0.12,1
49,7172,399,17360,Employed,13869,7,Poor,0.27,0
19,3002,368,15214,Employed,9792,1,Good,0.7,0
64,2910,598,28222,Unemployed,3077,4,Fair,0.46,0
31,5270,828,7743,Employed,6055,5,Fair,0.27,1
37,11597,653,36356,Employed,8098,0,Good,0.46,1
39,5501,451,35303,Employed,10428,4,Good,0.33,0
28,2098,629,15698,Employed,9878,2,Poor,0.08,0
44,12476,415,35796,Employed,4755,2,Fair,0.18,0
20,7891,841,30602,Employed,12315,5,Fair,0.06,1
34,17950,622,15947,Student,2001,0,Good,0.22,1
61,16408,528,36537,Self-Employed,8326,4,Poor,0.53,0
73,13090,659,23469,Employed,1789,4,Fair,0.18,1
45,17779,304,7486,Employed,12592,4,Fair,0.39,0
46,4250,327,8241,Employed,10734,2,Excellent,0.51,0
38,11416,663,31854,Unemployed,13011,5,Good,0.41,1
64,8306,761,20371,Employed,11543,0,Good,0.06,1
33,7929,530,41903,Employed,7247,9,Good,0.29,1
54,9623,694,33524,Employed,7948,0,Good,0.34,1
37,19515,570,47941,Employed,2907,1,Excellent,0.27,1
23,7952,603,23474,Employed,6534,3,Good,0.41,1
36,18658,682,13667,Employed,6742,9,Good,0.38,1
74,16956,327,14801,Employed,7062,8,Fair,0.17,1
22,5519,818,43108,Unemployed,13179,9,Good,0.54,1
20,13919,498,48141,Unemployed,2270,7,Good,0.15,1
18,2429,381,5405,Employed,11866,9,Fair,0.35,0
55,7764,387,3153,Employed,10219,1,Good,0.54,1
32,9473,689,26131,Employed,9019,0,Poor,0.5,0
51,11197,750,20680,Employed,14601,3,Good,0.33,1
52,12636,732,20697,Employed,7986,4,Good,0.56,1
66,2684,673,40064,Employed,9535,1,Excellent,0.51,1
42,18411,734,36351,Unemployed,7273,9,Fair,0.3,1
41,2416,486,29283,Employed,6396,5,Fair,0.63,0
29,5074,689,29444,Employed,4294,7,Fair,0.14,0
35,4819,517,36811,Employed,3127,4,Excellent,0.28,1
32,19290,407,23363,Employed,7071,3,Poor,0.5,0
61,19125,849,45804,Self-Employed,8598,6,Poor,0.62,1
33,6706,648,20646,Unemployed,1461,4,Good,0.26,1
44,18682,821,40804,Employed,1774,7,Good,0.41,1
25,19407,325,17036,Unemployed,5576,6,Fair,0.06,1
63,6428,347,7726,Employed,13788,4,Good,0.29,0
42,17605,669,37790,Self-Employed,9562,7,Good,0.27,1
34,4388,313,42160,Employed,8677,0,Good,0.6,0
46,4190,486,19274,Employed,6996,7,Good,0.1,1
70,5591,823,25587,Employed,362,2,Good,0.09,1
25,15460,578,22555,Employed,8133,0,Good,0.34,1
32,2190,640,11168,Unemployed,3801,8,Good,0.31,1
44,2995,627,16103,Employed,211,5,Fair,0.16,0
63,12585,324,26901,Employed,4796,7,Fair,0.22,0
67,18776,828,31567,Unemployed,8014,9,Fair,0.68,1
69,12220,725,46030,Employed,7020,3,Good,0.38,1
24,7373,328,14207,Employed,2661,1,Fair,0.11,0
20,6003,622,40432,Unemployed,9107,5,Good,0.08,1
46,13220,612,24691,Unemployed,9652,1,Good,0.08,1
61,15464,569,4556,Employed,12430,0,Good,0.3,1
70,2397,594,41072,Employed,11548,6,Good,0.61,0
41,18594,522,34133,Student,1093,6,Good,0.59,1
20,5195,374,16893,Employed,14159,5,Fair,0.29,0
37,4186,401,16866,Employed,7744,1,Poor,0.55,0
63,7278,831,1656,Employed,5053,4,Excellent,0.54,1
32,16650,472,42120,Employed,9925,0,Good,0.36,1
42,18299,303,16096,Employed,1551,1,Good,0.31,1
47,11163,778,16447,Self-Employed,9525,4,Good,0.17,1
31,5680,694,20854,Employed,9056,4,Poor,0.23,0
24,5762,466,22983,Unemployed,9478,6,Good,0.27,0
34,4015,599,32196,Employed,4155,4,Fair,0.58,0
61,12736,417,13046,Employed,4617,5,Good,0.41,1
37,15604,811,40194,Employed,8500,1,Excellent,0.18,1
53,8116,474,35529,Self-Employed,1543,4,Good,0.11,1
26,18876,458,1956,Employed,1405,7,Good,0.37,1
55,5870,683,25560,Employed,6484,0,Fair,0.48,0
65,19657,526,25175,Student,5721,9,Excellent,0.58,1
74,5316,337,42041,Student,1572,6,Excellent,0.57,0
39,3256,762,22295,Employed,2001,7,Fair,0.59,0
71,3873,730,15855,Employed,9091,4,Good,0.34,1
70,4076,403,19003,Employed,1107,3,Poor,0.61,0
70,5684,492,14036,Employed,8175,0,Good,0.34,1
19,3897,549,43133,Unemployed,3305,8,Excellent,0.16,1
41,14174,312,39773,Employed,4857,1,Good,0.31,0
25,11826,687,14844,Employed,12527,4,Good,0.27,1
28,12046,370,1645,Employed,7271,6,Good,0.3,1
30,6035,737,34146,Employed,11986,7,Excellent,0.48,1
34,16099,343,40877,Self-Employed,4320,9,Excellent,0.48,1
25,10668,571,45693,Unemployed,12566,3,Excellent,0.2,1
38,18618,313,18524,Employed,5512,9,Good,0.26,1
35,2132,670,21119,Employed,13989,0,Fair,0.44,0
47,14780,411,48679,Employed,12076,6,Excellent,0.1,1
35,16246,678,27589,Employed,10668,9,Good,0.5,1
63,5768,613,18045,Employed,8593,8,Fair,0.17,0
64,19547,714,14163,Student,10285,0,Good,0.6,1
48,16821,784,25587,Employed,14849,0,Fair,0.31,1
55,11707,468,22593,Employed,3247,6,Excellent,0.19,1
49,7091,545,34155,Employed,11263,8,Excellent,0.48,1
28,17726,565,31802,Employed,3856,4,Good,0.41,1
62,2554,542,29409,Employed,11893,3,Fair,0.16,0
42,10072,599,11111,Self-Employed,9999,5,Good,0.59,1
50,15079,626,46451,Employed,9581,8,Poor,0.34,0
55,12083,829,22119,Employed,5292,1,Good,0.15,1
58,9507,641,25675,Employed,4399,4,Good,0.57,1
25,17403,548,48078,Employed,14487,3,Fair,0.14,1
28,11284,679,48977,Employed,2398,2,Excellent,0.68,1
39,5761,831,36539,Employed,12992,4,Fair,0.34,1
68,3889,680,37937,Self-Employed,8283,6,Good,0.52,1
41,15439,341,24647,Self-Employed,11424,2,Excellent,0.34,1
58,12719,644,27953,Student,14441,2,Excellent,0.17,1
34,10899,560,43823,Employed,5222,5,Poor,0.54,0
29,2044,605,5019,Employed,2179,4,Good,0.24,1
74,3739,539,21654,Employed,11008,2,Excellent,0.49,1
63,12059,612,39624,Employed,1312,0,Excellent,0.22,1
49,4127,740,48418,Employed,12745,9,Good,0.21,1
32,8118,432,29334,Employed,12221,1,Excellent,0.35,1
33,13623,350,49695,Self-Employed,9090,2,Excellent,0.58,1
71,8280,691,46483,Employed,3172,3,Fair,0.45,1
39,9515,822,17418,Student,5932,4,Fair,0.09,1
45,4630,807,27742,Employed,3092,9,Poor,0.53,0
37,17980,653,14682,Employed,8440,8,Excellent,0.43,1
50,16331,694,49028,Unemployed,10431,3,Fair,0.46,1
27,4208,395,45599,Employed,2632,8,Good,0.28,1
57,6897,405,13164,Unemployed,3384,4,Good,0.41,1
49,13028,812,8618,Employed,4263,2,Excellent,0.29,1
67,18340,541,4380,Employed,13885,6,Poor,0.1,1
50,7414,787,24927,Employed,14506,7,Poor,0.6,0
19,5868,814,16163,Employed,3704,8,Fair,0.49,1
50,12679,360,20560,Self-Employed,13527,8,Excellent,0.49,1
50,13576,715,15725,Employed,5628,5,Fair,0.18,1
58,19821,593,42135,Employed,1197,8,Good,0.48,1
30,15448,601,5687,Self-Employed,10183,2,Excellent,0.2,1
47,19030,469,47242,Unemployed,14871,1,Excellent,0.5,1
50,15324,340,46969,Employed,4503,4,Good,0.27,1
30,5799,530,30962,Employed,8692,6,Fair,0.15,0
69,15620,708,2586,Self-Employed,9353,6,Fair,0.64,1
43,9618,596,9056,Self-Employed,8290,5,Good,0.12,1
39,12256,754,47358,Student,3128,2,Good,0.55,1
56,9453,356,6422,Employed,2294,5,Good,0.12,0
19,6284,539,21042,Employed,8904,0,Fair,0.5,0
55,16685,475,1952,Employed,3914,2,Excellent,0.12,1
56,10524,362,30532,Employed,8298,1,Fair,0.38,0
43,16174,437,39133,Employed,13359,3,Good,0.17,1
63,19345,753,13521,Employed,6988,7,Good,0.61,1
67,13208,748,11906,Employed,8237,2,Excellent,0.31,1
32,2659,525,3978,Employed,10635,5,Good,0.06,0
51,1886,742,47518,Unemployed,3131,9,Excellent,0.46,1
59,8692,505,43769,Self-Employed,13458,0,Poor,0.34,0
72,12245,326,32275,Employed,10855,3,Good,0.61,0
61,11410,756,44766,Unemployed,13891,4,Poor,0.33,0
66,4909,406,13343,Student,9141,4,Excellent,0.32,0
57,18573,743,12951,Employed,11760,0,Good,0.35,1
28,14680,335,15691,Employed,10913,8,Poor,0.61,0
20,18836,454,12520,Employed,3798,4,Excellent,0.43,1
23,7642,468,38676,Employed,5237,8,Excellent,0.49,1
26,7467,571,12326,Employed,14572,6,Good,0.52,1
23,8705,846,31521,Employed,11481,4,Good,0.66,1
26,17506,719,35727,Employed,4724,8,Excellent,0.59,1
56,13609,483,38950,Employed,11526,4,Poor,0.65,0
48,14534,536,1805,Employed,14505,9,Fair,0.27,1
49,3984,808,36868,Employed,14019,8,Good,0.19,1
58,3354,740,35343,Employed,6535,4,Excellent,0.18,1
67,13131,421,12922,Employed,11413,0,Excellent,0.61,1
29,4097,716,9791,Employed,3317,6,Excellent,0.59,1
25,9329,834,36383,Self-Employed,12788,4,Good,0.47,1
25,9686,674,45331,Employed,10009,4,Good,0.09,1
67,5483,625,16040,Employed,4044,5,Excellent,0.26,1
45,8184,779,26187,Unemployed,7358,5,Poor,0.53,0
37,11883,449,31860,Self-Employed,2221,6,Good,0.21,0
64,18540,789,27525,Employed,12880,7,Excellent,0.46,1
24,13504,452,39394,Employed,4267,0,Fair,0.4,1
28,13603,316,26136,Employed,9149,9,Excellent,0.22,1
37,7812,647,44506,Employed,6819,2,Fair,0.66,1
33,9438,758,18010,Employed,4904,5,Fair,0.22,1
21,11454,501,40652,Employed,4718,0,Poor,0.63,0
23,11277,722,45222,Unemployed,4814,4,Good,0.4,1
39,5063,579,12974,Employed,10577,4,Excellent,0.11,1
43,6541,721,9866,Employed,9626,9,Excellent,0.59,1
20,12792,764,19286,Employed,7237,8,Excellent,0.56,1
58,9526,654,16015,Unemployed,11361,1,Fair,0.59,0
59,15423,677,38140,Employed,2984,6,Fair,0.46,0
31,18924,423,27670,Employed,5636,8,Poor,0.51,0
28,5129,379,37610,Employed,3256,7,Good,0.64,0
35,3614,532,21695,Employed,9628,0,Fair,0.13,0
71,3177,779,25805,Employed,4473,0,Excellent,0.1,1
29,4594,453,25190,Self-Employed,8164,1,Poor,0.13,0
40,3784,708,8997,Employed,7179,0,Excellent,0.62,1
29,6552,330,45452,Employed,1432,7,Fair,0.42,0
30,19473,802,23752,Employed,9966,6,Good,0.16,1
42,13547,670,19069,Unemployed,417,5,Excellent,0.14,1
62,2194,622,31508,Employed,6474,1,Fair,0.34,0
68,17088,631,22517,Self-Employed,982,8,Fair,0.58,1
36,14555,542,42592,Employed,6423,0,Fair,0.57,0
72,17580,729,9524,Employed,1138,0,Good,0.6,1
63,8204,481,11071,Self-Employed,2928,1,Good,0.55,1
53,8868,772,40077,Employed,9425,6,Excellent,0.09,1
62,3471,675,42466,Employed,4542,9,Fair,0.52,1
25,16093,380,21596,Employed,830,0,Excellent,0.39,1
46,9555,849,10781,Employed,13705,2,Poor,0.52,0
72,12941,719,41239,Employed,12285,9,Good,0.36,1
70,16177,766,48560,Employed,13492,7,Good,0.36,1
72,3368,727,35759,Employed,7632,6,Fair,0.13,0
49,19555,356,46924,Employed,4288,7,Good,0.64,1
68,3228,621,43694,Employed,2860,5,Good,0.29,1
61,9132,841,27839,Employed,7105,7,Good,0.43,1
35,13543,794,3263,Employed,5375,4,Excellent,0.18,1
23,7903,565,26002,Employed,10160,8,Good,0.29,1
35,17232,526,39022,Self-Employed,7790,9,Excellent,0.62,1
36,10840,353,26642,Employed,2471,0,Good,0.19,0
39,7684,303,36579,Employed,12993,6,Excellent,0.18,0
54,1753,738,13571,Employed,13947,5,Fair,0.22,1
49,5602,609,18217,Employed,6234,7,Fair,0.42,0
73,5042,388,49225,Employed,12935,1,Fair,0.39,0
58,7712,619,8227,Employed,13082,0,Excellent,0.16,1
20,6137,674,42189,Employed,4836,0,Fair,0.5,0
45,13025,800,15207,Employed,6288,1,Fair,0.64,1
27,12971,533,47722,Employed,14787,4,Excellent,0.18,1
68,14000,636,13672,Employed,7595,6,Poor,0.49,0
52,16747,484,42783,Employed,4337,8,Good,0.43,1
46,12032,737,36286,Employed,9701,3,Excellent,0.26,1
71,15018,479,21051,Employed,5150,8,Good,0.45,0
32,7976,375,29879,Unemployed,8964,2,Excellent,0.19,1
50,2504,571,29845,Employed,5179,5,Fair,0.59,0
24,11786,354,11015,Employed,11864,8,Excellent,0.06,1
29,6217,376,43064,Self-Employed,14811,0,Good,0.42,0
66,4771,595,18425,Employed,12178,3,Good,0.26,1
47,14214,518,22496,Unemployed,12388,4,Fair,0.62,0
38,1709,576,1707,Employed,11049,5,Excellent,0.37,1
48,7039,565,18767,Employed,10872,7,Fair,0.57,0
41,18037,342,27467,Employed,1778,1,Excellent,0.65,1
37,10106,660,18686,Employed,10211,5,Fair,0.27,1
54,13116,527,8118,Unemployed,11116,6,Poor,0.62,0
21,2784,526,12213,Self-Employed,8780,5,Excellent,0.52,1
45,4648,362,32485,Employed,272,3,Excellent,0.12,0
61,2268,470,16501,Employed,11121,5,Good,0.12,0
37,7107,606,9868,Unemployed,10226,3,Excellent,0.58,1
41,8899,333,30333,Self-Employed,1501,8,Excellent,0.35,1
67,1858,429,43523,Employed,10297,0,Excellent,0.37,0
66,2349,693,35028,Self-Employed,6902,8,Good,0.63,1
68,8998,450,11545,Unemployed,13270,3,Excellent,0.64,1
49,6022,683,1357,Employed,7088,2,Good,0.12,1
58,14273,316,22788,Employed,3576,4,Good,0.29,0
53,19715,313,39180,Student,12674,2,Fair,0.63,0
70,19356,380,37002,Employed,7628,0,Poor,0.58,0
51,11128,506,17802,Employed,5727,7,Good,0.52,1
53,1829,503,21339,Employed,12332,8,Good,0.12,1
19,7351,678,2593,Unemployed,14626,5,Excellent,0.45,1
32,8532,843,5602,Employed,1281,1,Good,0.43,1
51,16826,322,47737,Employed,9006,5,Poor,0.16,0
53,6766,461,10577,Employed,1269,5,Fair,0.55,0
23,5854,443,46367,Employed,4335,5,Excellent,0.25,1
56,16582,403,31329,Unemployed,11676,9,Fair,0.45,0
59,6222,681,11943,Unemployed,9343,8,Fair,0.29,0
68,19272,754,34012,Employed,9929,3,Excellent,0.1,1
68,10411,716,5572,Employed,12563,1,Fair,0.39,0
71,4735,623,17250,Employed,10657,7,Excellent,0.25,1
29,6076,470,17633,Employed,2254,5,Good,0.1,0
20,2600,573,45053,Self-Employed,1575,9,Good,0.18,1
62,10364,751,40388,Self-Employed,14700,0,Excellent,0.45,1
35,10208,424,27171,Employed,9024,5,Fair,0.12,0
57,18665,682,6869,Employed,9561,1,Fair,0.11,1
38,15939,616,6971,Employed,12094,3,Excellent,0.66,1
32,13250,406,14957,Employed,8759,1,Excellent,0.12,1
50,11281,762,6968,Employed,12447,3,Good,0.29,1
52,6495,729,22253,Employed,14145,6,Fair,0.14,1
43,19385,636,26941,Employed,12383,7,Excellent,0.66,1
25,13486,795,8647,Employed,14760,2,Fair,0.36,1
53,14010,661,26499,Unemployed,12188,0,Poor,0.12,1
65,10768,731,32785,Employed,3187,9,Good,0.55,1
47,2002,819,17457,Self-Employed,3283,0,Excellent,0.56,1
40,11031,705,10000,Employed,598,9,Excellent,0.64,1
59,9509,676,38909,Employed,13618,6,Excellent,0.51,1
61,18507,451,35894,Employed,6411,0,Excellent,0.09,1
31,13042,621,19588,Employed,8235,2,Fair,0.41,1
31,18934,513,7470,Employed,14930,4,Excellent,0.3,1
19,19213,364,16473,Employed,13299,4,Excellent,0.54,1
72,14935,569,17161,Self-Employed,11721,3,Good,0.43,1
54,5614,836,21063,Unemployed,14034,7,Fair,0.52,1
22,15068,399,13908,Employed,1881,2,Excellent,0.17,1
55,4867,404,12850,Employed,3543,7,Fair,0.33,0
62,9595,430,1984,Employed,6152,5,Good,0.33,0
58,6641,688,8187,Employed,14236,3,Good,0.69,1
71,5451,620,28856,Employed,1883,9,Fair,0.06,1
64,16387,737,21339,Self-Employed,7356,2,Excellent,0.58,1
31,3073,318,44613,Employed,8572,9,Good,0.11,0
73,14859,524,39481,Unemployed,5951,9,Fair,0.1,1
56,4268,759,15083,Employed,5762,1,Fair,0.26,1
42,6802,693,49287,Employed,6870,5,Excellent,0.51,1
37,15246,525,44906,Employed,2162,0,Good,0.49,1
19,2711,659,26435,Employed,1658,9,Excellent,0.46,1
56,16945,729,3085,Unemployed,12675,7,Fair,0.55,1
23,17315,314,31837,Self-Employed,6582,4,Fair,0.2,1
34,2660,845,40301,Employed,13197,6,Good,0.46,1
42,8541,713,17183,Student,8037,6,Excellent,0.46,1
74,12346,654,36495,Employed,2892,9,Excellent,0.48,1
45,7376,756,34144,Employed,6043,5,Good,0.44,1
19,14389,830,40760,Unemployed,13630,4,Poor,0.19,1
52,15382,495,47953,Employed,2982,1,Fair,0.64,0
54,16238,414,23084,Employed,9067,2,Fair,0.68,0
22,2595,716,38458,Employed,7871,2,Good,0.5,1
18,7401,651,2065,Employed,3515,4,Poor,0.34,0
57,9715,374,4682,Employed,7827,1,Fair,0.4,0
29,14411,335,48561,Employed,27,0,Good,0.12,1
73,15623,541,33488,Employed,635,3,Fair,0.29,1
53,2579,362,32460,Employed,2015,9,Good,0.68,0
62,14010,808,9820,Employed,13709,2,Good,0.41,1
40,19844,487,19757,Unemployed,10316,2,Poor,0.41,0
64,2973,392,47588,Employed,586,9,Excellent,0.67,0
48,6388,304,24146,Employed,7525,5,Fair,0.63,0
28,6479,737,9058,Employed,13497,8,Good,0.42,1
27,2712,465,23852,Employed,3622,9,Poor,0.22,0
20,10501,745,15118,Employed,12521,9,Excellent,0.13,1
71,14748,324,37742,Self-Employed,7415,1,Fair,0.61,0
31,1919,807,7659,Employed,14265,4,Excellent,0.65,1
33,17108,397,5841,Employed,3470,1,Excellent,0.37,1
27,5159,567,19335,Self-Employed,12616,5,Good,0.11,0
46,6783,692,48351,Self-Employed,3714,0,Good,0.44,1
27,12215,584,21305,Employed,11268,0,Poor,0.29,0
29,17665,408,4424,Employed,2395,8,Excellent,0.15,1
47,2840,326,48501,Employed,12201,9,Excellent,0.65,0
58,16305,354,15538,Employed,3470,4,Excellent,0.21,1
18,12084,432,43285,Employed,9474,8,Good,0.51,1
22,16280,351,46276,Employed,6900,7,Excellent,0.33,1
37,6637,792,4769,Employed,14321,8,Poor,0.59,0
25,19245,597,32586,Self-Employed,6562,8,Good,0.51,1
60,2091,698,27447,Employed,8582,7,Fair,0.13,0
29,2026,317,21015,Employed,5981,2,Fair,0.34,0
18,9355,545,36078,Employed,10135,6,Good,0.22,1
74,12195,802,3343,Employed,6132,3,Poor,0.51,1
71,2792,388,4386,Employed,1950,7,Poor,0.4,0
37,19538,502,36107,Employed,2637,6,Excellent,0.27,1
45,18071,539,1683,Self-Employed,5967,8,Poor,0.26,0
74,10125,789,26451,Employed,6258,7,Good,0.12,1
60,7931,312,2054,Employed,8195,2,Excellent,0.19,1
54,17426,614,24595,Employed,10882,4,Good,0.51,1
64,13204,497,21398,Self-Employed,7906,2,Excellent,0.45,1
54,1937,542,24685,Self-Employed,13439,8,Good,0.28,1
29,12280,806,1348,Self-Employed,4104,0,Fair,0.59,1
54,18716,342,29890,Employed,7491,6,Excellent,0.36,1
66,10488,629,17362,Self-Employed,14453,8,Excellent,0.57,1
66,10453,728,34790,Unemployed,3538,2,Poor,0.56,0
73,7294,461,26025,Employed,2747,6,Good,0.6,0
61,5074,734,1503,Employed,1674,6,Good,0.6,1
73,17801,532,42045,Self-Employed,11726,1,Poor,0.49,0
45,2184,410,45282,Unemployed,9123,4,Poor,0.54,0
64,5733,531,14576,Student,8316,9,Excellent,0.55,1
32,18461,572,34290,Employed,14558,6,Good,0.16,1
23,14497,340,12884,Student,14663,1,Poor,0.25,0
61,9507,765,26205,Employed,8065,9,Excellent,0.12,1
37,18111,376,33785,Employed,13304,9,Good,0.17,1
67,3828,789,2268,Student,2865,1,Good,0.56,1
31,10519,416,2176,Unemployed,8450,5,Fair,0.67,0
19,18314,733,19016,Employed,14402,1,Excellent,0.49,1
26,10755,318,13745,Unemployed,11860,9,Good,0.63,0
54,19593,495,12961,Employed,7026,0,Excellent,0.26,1
37,7282,750,37381,Employed,11325,2,Excellent,0.6,1
43,2734,724,42712,Unemployed,9163,0,Excellent,0.27,1
46,6705,693,40358,Student,8183,5,Excellent,0.63,1
18,2920,583,7768,Employed,13837,3,Fair,0.57,0
72,18652,333,19972,Employed,7801,1,Poor,0.69,0
52,11096,594,34089,Employed,12566,6,Fair,0.59,0
23,5855,550,8626,Self-Employed,1146,6,Good,0.31,1
54,19422,638,46281,Self-Employed,4684,7,Excellent,0.12,1
70,19215,739,29403,Student,10511,6,Excellent,0.62,1
22,9761,479,30032,Employed,12240,0,Good,0.42,1
50,15265,527,31226,Self-Employed,12789,2,Fair,0.61,0
66,7444,322,29783,Unemployed,6801,0,Excellent,0.3,0
68,8626,626,9403,Employed,11532,1,Poor,0.07,0
31,18364,453,43216,Employed,892,0,Fair,0.08,1
29,6763,445,30619,Employed,10807,8,Poor,0.49,0
59,16800,551,3619,Self-Employed,4313,6,Good,0.12,1
37,4293,601,2347,Employed,6828,8,Good,0.53,0
70,4392,369,4164,Self-Employed,3623,7,Excellent,0.32,1
67,2698,842,14559,Employed,8038,9,Good,0.42,1
41,19776,392,28788,Employed,10398,1,Poor,0.57,0
60,3383,462,34678,Self-Employed,359,0,Excellent,0.21,1
51,2297,380,8166,Employed,1488,4,Excellent,0.32,0
42,9709,362,36219,Employed,14879,6,Excellent,0.52,0
67,9735,735,45763,Employed,5760,1,Poor,0.65,0
46,18038,347,1403,Employed,290,3,Excellent,0.24,1
74,16757,744,11033,Self-Employed,14371,6,Fair,0.45,1
56,9550,373,28224,Self-Employed,11218,8,Excellent,0.67,0
48,7447,841,19074,Employed,4955,5,Fair,0.47,1
73,11117,456,4485,Self-Employed,2113,6,Good,0.63,0
64,3392,786,47519,Employed,6940,7,Excellent,0.66,1
60,4924,565,10448,Employed,10396,7,Fair,0.65,0
67,10950,555,21672,Unemployed,5674,8,Fair,0.54,0
40,14918,338,14410,Employed,12050,9,Good,0.41,0
61,3515,354,15262,Employed,6264,1,Fair,0.11,0
55,6333,327,28760,Self-Employed,6335,6,Excellent,0.19,1
37,11394,417,10834,Employed,11739,1,Poor,0.22,0
40,17442,669,33279,Employed,5473,6,Excellent,0.07,1
62,10565,508,28928,Employed,1566,8,Excellent,0.12,1
69,2065,615,21829,Student,10596,3,Excellent,0.24,1
33,8912,692,23843,Employed,12818,4,Excellent,0.11,1
67,19902,743,35712,Employed,479,4,Good,0.16,1
59,11577,558,20955,Self-Employed,4892,1,Good,0.09,1
72,11815,497,35328,Unemployed,5192,2,Good,0.32,1
25,14334,744,32632,Employed,7558,9,Excellent,0.58,1
67,3814,604,38515,Employed,7097,0,Excellent,0.58,1
38,5912,638,8154,Employed,1099,2,Fair,0.64,0
18,5383,828,29170,Employed,2235,4,Fair,0.53,1
72,12884,353,47857,Employed,11954,8,Good,0.21,1
25,11551,411,32163,Employed,14302,0,Good,0.51,0
46,9716,718,13085,Employed,13649,5,Excellent,0.54,1
49,13195,604,28244,Employed,8667,1,Fair,0.4,1
55,9402,737,6327,Employed,11569,5,Poor,0.57,1
22,14687,384,18139,Unemployed,916,9,Excellent,0.1,1
64,19073,823,26875,Employed,4744,5,Fair,0.44,1
39,13788,551,34264,Employed,10401,0,Good,0.36,1
64,15710,425,14060,Self-Employed,4897,4,Excellent,0.57,1
51,8384,704,16656,Employed,6190,9,Good,0.13,1
18,12059,603,19805,Employed,10263,1,Good,0.19,1
72,19625,327,35366,Self-Employed,9551,0,Fair,0.41,0
72,5188,565,29855,Employed,1307,8,Fair,0.67,0
43,15614,351,5127,Employed,2221,5,Poor,0.1,0
60,6869,810,46891,Unemployed,7474,0,Good,0.53,1
27,13438,506,39319,Employed,4974,9,Good,0.18,1
47,5523,810,4590,Self-Employed,6114,8,Good,0.12,1
67,17482,500,13973,Self-Employed,11013,8,Excellent,0.31,1
35,18600,583,17845,Employed,12517,6,Good,0.43,1
34,5467,656,38734,Employed,8894,8,Fair,0.59,0
43,8923,346,49087,Student,117,0,Excellent,0.46,1
25,7950,436,28281,Employed,10292,2,Poor,0.37,0
64,13713,429,45283,Self-Employed,3263,7,Good,0.24,0
57,4715,494,17549,Employed,5043,2,Fair,0.24,0
66,1890,663,28623,Employed,4667,7,Poor,0.55,0
29,1732,731,35496,Employed,10152,2,Good,0.12,1
44,9134,368,25080,Employed,4618,3,Excellent,0.15,1
25,12998,757,5697,Employed,8963,3,Fair,0.52,1
42,12416,839,16730,Employed,11021,4,Fair,0.67,1
63,1733,634,29245,Student,6798,9,Excellent,0.13,1
21,2891,825,45134,Employed,12400,9,Excellent,0.45,1
50,12584,315,32313,Employed,1287,3,Excellent,0.21,1
18,10947,755,19557,Employed,7658,6,Good,0.07,1
36,15684,809,1037,Student,9559,3,Poor,0.59,1
48,13382,508,30908,Employed,11786,0,Excellent,0.38,1
33,16338,457,41254,Self-Employed,8047,4,Fair,0.07,1
31,18773,636,3021,Self-Employed,8290,7,Fair,0.63,1
70,9402,540,40648,Employed,14808,5,Fair,0.4,0
65,14379,357,38289,Employed,1046,3,Excellent,0.53,1
22,18629,604,9839,Employed,12526,3,Good,0.33,1
58,11411,644,32005,Employed,14956,0,Poor,0.17,0
43,1927,313,4302,Employed,5382,9,Excellent,0.35,0
45,2231,658,9511,Employed,5444,0,Excellent,0.24,1
19,2299,676,21991,Employed,3803,2,Fair,0.24,0
67,8525,542,40136,Employed,3755,3,Good,0.47,1
23,15981,444,44513,Employed,4482,3,Good,0.11,1
26,9124,714,10914,Self-Employed,8797,1,Poor,0.31,1
50,16461,693,10948,Employed,2169,8,Fair,0.41,1
58,9732,657,45638,Employed,5419,7,Good,0.51,1
42,4867,457,29354,Student,562,2,Good,0.46,1
65,14762,317,6873,Employed,6460,1,Excellent,0.63,1
30,6729,646,32461,Employed,5938,0,Good,0.7,1
26,15247,357,8498,Employed,4000,9,Good,0.66,1
70,5761,454,24556,Self-Employed,8211,8,Excellent,0.55,0
30,4966,786,33606,Employed,4637,4,Poor,0.5,0
48,15285,830,28091,Employed,3960,7,Excellent,0.07,1
58,4588,786,6635,Employed,9515,3,Good,0.4,1
28,14515,450,34532,Employed,3541,1,Fair,0.48,0
21,2615,658,23690,Employed,3157,4,Fair,0.32,0
51,6078,667,18036,Employed,5861,7,Good,0.3,1
55,4090,346,46040,Employed,11932,5,Good,0.4,0
63,8872,506,48911,Employed,6548,7,Poor,0.64,0
21,5073,749,45562,Employed,7121,2,Good,0.22,1
55,4478,782,11321,Unemployed,6836,4,Fair,0.31,0
36,12139,442,30152,Student,10351,1,Poor,0.47,0
23,10922,699,21348,Employed,7306,2,Excellent,0.17,1
51,12358,396,21995,Unemployed,7177,6,Poor,0.59,0
35,6475,346,25762,Employed,1314,0,Fair,0.48,0
30,6425,490,1145,Unemployed,14233,7,Good,0.28,0
58,12286,439,6101,Employed,2426,4,Good,0.52,1
40,16216,530,5247,Employed,12145,1,Poor,0.23,0
36,3495,639,10578,Self-Employed,939,2,Excellent,0.55,1
62,15344,790,5188,Unemployed,8429,3,Good,0.1,1
28,5391,348,32774,Employed,8835,1,Fair,0.33,0
18,17022,752,44547,Employed,14665,9,Fair,0.22,1
41,8645,615,3696,Unemployed,8376,4,Excellent,0.58,0
71,9998,621,42008,Employed,1830,6,Excellent,0.54,1
24,11054,386,47958,Student,7887,8,Fair,0.6,0
42,3602,773,20713,Self-Employed,1785,0,Good,0.47,1
38,4530,581,45549,Self-Employed,9640,9,Excellent,0.57,0
32,10024,373,44548,Employed,8029,5,Excellent,0.34,1
18,9607,752,31875,Employed,7490,5,Good,0.49,1
29,18126,346,26350,Employed,4577,0,Good,0.07,1
24,19768,395,5641,Unemployed,14936,1,Fair,0.62,0
32,16435,330,6559,Self-Employed,1381,7,Excellent,0.5,1
38,11124,833,35028,Employed,361,5,Fair,0.61,1
36,17323,316,12631,Self-Employed,1059,0,Fair,0.55,0
46,9363,511,36816,Employed,8707,9,Good,0.24,0
42,4609,534,3023,Unemployed,5865,9,Excellent,0.23,0
50,13982,691,26656,Employed,8521,5,Poor,0.57,1
66,3050,653,21654,Employed,6412,9,Excellent,0.17,1
49,2146,604,22717,Employed,3141,6,Good,0.12,1
66,14907,849,35842,Employed,5638,1,Good,0.06,1
52,14200,839,33550,Student,3739,3,Fair,0.24,1
61,2037,808,46202,Employed,13242,6,Good,0.11,1
55,15666,694,46923,Unemployed,14713,5,Good,0.57,1
43,8072,730,36080,Student,292,7,Fair,0.36,0
28,1734,476,4474,Employed,6030,5,Poor,0.21,0
52,15567,705,15171,Unemployed,5405,1,Good,0.44,1
25,11196,600,4260,Employed,359,0,Good,0.1,1
63,15650,744,6618,Self-Employed,1609,4,Fair,0.52,1
31,19258,426,46765,Employed,10763,9,Fair,0.38,1
27,3409,648,35118,Student,1360,9,Good,0.05,1
19,13650,320,10285,Employed,623,8,Good,0.26,1
63,1580,719,39816,Unemployed,1565,1,Excellent,0.54,1
26,3583,451,9141,Employed,1920,6,Good,0.17,1
20,14878,459,29352,Employed,1511,8,Fair,0.68,0
38,16717,779,45056,Employed,7546,3,Excellent,0.63,1
43,19574,742,24707,Employed,6487,3,Good,0.56,1
25,18640,395,23161,Employed,13541,9,Good,0.1,1
65,4170,651,2854,Unemployed,4713,4,Fair,0.28,0
19,5251,374,19650,Employed,5919,5,Fair,0.24,0
23,13244,658,17944,Student,7929,6,Good,0.14,1
45,6761,432,8546,Unemployed,8766,8,Excellent,0.7,0
70,16191,699,49321,Employed,2001,5,Good,0.15,1
46,8352,438,8207,Employed,396,2,Good,0.25,1
43,2994,545,30268,Unemployed,14756,1,Good,0.62,1
42,18785,590,7486,Employed,5675,5,Good,0.14,1
29,2172,411,32222,Employed,10900,8,Good,0.36,0
22,10130,469,30121,Employed,4497,2,Good,0.68,1
51,11768,539,19767,Student,1511,3,Fair,0.21,1
65,1944,636,39915,Employed,10285,2,Fair,0.51,0
54,10657,437,11017,Employed,12974,6,Excellent,0.1,1
32,13482,535,16094,Employed,12441,3,Good,0.44,1
61,10155,302,32236,Employed,12548,5,Good,0.27,0
53,3787,415,8664,Employed,2692,5,Excellent,0.5,0
32,13457,771,30921,Unemployed,14622,8,Good,0.33,1
60,5508,430,30845,Employed,2032,4,Good,0.24,0
65,13196,782,15573,Self-Employed,6988,6,Fair,0.4,1
40,10604,700,2683,Employed,5872,0,Excellent,0.14,1
23,1996,500,10390,Employed,9546,7,Good,0.58,0
63,2963,591,34777,Employed,4734,1,Excellent,0.54,1
67,13959,641,49588,Self-Employed,10944,3,Fair,0.4,1
61,18377,515,32777,Self-Employed,7639,9,Poor,0.29,0
60,19310,665,43667,Employed,9484,6,Good,0.64,1
62,11384,768,30111,Employed,11927,5,Good,0.46,1
38,19677,717,30980,Self-Employed,4252,3,Excellent,0.24,1
40,4223,326,36380,Employed,11931,7,Good,0.57,0
60,18542,754,24808,Employed,4709,6,Good,0.46,1
72,6261,313,8226,Employed,10668,5,Excellent,0.13,1
33,9130,397,23447,Employed,1908,4,Fair,0.12,0
64,17875,578,38109,Employed,5077,4,Excellent,0.66,1
70,10241,789,18926,Employed,11091,6,Fair,0.24,1
32,5850,506,18621,Employed,1275,5,Good,0.48,1
42,1707,532,12167,Employed,12554,3,Poor,0.07,0
53,5690,538,6709,Self-Employed,58,6,Excellent,0.41,1
28,3383,549,14240,Employed,3923,4,Excellent,0.2,1
68,4386,605,36031,Employed,616,6,Poor,0.14,0
32,18361,762,33146,Employed,14092,6,Excellent,0.55,1
21,10453,535,8998,Self-Employed,13870,1,Good,0.58,1
38,9881,590,41508,Employed,3671,3,Good,0.51,1
30,15295,338,11812,Self-Employed,10410,9,Good,0.06,1
39,18639,482,32101,Employed,5783,3,Good,0.24,1
36,11138,329,15228,Unemployed,1711,6,Fair,0.28,0
51,6431,687,25747,Employed,1342,7,Excellent,0.5,1
31,11355,442,47300,Employed,4752,0,Fair,0.54,0
21,7224,718,30790,Self-Employed,4932,6,Good,0.46,1
65,13920,373,2882,Employed,1023,5,Good,0.56,0
70,5560,354,39955,Self-Employed,6965,9,Good,0.33,0
69,6265,323,19659,Employed,733,0,Poor,0.4,0
63,8053,321,48420,Employed,8589,7,Fair,0.09,0
44,8878,727,24258,Self-Employed,11278,4,Good,0.33,1
46,19573,331,24886,Self-Employed,9160,6,Fair,0.33,0
64,19200,638,42560,Self-Employed,461,7,Good,0.45,1
45,8630,814,32343,Employed,8329,6,Fair,0.3,1
52,4686,811,19407,Student,761,9,Excellent,0.2,1
25,7289,369,4950,Employed,10389,0,Good,0.2,1
33,17622,387,4889,Employed,9054,5,Good,0.14,1
59,19029,518,31410,Employed,13068,0,Fair,0.51,1
53,9442,569,29968,Student,592,3,Excellent,0.45,1
47,9048,377,19976,Employed,5696,3,Excellent,0.43,1
35,18444,309,24016,Self-Employed,7821,7,Fair,0.4,0
19,19796,767,10211,Employed,2347,5,Excellent,0.29,1
66,19748,635,23742,Employed,1446,6,Excellent,0.55,1
30,1796,485,24553,Employed,1442,9,Fair,0.65,0
21,3909,845,30332,Employed,2806,6,Fair,0.34,1
43,2961,420,14089,Employed,7450,6,Fair,0.32,0
42,3768,573,49334,Employed,3325,9,Good,0.16,1
47,18878,709,5436,Employed,6647,1,Excellent,0.49,1
28,8054,657,18087,Employed,3756,5,Fair,0.41,1
24,17891,397,26428,Employed,1336,7,Excellent,0.69,1
48,19301,540,9497,Employed,5397,7,Good,0.43,1
61,8858,413,29154,Employed,8993,3,Excellent,0.24,1
27,19171,786,27509,Employed,8072,6,Fair,0.42,1
56,19002,540,41404,Employed,10549,8,Good,0.69,1
30,9137,455,45747,Employed,11449,7,Poor,0.52,0
48,2160,651,42833,Employed,12131,1,Excellent,0.13,1
24,10407,343,35349,Self-Employed,12271,7,Fair,0.27,0
73,8422,611,4957,Employed,11487,2,Good,0.24,1
66,13453,437,38358,Unemployed,12861,3,Good,0.61,1
59,5470,735,15913,Unemployed,7589,2,Good,0.45,1
59,4907,442,10797,Self-Employed,8787,7,Fair,0.58,0
73,10546,598,8531,Self-Employed,2047,3,Good,0.16,1
53,16047,561,14825,Employed,8218,0,Excellent,0.64,1
37,6260,811,7911,Employed,2428,8,Poor,0.09,1
21,19781,361,33316,Employed,5439,8,Good,0.29,1
71,14965,722,6731,Employed,130,0,Poor,0.06,1
24,5587,695,18279,Employed,14974,7,Fair,0.17,1
71,9107,330,48558,Employed,3067,1,Good,0.68,0
18,5519,629,47223,Self-Employed,13834,6,Excellent,0.1,1
61,2315,468,45223,Employed,3351,0,Good,0.14,0
73,14063,565,25416,Employed,2332,5,Good,0.65,1
62,14792,607,29000,Employed,5316,9,Good,0.51,1
59,17658,758,13045,Student,736,9,Excellent,0.31,1
64,2422,484,37299,Employed,3847,7,Good,0.09,0
30,14429,633,11666,Employed,1298,5,Excellent,0.56,1
72,16425,814,19245,Student,1091,8,Excellent,0.37,1
39,19148,740,33566,Employed,232,0,Excellent,0.26,1
71,12479,690,28339,Unemployed,14946,8,Fair,0.28,1
38,4222,553,5852,Unemployed,221,2,Good,0.38,1
39,6855,634,17414,Employed,8644,1,Poor,0.41,0
45,14801,699,15281,Employed,5755,7,Good,0.58,1
26,4050,465,49538,Employed,4399,9,Fair,0.55,0
43,12641,559,48155,Employed,935,4,Good,0.55,1
26,19557,303,29031,Student,5733,0,Good,0.52,1
32,12784,418,17626,Employed,8130,0,Good,0.54,1
27,19550,769,24302,Unemployed,7567,1,Fair,0.49,1
41,2884,769,46741,Employed,1343,6,Excellent,0.61,1
74,9752,792,47691,Student,10503,1,Excellent,0.41,1
59,8738,799,31112,Employed,364,8,Excellent,0.39,1
25,7526,369,6511,Employed,13700,5,Excellent,0.51,0
41,11982,669,39276,Employed,10981,3,Good,0.16,1
33,15301,480,5668,Employed,9442,3,Good,0.56,1
66,17620,304,7087,Employed,8647,2,Fair,0.66,0
43,17080,496,8015,Employed,9955,8,Excellent,0.24,1
44,10164,346,32419,Employed,12084,1,Good,0.45,1
54,18842,439,40430,Employed,13616,8,Excellent,0.07,1
21,1993,839,32314,Employed,14840,2,Excellent,0.55,1
67,17965,726,12614,Self-Employed,12615,3,Good,0.41,1
41,8499,609,5003,Employed,11924,8,Fair,0.49,0
36,15333,573,27235,Self-Employed,9010,2,Good,0.14,1
53,4470,838,34366,Unemployed,12284,5,Excellent,0.58,1
56,1511,689,33837,Self-Employed,10157,4,Poor,0.22,0
27,17051,758,9139,Employed,3391,5,Fair,0.5,1
42,18645,660,10585,Employed,735,4,Good,0.44,1
35,4685,368,4659,Employed,14827,2,Poor,0.47,0
36,17909,730,27225,Employed,14796,1,Excellent,0.08,1
53,3306,331,6634,Employed,3606,9,Good,0.53,0
27,7164,812,40590,Employed,1467,8,Poor,0.57,0
50,15626,481,4682,Employed,3514,3,Good,0.36,1
72,14394,547,36451,Employed,3775,9,Good,0.32,1
67,6654,596,5562,Self-Employed,4661,5,Excellent,0.27,1
22,15267,329,5652,Employed,13915,8,Excellent,0.65,1
64,16726,601,46949,Employed,9011,4,Excellent,0.54,1
66,3025,775,22315,Employed,8156,6,Good,0.5,1
52,2260,651,10502,Employed,1714,4,Good,0.65,1
61,18478,781,5713,Employed,515,8,Excellent,0.28,1
51,15380,616,6413,Employed,14753,1,Good,0.46,1
50,2555,696,22984,Employed,5220,2,Good,0.5,1
72,11546,388,21487,Employed,14743,4,Fair,0.7,0
38,4583,533,3075,Employed,9620,1,Fair,0.33,0
34,17178,467,34550,Employed,5249,5,Good,0.31,1
39,13608,425,21190,Employed,11782,9,Good,0.1,1
65,11150,419,33263,Self-Employed,8010,2,Good,0.11,1
54,7457,727,43293,Employed,9035,4,Excellent,0.38,1
32,6755,489,12909,Employed,8131,4,Good,0.16,1
52,10911,727,30212,Employed,12322,9,Good,0.1,1
45,17844,501,15962,Employed,6142,7,Good,0.68,1
24,11191,358,16853,Student,14055,8,Excellent,0.67,1
49,19714,522,35822,Employed,14489,3,Excellent,0.26,1
28,4895,791,15375,Employed,11665,9,Good,0.56,1
27,2703,310,45361,Employed,3135,0,Good,0.62,0
26,4544,811,46964,Unemployed,5878,4,Poor,0.35,0
31,8772,609,3109,Unemployed,7033,3,Poor,0.2,0
30,5014,333,2320,Self-Employed,10807,4,Good,0.13,0
74,11490,639,48482,Employed,4324,8,Poor,0.14,1
42,7692,780,16987,Unemployed,5071,7,Fair,0.57,1
19,12267,392,38185,Employed,5942,7,Good,0.3,1
52,18028,432,4699,Employed,3979,7,Good,0.5,1
24,9007,718,47436,Unemployed,9468,0,Excellent,0.4,1
38,6357,767,29209,Self-Employed,1511,6,Good,0.31,1
35,13618,743,40330,Employed,4900,3,Excellent,0.13,1
20,19261,329,47415,Self-Employed,4659,5,Fair,0.27,0
59,4646,597,23547,Employed,2962,3,Good,0.6,1
71,18677,360,23939,Employed,14350,4,Excellent,0.58,1
56,7256,757,15202,Self-Employed,9086,4,Fair,0.07,1
58,5914,603,30220,Employed,9045,0,Fair,0.14,0
66,18994,639,22762,Employed,12627,5,Fair,0.54,1
28,5437,747,9796,Employed,2410,9,Fair,0.27,0
56,5463,601,2722,Employed,179,7,Good,0.47,1
41,7397,839,44364,Employed,588,4,Good,0.42,1
63,10474,784,48304,Employed,14550,9,Excellent,0.47,1
36,15877,376,12674,Unemployed,2045,5,Excellent,0.08,1
21,19000,814,49415,Employed,5854,4,Good,0.66,1
43,17556,848,3812,Employed,3225,0,Good,0.06,1
55,3250,391,43541,Student,10591,4,Good,0.06,0
59,5527,765,3278,Employed,14356,1,Excellent,0.2,1
49,13028,765,49222,Employed,13904,3,Excellent,0.7,1
56,7245,339,36118,Employed,11228,1,Fair,0.1,0
62,11179,628,4623,Employed,8756,7,Excellent,0.62,1
63,7438,584,7530,Self-Employed,4764,6,Excellent,0.15,1
53,13650,365,16987,Employed,7087,8,Good,0.12,1
57,14906,408,1924,Employed,4053,3,Excellent,0.56,1
54,19243,714,20546,Employed,4464,4,Poor,0.6,1
50,6353,391,38297,Employed,2706,8,Good,0.56,0
53,19825,667,13270,Self-Employed,12981,8,Good,0.21,1
20,4648,722,19953,Employed,13389,1,Excellent,0.62,1
26,17743,539,36583,Employed,12158,0,Good,0.1,1
25,9433,734,24356,Self-Employed,7166,2,Good,0.27,1
50,10936,511,5578,Employed,5238,9,Poor,0.35,0
23,19169,699,5462,Unemployed,12646,0,Good,0.09,1
58,7974,825,1888,Employed,3926,5,Good,0.43,1
56,16179,767,23332,Employed,1640,7,Excellent,0.41,1
21,12728,469,20862,Employed,13825,3,Good,0.69,0
30,2270,509,20973,Self-Employed,1650,3,Excellent,0.45,0
66,3343,555,47410,Self-Employed,8694,9,Excellent,0.31,1
19,1573,372,2723,Self-Employed,14367,0,Good,0.56,0
22,19544,446,24410,Employed,10597,8,Excellent,0.27,1
61,17559,639,9602,Employed,8253,9,Fair,0.4,1
44,9500,616,19614,Employed,13408,7,Poor,0.09,0
49,14773,453,45154,Self-Employed,11641,2,Good,0.26,1
38,17621,554,19444,Employed,5766,2,Good,0.39,1
25,1831,650,3613,Employed,5615,9,Excellent,0.51,1
55,19305,846,43772,Employed,5729,3,Good,0.11,1
25,9012,611,24082,Employed,12739,3,Good,0.57,1
67,6431,433,16980,Employed,3286,1,Good,0.64,0
20,14242,428,45866,Employed,14741,3,Good,0.23,1
71,14926,735,1677,Employed,1692,1,Good,0.55,1
61,6613,579,12102,Employed,7274,6,Excellent,0.17,1
20,9919,657,41498,Self-Employed,356,4,Good,0.39,1
39,4381,551,44211,Employed,14466,6,Poor,0.57,0
23,14645,434,4004,Unemployed,13333,5,Excellent,0.3,1
19,15056,822,49170,Unemployed,595,1,Good,0.07,1
40,4075,618,9986,Employed,1624,1,Good,0.4,1
61,14214,379,34496,Employed,14561,0,Fair,0.6,0
19,7685,490,27269,Employed,9321,0,Good,0.12,0
55,10156,752,15173,Employed,14260,4,Fair,0.07,1
34,7241,643,48609,Employed,8028,4,Good,0.58,1
52,18161,329,22118,Employed,10633,6,Good,0.22,0
51,1565,713,33958,Employed,4966,0,Fair,0.29,1
40,5762,667,15089,Employed,10222,4,Poor,0.11,0
47,7204,801,43956,Employed,11364,1,Fair,0.11,0
69,16855,320,44067,Unemployed,10023,9,Poor,0.45,0
25,10094,848,21250,Employed,3953,0,Excellent,0.41,1
39,13675,545,27065,Employed,7315,6,Excellent,0.24,1
61,14196,582,14690,Employed,8060,2,Good,0.34,1
53,7755,531,14740,Employed,11493,8,Excellent,0.3,1
22,8941,615,44069,Employed,6230,4,Good,0.5,1
30,16486,635,39807,Employed,2570,4,Excellent,0.61,1
46,14850,710,40213,Employed,92,4,Good,0.55,1
48,15940,544,42597,Employed,4899,8,Good,0.05,1
64,9460,686,5045,Employed,10392,9,Good,0.11,1
74,19321,657,6624,Employed,12641,0,Excellent,0.33,1
72,15165,321,21542,Self-Employed,9070,4,Fair,0.6,0
33,8129,318,44779,Employed,4703,9,Fair,0.2,0
59,15328,586,21495,Employed,7741,5,Good,0.62,1
47,6041,575,40602,Employed,1896,8,Good,0.12,1
74,9376,371,10033,Employed,9174,2,Good,0.1,1
72,14811,664,22604,Employed,2964,0,Good,0.64,1
33,16088,634,21442,Employed,11154,7,Excellent,0.16,1
29,18148,498,4247,Student,14744,8,Fair,0.35,1
34,13880,316,41748,Employed,9302,5,Good,0.26,0
33,11377,517,26474,Employed,6354,4,Good,0.15,1
29,19318,446,6586,Employed,8068,7,Excellent,0.46,1
25,6597,509,8940,Employed,8574,5,Fair,0.68,0
37,19544,713,19606,Employed,13906,5,Excellent,0.48,1
20,7961,629,43217,Employed,12002,8,Good,0.28,1
33,8544,651,41747,Student,9739,8,Fair,0.51,1
47,6997,462,35282,Employed,2918,0,Good,0.14,1
62,15251,400,46506,Employed,7320,1,Good,0.43,1
40,10804,626,3883,Self-Employed,5124,0,Good,0.36,1
45,11926,626,37594,Unemployed,13387,1,Good,0.28,1
68,12558,454,31495,Employed,2458,2,Excellent,0.53,1
57,12760,309,13567,Student,14339,1,Excellent,0.13,1
71,2134,652,5339,Unemployed,11635,5,Fair,0.4,0
22,11557,482,34442,Student,1106,3,Poor,0.61,0
37,14845,754,23673,Unemployed,5036,4,Good,0.18,1
57,11647,305,16426,Unemployed,8622,9,Fair,0.22,0
73,2889,632,17486,Employed,3543,8,Good,0.48,0
61,14571,632,11549,Self-Employed,11625,1,Poor,0.55,0
18,12822,557,4993,Employed,10651,2,Fair,0.23,1
74,5776,510,13219,Employed,6112,9,Good,0.28,1
47,13806,350,4708,Employed,2082,0,Excellent,0.53,0
38,2749,744,29788,Student,13553,1,Good,0.24,1
37,19129,676,2495,Employed,3727,0,Excellent,0.48,1
23,9745,785,30434,Self-Employed,5003,8,Fair,0.15,1
39,12602,350,37160,Employed,14415,2,Good,0.32,1
35,17726,453,45466,Employed,10314,2,Good,0.5,1
25,12088,609,8537,Employed,2858,6,Poor,0.35,1
56,1942,698,36553,Employed,8475,0,Fair,0.06,1
49,8476,433,23203,Student,726,8,Fair,0.31,0
50,6175,519,6588,Employed,1781,6,Excellent,0.24,1
70,13303,462,29308,Employed,7405,8,Excellent,0.12,1
33,9453,801,38570,Employed,336,7,Excellent,0.06,1
29,5877,414,16211,Unemployed,3602,4,Fair,0.08,0
55,12099,798,38659,Self-Employed,14282,2,Good,0.67,1
69,8558,771,46528,Employed,6083,8,Excellent,0.54,1
51,18706,448,4525,Employed,8777,4,Fair,0.66,0
31,13394,540,20901,Employed,1914,8,Excellent,0.12,1
53,4439,422,5777,Employed,8758,2,Good,0.42,1
50,2531,368,5189,Employed,6226,5,Fair,0.1,0
40,11708,362,46791,Student,13987,1,Good,0.07,0
67,2062,315,24317,Self-Employed,10557,2,Poor,0.35,0
62,12230,689,32501,Employed,4970,1,Good,0.47,1
19,18224,557,19297,Student,6822,1,Good,0.09,1
58,17652,516,11649,Employed,1651,4,Excellent,0.29,1
38,15498,778,24719,Employed,1320,9,Good,0.11,1
19,18118,413,47645,Employed,1790,3,Fair,0.29,1
44,10808,679,2150,Employed,5461,3,Poor,0.36,1
74,11109,536,15301,Employed,2881,7,Poor,0.27,0
26,19175,775,29434,Employed,954,5,Good,0.42,1
18,10220,428,37905,Self-Employed,5984,9,Good,0.43,1
28,11672,809,21520,Unemployed,5543,1,Good,0.27,1
20,15957,464,2510,Employed,7130,0,Good,0.3,1
69,4439,576,29546,Employed,2066,4,Excellent,0.34,1
40,15845,556,14982,Employed,14134,6,Excellent,0.29,1
43,17658,431,4915,Employed,3951,4,Good,0.54,1
21,6935,556,15734,Self-Employed,2861,3,Excellent,0.14,1
35,6892,440,23709,Employed,14339,4,Fair,0.61,0
72,9472,508,20636,Employed,14802,9,Fair,0.27,1
23,19117,818,33684,Employed,10429,7,Good,0.52,1
52,16299,350,11957,Student,5400,4,Excellent,0.62,1
39,16552,802,37706,Employed,8254,8,Good,0.63,1
60,7544,558,34841,Unemployed,9205,9,Good,0.34,0
32,15915,477,35960,Employed,6133,6,Good,0.22,1
39,18774,842,41975,Employed,1989,1,Good,0.44,1
54,15358,655,32828,Employed,10094,8,Fair,0.17,1
69,19072,617,41151,Unemployed,1804,1,Fair,0.56,1
59,7144,663,29129,Employed,3325,5,Good,0.51,1
29,18624,354,38939,Employed,3698,7,Excellent,0.57,1
64,19253,455,9298,Employed,5973,1,Good,0.33,1
66,19884,343,7480,Employed,5891,5,Poor,0.41,0
59,19355,841,28544,Unemployed,9217,4,Fair,0.12,1
55,19420,621,46426,Self-Employed,6210,6,Excellent,0.5,1
35,18202,313,3857,Self-Employed,877,9,Fair,0.37,0
62,6653,656,5349,Employed,3357,4,Excellent,0.38,1
52,3394,782,2428,Employed,131,2,Good,0.6,1
47,9491,658,40491,Student,5167,5,Fair,0.55,1
41,16939,617,47778,Self-Employed,10844,6,Good,0.4,1
59,10967,374,24163,Employed,7084,0,Good,0.28,1
47,7435,493,28677,Employed,992,7,Good,0.34,1
31,18607,662,31904,Self-Employed,5772,7,Good,0.28,1
23,3829,395,16718,Employed,1070,3,Fair,0.15,0
20,10827,339,15809,Employed,7398,7,Fair,0.47,0
33,4270,696,14272,Employed,9951,2,Fair,0.5,1
24,6346,406,12828,Unemployed,6427,4,Excellent,0.68,0
69,18151,316,45431,Employed,2596,2,Fair,0.35,0
31,17776,826,8856,Employed,11291,1,Excellent,0.7,1
26,16133,798,12223,Self-Employed,5530,4,Excellent,0.17,1
32,15128,824,40413,Employed,2949,7,Good,0.48,1
38,2069,342,36689,Student,5341,8,Good,0.7,0
52,3473,649,9166,Employed,13687,4,Excellent,0.47,1
19,4322,329,13637,Self-Employed,13320,2,Excellent,0.34,0
44,1770,740,47534,Employed,9093,2,Good,0.38,1
19,17820,841,1878,Employed,3484,7,Good,0.6,1
52,9141,754,11704,Employed,5590,2,Excellent,0.66,1
35,10430,393,9502,Employed,7237,8,Good,0.35,0
31,8180,594,16266,Employed,12629,9,Good,0.55,1
37,2757,848,49068,Employed,65,0,Good,0.66,1
35,9750,388,35089,Employed,12894,0,Poor,0.23,0
27,6870,802,45356,Employed,3764,4,Good,0.37,1
42,6358,513,21759,Employed,11333,3,Poor,0.7,0
19,10081,721,16046,Employed,2793,2,Excellent,0.28,1
42,14991,825,26270,Employed,11524,0,Excellent,0.45,1
71,13936,491,11806,Employed,10771,6,Fair,0.48,0
50,14370,523,42230,Employed,1419,0,Fair,0.15,1
53,18004,686,38988,Employed,5477,5,Good,0.57,1
48,8408,773,36892,Employed,12645,9,Excellent,0.32,1
31,12344,502,30512,Unemployed,1415,1,Fair,0.38,0
18,6361,746,41954,Employed,8567,3,Poor,0.47,0
63,4411,367,6099,Employed,13497,7,Poor,0.32,0
33,10491,391,31311,Employed,5424,2,Good,0.26,0
71,13072,477,9552,Employed,6207,8,Fair,0.41,0
63,11798,302,12627,Self-Employed,8369,4,Fair,0.28,0
69,8736,402,26309,Self-Employed,234,5,Fair,0.33,0
20,7065,572,46756,Unemployed,2912,1,Poor,0.12,0
52,18993,833,2350,Student,761,0,Fair,0.6,1
58,8429,415,13276,Employed,3878,4,Good,0.32,1
23,19134,763,12739,Employed,14375,0,Good,0.1,1
42,19533,403,22302,Employed,5406,3,Good,0.56,1
30,8851,558,39498,Unemployed,1282,7,Fair,0.06,0
70,16401,607,13384,Employed,1263,1,Good,0.44,1
51,12138,666,34094,Employed,11766,5,Excellent,0.51,1
25,7328,601,3120,Employed,5703,9,Good,0.17,1
38,13056,326,1993,Employed,3613,4,Poor,0.14,0
51,19599,807,22759,Employed,4446,0,Fair,0.12,1
21,9650,826,19150,Employed,4636,7,Excellent,0.7,1
42,11607,664,46388,Employed,7109,4,Excellent,0.54,1
32,3257,597,26756,Employed,3383,8,Good,0.25,0
21,19693,660,49546,Employed,3009,1,Good,0.27,1
62,12699,803,36549,Employed,1622,5,Excellent,0.47,1
29,17795,329,40787,Employed,7275,6,Poor,0.35,0
49,14307,738,36673,Employed,11070,0,Good,0.23,1
49,19035,639,9290,Unemployed,29,9,Good,0.09,1
45,6992,425,49028,Employed,308,3,Fair,0.56,0
30,7802,665,17627,Employed,9701,1,Good,0.63,1
48,17429,742,8938,Employed,2093,6,Good,0.18,1
31,6247,562,39262,Employed,3430,2,Good,0.09,1
37,15738,521,3709,Unemployed,136,8,Poor,0.13,0
35,9902,301,28629,Employed,774,7,Excellent,0.32,1
46,12186,693,46422,Self-Employed,1598,9,Fair,0.24,1
23,6181,605,45186,Employed,9646,6,Good,0.1,1
49,4928,445,25085,Employed,2603,7,Fair,0.35,0
46,8994,829,47537,Self-Employed,2480,0,Fair,0.18,1
60,5455,827,41563,Employed,9038,9,Excellent,0.09,1
19,15526,607,31832,Employed,8398,5,Excellent,0.48,1
40,10744,639,24472,Unemployed,14292,6,Excellent,0.42,1
36,2213,651,49850,Employed,10685,6,Good,0.59,1
48,12580,508,21762,Employed,3130,8,Poor,0.25,0
68,10021,504,10507,Employed,9421,6,Excellent,0.14,1
22,3246,314,10578,Student,6474,6,Good,0.28,0
36,19091,727,7711,Self-Employed,4691,5,Fair,0.56,1
51,18668,775,16979,Employed,6668,2,Poor,0.21,1
27,4196,597,16049,Unemployed,2796,5,Good,0.22,1
42,13512,393,25997,Employed,11421,8,Fair,0.15,0
19,16188,406,41830,Employed,1127,9,Good,0.69,1
28,6536,718,16833,Employed,6502,2,Excellent,0.68,1
67,8627,577,21185,Self-Employed,13139,2,Excellent,0.48,1
48,5218,427,22746,Self-Employed,12842,6,Good,0.19,0
73,9410,758,22857,Employed,9394,6,Good,0.55,1
32,4193,337,10603,Employed,10597,4,Good,0.43,0
26,18509,497,12441,Student,1287,7,Excellent,0.54,1
40,17358,656,5570,Self-Employed,4850,7,Excellent,0.61,1
36,17432,306,33316,Employed,8740,1,Excellent,0.26,1
26,9192,631,19467,Employed,3945,5,Poor,0.64,0
52,7898,818,13845,Self-Employed,13664,4,Poor,0.63,0
38,8752,493,45638,Self-Employed,3929,3,Excellent,0.41,1
26,13221,615,43310,Student,1387,6,Excellent,0.49,1
45,19439,300,27943,Employed,9465,3,Fair,0.32,0
63,13325,361,5833,Self-Employed,13431,4,Excellent,0.48,1
68,5687,642,40569,Student,3263,7,Poor,0.41,0
24,1536,317,4340,Employed,8998,4,Good,0.26,0
33,19671,670,44532,Self-Employed,1927,8,Good,0.26,1
33,7783,534,13312,Student,11325,9,Fair,0.47,1
50,16702,368,37612,Employed,13521,1,Excellent,0.67,0
21,9560,746,1639,Employed,7974,1,Excellent,0.18,1
21,9565,307,45188,Employed,3981,8,Fair,0.31,0
56,5380,761,16211,Employed,10291,1,Poor,0.57,0
57,7432,610,14496,Employed,1745,2,Good,0.13,1
34,9828,433,29845,Employed,12600,5,Fair,0.7,0
54,7833,684,41919,Self-Employed,3988,3,Poor,0.49,0
56,15370,355,31089,Employed,13590,7,Excellent,0.64,1
69,12768,659,42145,Unemployed,12675,7,Good,0.59,1
46,6567,413,39168,Employed,1225,1,Excellent,0.56,0
69,17116,387,30672,Employed,8106,1,Excellent,0.07,1
53,13575,437,16945,Employed,6282,2,Fair,0.31,1
55,18545,407,18702,Employed,5971,1,Excellent,0.18,1
56,9473,799,9719,Employed,2066,4,Excellent,0.62,1
67,11502,834,37027,Employed,14656,0,Good,0.49,1
54,9387,443,37251,Unemployed,8286,6,Excellent,0.12,1
69,1914,355,20403,Self-Employed,129,7,Excellent,0.28,0
52,8350,305,27809,Unemployed,7272,3,Excellent,0.1,1
24,4229,841,43527,Self-Employed,7088,6,Fair,0.53,1
44,13429,746,26150,Employed,3268,8,Fair,0.32,1
45,16488,684,11226,Employed,10145,6,Fair,0.2,1
39,5397,606,47940,Employed,10499,1,Fair,0.39,0
31,3669,601,38172,Self-Employed,986,1,Poor,0.08,0
24,15063,704,43172,Employed,3110,9,Excellent,0.22,1
54,19762,809,39705,Employed,3572,9,Poor,0.16,1
39,14388,372,35202,Employed,9008,9,Good,0.65,1
22,6070,564,9729,Employed,7298,5,Excellent,0.3,1
72,3015,526,24938,Employed,14489,7,Good,0.43,1
19,18458,492,38721,Employed,2600,9,Good,0.38,1
44,14134,673,10766,Employed,2169,9,Excellent,0.48,1
38,15298,309,9384,Employed,1779,2,Excellent,0.23,1
71,5977,601,26762,Employed,756,0,Good,0.13,0
55,17955,658,29724,Employed,1167,0,Fair,0.1,1
32,11051,351,26050,Employed,7353,1,Good,0.18,0
38,15679,398,21653,Unemployed,2594,9,Fair,0.36,0
27,1539,312,14507,Employed,5330,5,Excellent,0.2,0
40,11722,689,8378,Unemployed,14735,1,Good,0.33,1
73,17616,656,43773,Employed,3104,5,Excellent,0.07,1
56,19784,310,46755,Employed,7326,0,Fair,0.46,1
22,17549,380,36205,Employed,405,8,Poor,0.62,0
18,6296,560,12571,Employed,10044,6,Good,0.08,1
30,6106,305,38320,Employed,2411,0,Poor,0.19,0
38,19167,757,49853,Employed,11219,8,Fair,0.26,1
43,10275,672,31190,Employed,12279,8,Excellent,0.24,1
67,16364,780,24580,Employed,14277,9,Good,0.08,1
62,15693,521,37522,Employed,8354,5,Fair,0.12,1
38,16176,380,7265,Self-Employed,11003,1,Good,0.64,1
70,11957,814,45489,Employed,12838,1,Good,0.51,1
35,18699,359,7741,Unemployed,8322,7,Good,0.67,0
54,17544,520,2837,Unemployed,3167,8,Good,0.34,1
62,16566,648,18409,Unemployed,2700,3,Excellent,0.62,1
49,1746,527,18042,Employed,11247,1,Good,0.58,0
53,8016,589,18061,Employed,10509,4,Fair,0.62,0
34,18300,592,29986,Unemployed,5800,6,Fair,0.08,1
52,14842,492,21205,Employed,11143,3,Good,0.47,1
66,17991,773,36143,Employed,7534,8,Good,0.42,1
28,10530,556,7859,Employed,4882,3,Excellent,0.4,1
38,2921,805,46507,Employed,10604,7,Fair,0.38,0
69,14470,687,35356,Self-Employed,1933,2,Good,0.57,1
72,8783,697,21965,Unemployed,8138,5,Good,0.68,1
70,17445,665,13854,Self-Employed,3505,5,Excellent,0.59,1
43,1755,589,34013,Employed,10850,2,Excellent,0.62,0
21,12519,608,32654,Employed,3132,1,Excellent,0.36,1
51,16987,577,42848,Employed,2979,5,Fair,0.5,1
69,10529,763,44171,Employed,1346,6,Good,0.32,1
65,3782,488,24054,Employed,11992,6,Good,0.28,0
35,10244,477,9192,Employed,2636,9,Poor,0.63,0
57,19361,827,3184,Employed,14543,0,Excellent,0.64,1
52,11419,674,46206,Employed,14683,5,Excellent,0.49,1
58,14835,753,37019,Student,8236,8,Excellent,0.59,1
46,2091,516,17281,Student,346,8,Good,0.28,0
69,7777,341,6863,Employed,13001,1,Fair,0.33,0
46,3760,493,10702,Employed,3793,3,Fair,0.58,0
55,12639,626,37539,Self-Employed,12934,5,Good,0.31,1
59,1847,672,14536,Student,10608,3,Good,0.08,1
38,5943,764,43088,Unemployed,14869,8,Fair,0.28,0
59,12588,462,17077,Employed,12645,1,Good,0.31,1
30,10274,575,26273,Employed,2542,9,Excellent,0.15,1
66,8369,663,32052,Employed,5000,5,Fair,0.27,1
58,4345,779,3419,Employed,8251,0,Fair,0.66,1
34,13886,759,14518,Employed,2345,8,Good,0.61,1
73,2765,564,8396,Self-Employed,14394,0,Excellent,0.34,1
26,13945,838,20012,Employed,4326,7,Good,0.51,1
58,14438,685,41077,Unemployed,2844,8,Good,0.15,1
18,12659,384,12981,Employed,3766,0,Excellent,0.54,0
19,3774,615,34453,Employed,447,0,Good,0.36,1
65,11982,542,3756,Employed,14948,9,Excellent,0.52,1
46,2568,768,6023,Employed,7793,6,Good,0.47,1
50,16206,641,27418,Self-Employed,2415,9,Excellent,0.2,1
27,7474,476,22219,Employed,4078,4,Poor,0.59,0
67,12428,429,46326,Unemployed,12841,2,Excellent,0.42,1
57,3450,382,19356,Student,5148,8,Good,0.56,0
38,11911,659,18094,Unemployed,3035,1,Excellent,0.11,1
45,14888,387,38853,Employed,2324,5,Excellent,0.45,1
28,19271,831,6646,Employed,6752,3,Good,0.24,1
72,5774,770,47925,Employed,13690,4,Excellent,0.61,1
51,3785,797,44927,Employed,4926,1,Good,0.67,1
25,8545,806,12991,Student,12249,0,Excellent,0.09,1
39,3118,653,19978,Employed,8229,8,Good,0.52,0
25,12479,715,18476,Self-Employed,9422,2,Fair,0.12,1
66,10062,350,36723,Unemployed,5825,5,Poor,0.61,0
32,13526,362,25787,Student,7819,8,Good,0.13,1
34,9343,388,27157,Employed,8480,0,Fair,0.18,0
40,11395,489,49509,Employed,7118,4,Fair,0.21,0
41,13466,647,45791,Employed,5612,3,Excellent,0.52,1
62,19232,837,10635,Self-Employed,7936,2,Fair,0.24,1
36,6789,475,15932,Employed,13536,1,Good,0.44,0
22,4533,663,37911,Employed,6595,2,Excellent,0.42,1
49,10360,782,41412,Employed,14363,0,Poor,0.31,0
61,9313,418,36765,Employed,12989,0,Excellent,0.4,1
18,19298,468,38976,Employed,10573,7,Good,0.13,1
40,15360,446,10946,Employed,5492,4,Good,0.62,1
54,15794,736,20363,Unemployed,14138,1,Good,0.18,1
25,5121,738,15387,Employed,6704,2,Good,0.62,1
30,18638,488,4605,Self-Employed,7468,1,Excellent,0.39,1
25,3847,459,42405,Employed,203,9,Good,0.45,0
74,16382,701,10152,Employed,6522,1,Excellent,0.22,1
40,18610,317,33898,Self-Employed,5234,3,Excellent,0.19,1
60,6423,439,36415,Employed,9235,3,Fair,0.37,0
18,17111,414,31343,Self-Employed,13295,6,Fair,0.22,1
62,16867,627,46039,Self-Employed,1620,1,Good,0.33,1
68,10566,524,48477,Employed,11151,8,Excellent,0.34,1
41,4779,738,48654,Employed,2443,6,Good,0.23,1
52,5307,849,40441,Employed,3836,3,Excellent,0.24,1
41,15465,685,32848,Self-Employed,3123,6,Fair,0.68,0
34,17623,820,44394,Employed,3731,9,Excellent,0.43,1
22,18491,552,4729,Self-Employed,3257,0,Good,0.59,1
37,2134,397,38199,Employed,11948,6,Good,0.08,0
38,14271,370,32455,Employed,12640,5,Poor,0.05,0
57,18958,746,30812,Employed,1137,8,Excellent,0.39,1
48,19798,389,2024,Employed,10753,7,Excellent,0.59,1
63,15840,729,27228,Self-Employed,8737,1,Poor,0.45,0
53,2088,518,40807,Employed,12569,2,Good,0.45,0
28,4731,406,17921,Employed,8864,2,Fair,0.14,0
69,7851,775,33179,Employed,7337,5,Fair,0.69,1
32,5338,753,38359,Employed,14941,1,Good,0.39,1
36,3473,843,33037,Employed,8951,1,Excellent,0.12,1
24,15846,425,34275,Employed,9536,3,Excellent,0.32,1
68,6544,446,37692,Employed,14701,0,Fair,0.1,0
45,11747,579,9872,Employed,519,0,Fair,0.32,1
68,13172,323,26335,Self-Employed,8000,0,Good,0.51,0
60,11771,419,21607,Employed,4205,4,Good,0.26,0
22,8183,596,35961,Employed,11807,8,Excellent,0.25,1
22,12744,381,25466,Employed,13240,3,Good,0.38,1
47,8283,747,16762,Unemployed,12967,7,Poor,0.37,0
71,7094,769,19930,Employed,9793,6,Fair,0.35,1
49,5322,722,5655,Unemployed,11806,5,Good,0.39,1
25,4889,844,6019,Employed,13246,8,Good,0.08,1
27,7414,323,37342,Employed,6467,9,Fair,0.36,0
55,19664,360,40314,Employed,6071,0,Good,0.69,1
64,5188,383,20664,Self-Employed,14347,6,Good,0.55,0
49,16183,524,48445,Employed,1822,8,Good,0.24,1
65,14580,485,49978,Employed,2024,9,Excellent,0.49,1
45,11416,674,17924,Employed,1184,1,Excellent,0.26,1
34,6537,371,47255,Employed,14599,3,Excellent,0.17,1
48,14953,373,23546,Employed,11965,4,Excellent,0.55,1
25,10140,640,15830,Employed,379,4,Excellent,0.19,1
57,1581,452,13642,Employed,2127,6,Excellent,0.61,0
42,7778,395,24086,Self-Employed,9486,9,Excellent,0.3,0
26,17578,744,38947,Employed,14760,7,Excellent,0.54,1
19,17036,409,48791,Employed,8807,8,Good,0.22,1
32,19290,757,31462,Employed,435,4,Good,0.47,1
67,8910,350,40140,Student,5017,1,Poor,0.19,0
20,17426,676,46202,Self-Employed,3149,1,Good,0.06,1
66,17000,372,45329,Self-Employed,1547,4,Excellent,0.58,1
53,2980,511,33076,Employed,4890,4,Good,0.61,0
21,10771,731,45782,Employed,9326,4,Fair,0.62,1
31,5098,467,44339,Employed,8643,5,Good,0.07,0
58,16532,630,42358,Self-Employed,4355,7,Excellent,0.54,1
58,9493,793,23203,Employed,8097,4,Poor,0.59,0
42,12395,442,48939,Employed,6851,2,Excellent,0.25,1
72,16867,744,45366,Employed,13495,8,Poor,0.36,1
67,9144,693,28856,Employed,10897,3,Fair,0.32,1
27,13448,811,47490,Unemployed,6318,7,Good,0.34,1
38,19642,627,46642,Self-Employed,711,8,Good,0.6,1
53,4099,558,10486,Employed,5819,6,Excellent,0.32,1
29,7313,736,33158,Employed,11881,2,Fair,0.25,0
44,5353,648,15681,Employed,10170,9,Good,0.13,1
57,3001,814,12701,Employed,5505,5,Good,0.49,1
19,9922,748,16372,Employed,12152,6,Excellent,0.1,1
71,9050,698,27611,Unemployed,14920,6,Excellent,0.09,1
30,5750,513,6523,Employed,7439,7,Good,0.49,0
70,8491,845,46793,Self-Employed,11989,9,Good,0.5,1
49,17998,588,21233,Self-Employed,14521,4,Good,0.18,1
48,5906,558,25955,Student,10891,4,Good,0.67,1
33,2541,557,4763,Employed,6020,1,Fair,0.56,0
49,8427,687,48524,Employed,8358,1,Good,0.5,0
49,17895,844,47259,Unemployed,6286,3,Good,0.54,1
51,9371,564,43621,Self-Employed,4588,6,Fair,0.32,1
28,7875,612,20442,Self-Employed,2119,7,Fair,0.35,1
27,5176,339,26882,Self-Employed,7511,2,Good,0.62,0
32,14517,509,3465,Employed,10738,0,Poor,0.07,0
34,4565,571,5451,Employed,6290,3,Good,0.57,0
57,3536,435,17061,Employed,7668,5,Excellent,0.34,0
35,4546,359,1015,Employed,5457,5,Good,0.35,0
72,18424,809,5410,Employed,1108,8,Excellent,0.26,1
26,1576,814,19964,Employed,1840,6,Fair,0.44,0
42,17380,314,6135,Employed,11130,8,Good,0.49,0
57,17907,554,49592,Employed,2854,9,Good,0.15,1
31,18559,834,8948,Employed,3214,4,Good,0.42,1
42,5767,534,5789,Self-Employed,9082,4,Excellent,0.35,1
67,7488,430,42028,Unemployed,9526,4,Fair,0.56,0
39,10180,316,9602,Self-Employed,3440,4,Fair,0.4,0
69,2985,484,8232,Employed,5826,3,Poor,0.33,0
47,16213,690,44819,Employed,1719,5,Good,0.39,1
37,3919,722,48950,Self-Employed,2860,0,Good,0.37,1
38,16812,741,5835,Employed,9162,1,Fair,0.66,1
61,4995,311,27066,Employed,11704,8,Excellent,0.25,1
49,18640,819,29381,Employed,66,5,Excellent,0.07,1
68,12216,379,37111,Employed,7901,5,Excellent,0.48,0
63,13942,601,11769,Employed,3845,9,Poor,0.44,0
66,19663,515,17656,Employed,9029,3,Excellent,0.64,1
73,14461,547,1819,Employed,926,4,Fair,0.13,1
38,11807,840,36383,Employed,3605,8,Good,0.39,1
52,7987,571,14148,Self-Employed,340,1,Excellent,0.15,1
49,11164,432,7069,Employed,3749,2,Poor,0.35,0
47,17860,304,6640,Employed,101,9,Good,0.57,0
72,18142,841,37752,Employed,11577,7,Good,0.61,1
56,5575,440,22274,Student,8133,8,Excellent,0.59,0
66,19002,782,8701,Employed,13239,4,Good,0.41,1
29,16785,604,20365,Employed,1133,2,Fair,0.46,1
58,9131,644,4039,Employed,5002,0,Good,0.41,1
64,4517,569,32915,Self-Employed,13743,1,Good,0.41,0
35,19542,407,44642,Student,10581,3,Excellent,0.63,1
38,19681,773,48839,Employed,827,3,Fair,0.19,1
30,2284,381,45897,Self-Employed,13490,4,Fair,0.34,0
38,7191,383,47889,Employed,10918,8,Fair,0.45,0
25,17265,589,46422,Employed,10373,1,Excellent,0.55,1
63,4696,370,42215,Unemployed,5149,1,Good,0.55,0
57,11052,474,3487,Employed,7018,4,Excellent,0.13,1
63,10032,762,35126,Employed,5091,1,Good,0.19,1
24,18446,694,28058,Student,384,9,Good,0.64,1
40,6246,390,29108,Employed,8789,4,Poor,0.28,0
61,4499,768,9499,Employed,8,4,Poor,0.05,0
49,19077,733,7131,Employed,12423,6,Good,0.18,1
28,12802,548,36934,Employed,1313,3,Good,0.68,0
39,17952,540,25984,Employed,13263,1,Good,0.25,1
39,17095,795,1825,Employed,978,7,Excellent,0.45,1
60,7700,639,2191,Employed,13959,0,Fair,0.52,1
42,6896,770,44094,Unemployed,3723,9,Good,0.47,1
39,14910,762,15707,Employed,2090,0,Good,0.3,1
45,14703,574,40553,Employed,11368,6,Fair,0.33,1
46,5098,314,29769,Employed,10039,3,Poor,0.59,0
30,12064,340,7813,Employed,3102,2,Good,0.48,0
35,14248,507,27350,Employed,3753,0,Good,0.07,1
19,18457,359,23025,Employed,3744,7,Poor,0.18,0
46,9136,664,29992,Self-Employed,6930,7,Good,0.24,1
38,19362,539,17917,Employed,1788,3,Fair,0.29,1
32,11765,459,44827,Employed,1242,1,Excellent,0.42,1
69,11205,696,23894,Employed,10199,3,Good,0.29,1
44,15798,799,34975,Employed,8304,6,Good,0.59,1
67,11203,508,25992,Employed,3766,3,Good,0.36,1
48,14836,432,44736,Employed,3331,2,Fair,0.38,1
32,9666,680,2237,Self-Employed,6155,9,Good,0.33,1
68,17616,732,5943,Unemployed,11734,0,Poor,0.25,1
40,7550,688,27519,Student,1363,8,Good,0.52,1
41,12684,731,27756,Self-Employed,11111,4,Excellent,0.2,1
61,14212,573,44060,Employed,12187,1,Excellent,0.5,1
30,9984,650,22220,Employed,10485,5,Excellent,0.39,1
39,4093,433,48798,Employed,6652,1,Good,0.12,1
60,11815,365,29694,Employed,3375,5,Excellent,0.06,1
54,16700,504,49233,Student,12151,8,Good,0.16,1
50,10607,597,29250,Employed,5632,1,Fair,0.54,0
73,5369,416,14942,Self-Employed,3432,0,Excellent,0.3,1
20,16947,566,34227,Student,14379,6,Excellent,0.57,1
71,9471,448,42609,Self-Employed,5438,7,Good,0.38,1
36,4489,493,13769,Self-Employed,14942,1,Good,0.07,0
40,6840,478,17503,Employed,13800,3,Poor,0.6,0
46,11143,447,11447,Employed,6652,7,Good,0.66,0
47,5323,764,9509,Employed,7688,3,Poor,0.1,0
56,14954,304,23865,Self-Employed,5893,8,Excellent,0.19,0
61,5432,825,17134,Employed,1349,0,Good,0.52,1
64,11720,579,17201,Employed,13564,9,Fair,0.7,1
42,10054,798,42353,Employed,307,6,Fair,0.62,1
54,3929,735,19936,Employed,9538,2,Good,0.11,1
64,8944,515,14258,Employed,13919,9,Good,0.44,1
25,12010,814,22762,Student,9058,2,Excellent,0.48,1
59,12777,436,4228,Employed,7055,6,Excellent,0.46,1
33,12037,579,4410,Employed,7809,5,Excellent,0.42,1
25,8647,431,1408,Employed,14371,2,Excellent,0.24,1
18,9131,692,48497,Employed,5736,1,Fair,0.48,1
61,5098,780,6773,Employed,12998,5,Excellent,0.52,1
22,5829,812,37765,Employed,13602,9,Good,0.42,1
20,8218,718,41075,Employed,8055,6,Poor,0.37,0
18,11423,501,10179,Employed,7709,8,Good,0.19,1
21,15282,761,6617,Self-Employed,8109,8,Excellent,0.4,1
57,17976,501,3701,Unemployed,13916,8,Good,0.13,1
52,1551,451,4907,Employed,9704,9,Fair,0.1,0
49,18202,521,14841,Employed,2283,0,Excellent,0.56,1
59,11684,378,26330,Employed,7552,3,Fair,0.49,0
51,13968,499,14407,Employed,14696,3,Excellent,0.47,1
60,16979,398,49091,Employed,12216,9,Good,0.65,1
42,8710,512,33199,Employed,8134,7,Excellent,0.3,1
27,14434,442,27286,Unemployed,3778,2,Good,0.31,1
38,5456,688,20859,Employed,5375,0,Good,0.32,1
63,7557,673,7816,Student,9059,2,Fair,0.35,0
56,12710,351,17548,Employed,1382,5,Good,0.38,1
44,16090,434,27831,Employed,3614,6,Fair,0.56,0
44,15364,710,18368,Employed,10264,8,Excellent,0.19,1
19,3025,769,20045,Unemployed,11054,4,Good,0.33,1
58,14777,411,34385,Employed,7095,4,Excellent,0.38,1
65,8543,824,13105,Self-Employed,9175,2,Good,0.16,1
30,19162,343,25644,Employed,1024,2,Good,0.51,1
26,10205,696,6639,Employed,10597,8,Excellent,0.09,1
69,7625,560,31330,Employed,8309,2,Excellent,0.43,1
53,9374,844,12616,Employed,2526,2,Fair,0.18,1
39,14029,687,21580,Employed,6602,8,Excellent,0.06,1
59,16455,775,33768,Employed,10352,3,Good,0.26,1
43,4000,709,27974,Employed,9410,5,Good,0.33,1
71,4964,315,46373,Employed,7819,0,Excellent,0.58,0
29,17454,401,48726,Self-Employed,1043,1,Excellent,0.32,1
34,1755,485,31550,Employed,2505,2,Good,0.65,0
31,3002,324,48612,Employed,12006,1,Excellent,0.6,0
31,6156,371,25761,Self-Employed,11711,9,Poor,0.18,0
74,11802,317,11701,Employed,7758,2,Poor,0.15,0
51,6930,631,21822,Employed,2687,4,Good,0.21,1
70,10098,396,15970,Self-Employed,3156,0,Excellent,0.28,1
74,17476,311,22192,Employed,575,0,Good,0.43,1
37,3360,310,36847,Self-Employed,11537,6,Excellent,0.13,0
28,7658,462,24103,Employed,11039,8,Good,0.4,0
33,7306,582,29857,Employed,402,8,Excellent,0.43,1
68,18606,540,44646,Employed,8444,6,Fair,0.48,1
48,10974,344,18311,Employed,1629,1,Excellent,0.41,1
72,18497,554,22443,Employed,7968,6,Good,0.59,1
23,7290,366,17944,Employed,2709,8,Excellent,0.47,1
73,11670,341,34957,Employed,12956,6,Good,0.65,0
36,10504,683,15974,Employed,4823,1,Excellent,0.51,1
54,11478,533,47984,Employed,11523,6,Poor,0.33,0
21,18214,784,47893,Employed,13745,3,Good,0.19,1
64,8732,338,36136,Employed,4043,7,Excellent,0.06,1
21,14174,310,27314,Employed,2659,2,Good,0.11,1
37,17552,708,30852,Employed,5241,4,Excellent,0.17,1
27,17274,407,5953,Employed,13828,2,Good,0.19,1
41,7413,393,25282,Employed,9170,6,Excellent,0.53,1
71,15602,383,12237,Employed,3816,2,Good,0.3,1
52,16889,357,38148,Employed,2726,9,Good,0.26,1
43,12067,592,29448,Employed,568,4,Fair,0.08,0
54,7111,315,32771,Employed,12830,0,Good,0.4,0
55,10932,776,46721,Employed,12806,3,Fair,0.45,1
38,1819,464,3588,Employed,14347,5,Poor,0.62,0
71,14186,736,15815,Self-Employed,4105,1,Poor,0.38,0
57,6291,702,7356,Employed,12444,5,Excellent,0.06,1
56,1829,685,21069,Employed,2772,9,Fair,0.09,0
38,10351,437,42889,Employed,12428,6,Good,0.23,1
27,12810,830,15695,Unemployed,4054,7,Good,0.14,1
55,11664,592,21783,Self-Employed,10878,2,Fair,0.55,0
63,19677,774,2403,Employed,7877,9,Excellent,0.12,1
21,7203,761,42159,Employed,3998,2,Good,0.15,1
74,12149,672,29327,Employed,136,4,Good,0.48,1
62,14172,461,3285,Self-Employed,4786,2,Excellent,0.21,1
37,5655,343,9862,Employed,13911,8,Fair,0.68,0
34,4111,382,2728,Employed,9615,6,Good,0.61,0
72,17979,838,12430,Unemployed,14778,4,Good,0.53,1
24,10680,818,35017,Employed,1465,4,Poor,0.27,1
21,10804,710,34646,Employed,11530,0,Fair,0.09,1
46,16110,640,29922,Unemployed,4771,8,Fair,0.27,1
31,9937,388,12543,Self-Employed,3832,1,Excellent,0.29,1
20,11850,529,27563,Employed,1536,6,Good,0.13,1
41,14021,317,26553,Unemployed,2324,6,Good,0.13,1
54,8060,580,49860,Student,11947,1,Good,0.48,1
33,6747,721,41470,Unemployed,9571,7,Excellent,0.2,1
72,5577,637,8578,Employed,9124,7,Good,0.49,1
69,12358,565,22263,Employed,12037,8,Excellent,0.41,1
21,12891,654,11668,Employed,7260,1,Excellent,0.64,1
73,12446,659,17922,Self-Employed,6784,0,Good,0.57,1
41,16686,516,13232,Employed,7303,8,Good,0.15,1
51,2917,620,10092,Employed,14446,2,Poor,0.45,0
47,17994,511,35234,Employed,9259,9,Good,0.47,1
35,10454,502,44975,Employed,11130,1,Good,0.61,0
36,15091,452,41482,Employed,210,9,Excellent,0.47,1
48,8891,728,19117,Employed,10582,1,Excellent,0.14,1
36,12864,586,34258,Self-Employed,7526,1,Good,0.22,1
66,11871,620,32190,Employed,6504,7,Excellent,0.46,1
63,4004,735,24095,Employed,6554,2,Fair,0.64,0
36,6739,795,19302,Student,10998,0,Excellent,0.63,1
39,18176,448,11226,Employed,12795,7,Good,0.28,1
41,19618,841,41934,Employed,8423,1,Fair,0.59,1
62,6620,781,11903,Student,803,5,Fair,0.38,1
29,7893,625,23409,Employed,9385,7,Good,0.35,1
47,3696,328,43446,Employed,11667,9,Excellent,0.28,0
55,4966,558,15885,Self-Employed,8425,8,Poor,0.49,0
70,3406,374,7099,Employed,2567,0,Fair,0.44,0
48,19605,797,27076,Employed,14637,8,Fair,0.29,1
53,13383,715,43927,Employed,2147,7,Excellent,0.55,1
36,16937,639,47578,Employed,6396,5,Good,0.3,1
65,15997,607,10726,Employed,10547,4,Excellent,0.43,1
62,3316,540,10540,Employed,11042,5,Excellent,0.31,1
53,12213,552,9102,Employed,1723,1,Excellent,0.13,1
47,5349,519,13754,Employed,12674,2,Good,0.15,0
72,8349,696,37612,Self-Employed,1146,8,Poor,0.48,0
66,2558,635,34363,Employed,8323,2,Good,0.58,1
72,13230,328,9330,Employed,6364,9,Good,0.35,1
50,18832,793,1241,Employed,10301,6,Poor,0.26,1
35,5859,801,19747,Student,9023,3,Excellent,0.27,1
69,14309,453,48770,Self-Employed,11953,8,Excellent,0.44,1
66,7160,530,1134,Unemployed,731,3,Excellent,0.35,1
45,8754,401,28835,Employed,8594,9,Fair,0.05,0
64,14322,476,21145,Employed,6314,9,Good,0.55,1
28,3593,531,36394,Employed,5595,5,Good,0.14,1
74,13230,311,44084,Employed,9809,1,Fair,0.49,0
71,19447,485,32119,Self-Employed,12301,6,Excellent,0.27,1
62,9717,565,32093,Employed,269,2,Excellent,0.43,1
50,18058,434,8179,Employed,13365,0,Good,0.61,1
34,19218,330,35278,Self-Employed,7580,6,Fair,0.15,1
23,18205,755,46813,Employed,1154,4,Excellent,0.56,1
21,13842,558,20180,Unemployed,6856,6,Excellent,0.07,1
37,13739,403,7907,Employed,7015,0,Good,0.65,1
65,15354,730,38280,Self-Employed,14084,4,Excellent,0.18,1
64,15397,681,38070,Self-Employed,7900,1,Fair,0.57,1
44,12919,768,44728,Employed,5636,0,Good,0.09,1
32,11564,812,5406,Employed,6772,5,Good,0.26,1
23,16503,506,31003,Employed,2348,4,Fair,0.46,1
64,11759,746,20748,Employed,2751,3,Fair,0.48,0
31,7174,388,24152,Student,10175,0,Excellent,0.5,1
28,6502,494,10591,Employed,6058,4,Good,0.28,1
56,2410,713,10742,Employed,4522,6,Good,0.48,1
26,2449,421,4411,Student,2163,0,Fair,0.33,0
43,13023,761,17466,Employed,2283,3,Fair,0.42,1
33,12721,415,39464,Employed,13874,5,Good,0.41,0
22,17984,495,47531,Self-Employed,6156,7,Fair,0.16,1
74,6146,335,30698,Employed,13640,6,Good,0.6,0
69,8445,366,44880,Employed,4163,6,Fair,0.61,0
27,3900,580,11475,Employed,10982,7,Excellent,0.18,1
67,13063,778,32108,Unemployed,12254,6,Excellent,0.32,1
20,1852,310,19824,Employed,4486,3,Fair,0.35,0
30,16989,621,6760,Employed,13403,5,Excellent,0.41,1
60,2518,539,19166,Employed,10343,1,Good,0.06,0
66,19063,359,48133,Employed,14295,7,Fair,0.54,0
47,6693,464,47662,Employed,13737,2,Good,0.61,0
71,17201,488,32891,Student,10853,3,Fair,0.14,1
62,5036,786,26180,Employed,8964,1,Good,0.63,1
23,16949,391,40194,Employed,10158,8,Fair,0.6,0
34,13342,588,17088,Employed,10543,1,Good,0.4,1
62,5319,808,13525,Employed,2426,5,Good,0.23,1
68,18863,374,41674,Employed,3246,2,Good,0.18,1
70,2476,727,9922,Employed,5511,5,Poor,0.37,0
36,7397,684,15282,Employed,3476,3,Excellent,0.38,1
59,17457,352,35846,Self-Employed,4183,7,Good,0.47,1
52,16859,474,18361,Employed,10869,2,Excellent,0.57,1
63,14740,773,30586,Employed,5911,7,Excellent,0.66,1
43,1607,660,41561,Employed,13964,2,Poor,0.57,0
68,17024,569,2637,Employed,12912,4,Excellent,0.64,1
22,3126,706,14916,Employed,14222,1,Good,0.37,1
46,7729,423,31926,Employed,13560,5,Good,0.08,0
54,8377,675,43941,Self-Employed,14701,6,Fair,0.08,1
37,2374,691,20684,Employed,5208,7,Fair,0.22,0
66,7043,481,37772,Employed,8178,3,Excellent,0.45,1
38,5309,335,17966,Employed,11116,8,Good,0.27,0
27,12103,511,49469,Self-Employed,3892,1,Excellent,0.16,1
22,3607,433,26035,Employed,2779,7,Good,0.6,0
53,13245,790,11168,Employed,13286,5,Fair,0.69,1
23,10965,737,9475,Employed,6599,3,Excellent,0.06,1
43,2059,345,28473,Unemployed,10654,1,Fair,0.11,0
21,9808,700,36166,Employed,8646,3,Excellent,0.37,1
56,16750,787,35006,Employed,3634,2,Excellent,0.27,1
56,14755,731,4466,Employed,6654,3,Excellent,0.56,1
67,4546,727,22902,Self-Employed,3246,3,Excellent,0.48,1
52,15356,816,6363,Employed,13222,6,Good,0.09,1
18,17927,761,36934,Self-Employed,4304,0,Excellent,0.4,1
41,2008,480,34547,Unemployed,7796,8,Poor,0.27,0
74,7607,444,3134,Employed,11576,4,Poor,0.68,0
53,14976,564,42379,Employed,10610,2,Good,0.36,0
23,4939,705,27402,Employed,5432,6,Good,0.65,0
58,14636,783,28714,Employed,2850,6,Poor,0.07,1
71,15667,781,21073,Employed,5623,7,Fair,0.12,1
63,18800,536,15583,Employed,2133,9,Excellent,0.3,1
61,18682,824,38723,Employed,12934,3,Fair,0.63,1
74,6471,638,42166,Employed,11060,8,Excellent,0.4,1
48,19644,567,24756,Unemployed,11529,1,Good,0.59,1
37,17383,565,20774,Employed,5339,5,Good,0.23,1
41,2318,827,24634,Employed,14630,2,Fair,0.12,0
42,11860,391,32143,Employed,1721,7,Excellent,0.21,1
53,13427,547,8249,Employed,2026,7,Excellent,0.47,1
38,17523,318,45830,Employed,6649,5,Fair,0.62,0
47,4565,689,32268,Employed,14300,3,Fair,0.35,1
41,4759,687,4796,Student,1186,7,Good,0.18,0
61,18790,394,19918,Employed,1150,5,Good,0.46,1
59,13800,729,19564,Employed,11066,8,Fair,0.18,1
47,2102,336,31712,Self-Employed,4212,6,Good,0.42,0
39,5795,692,29786,Employed,1429,8,Excellent,0.12,1
45,11483,590,16312,Employed,648,7,Good,0.58,0
24,5027,602,26973,Employed,7935,3,Poor,0.57,0
52,3311,700,14207,Employed,355,5,Fair,0.4,0
72,13603,643,2446,Student,2823,6,Good,0.07,1
45,10532,817,1951,Employed,8157,3,Excellent,0.23,1
31,14377,676,2717,Employed,5118,3,Fair,0.14,1
73,9463,464,39681,Employed,7543,9,Good,0.39,0
27,16724,312,12390,Employed,11577,2,Good,0.12,1
33,10416,324,22194,Self-Employed,12158,9,Excellent,0.62,1
33,8266,422,16477,Employed,12126,5,Fair,0.6,0
71,18686,428,18980,Employed,5269,1,Good,0.15,1
48,3165,846,31950,Student,6379,3,Good,0.5,1
59,17432,608,7594,Employed,3934,7,Good,0.5,1
42,8475,735,45693,Employed,9383,2,Good,0.31,1
30,4052,481,20600,Unemployed,5614,7,Good,0.15,1
23,14719,342,10098,Employed,11675,6,Good,0.14,1
61,15774,703,12942,Employed,7085,6,Excellent,0.53,1
26,14112,562,15012,Employed,12356,8,Good,0.19,1
62,4308,369,31702,Employed,14032,3,Excellent,0.44,0
53,12590,591,46018,Employed,266,7,Good,0.61,1
73,13760,513,49176,Unemployed,7317,1,Good,0.44,1
60,16795,446,11346,Employed,13102,2,Good,0.68,1
37,16337,324,15428,Employed,1880,3,Fair,0.47,0
35,16169,622,6755,Employed,1548,8,Fair,0.25,1
60,12023,408,46884,Self-Employed,381,0,Excellent,0.6,1
74,14262,550,7283,Employed,1635,6,Good,0.25,1
38,15269,781,2337,Self-Employed,12661,1,Excellent,0.68,1
21,15231,474,44455,Employed,8876,4,Good,0.36,1
67,13377,646,21857,Employed,12793,0,Good,0.67,1
50,3956,469,25936,Self-Employed,10476,5,Excellent,0.17,1
44,6923,301,40594,Employed,11850,2,Good,0.06,0
24,15746,661,28640,Employed,10564,5,Fair,0.18,1
23,14346,595,39435,Employed,7417,7,Fair,0.11,1
32,5817,501,46697,Employed,2637,7,Fair,0.53,0
35,19440,588,17214,Student,5570,3,Fair,0.22,1
49,14135,361,42532,Employed,4849,6,Good,0.47,0
73,14970,801,27531,Self-Employed,6050,5,Fair,0.48,1
28,14676,425,9013,Self-Employed,1951,1,Excellent,0.5,1
37,10613,348,36812,Employed,9637,5,Excellent,0.59,0
41,15046,478,6018,Employed,5945,1,Good,0.15,1
32,8305,792,19617,Employed,13527,3,Excellent,0.08,1
65,18288,732,28868,Student,13019,4,Good,0.07,1
24,19504,601,41235,Self-Employed,20,8,Excellent,0.12,1
38,9580,468,43774,Employed,12592,2,Poor,0.3,0
59,4618,568,32090,Employed,11616,4,Fair,0.68,0
43,8130,663,37809,Employed,12891,1,Poor,0.28,0
61,2065,399,2889,Employed,1009,2,Fair,0.34,0
73,17201,514,25060,Student,12732,4,Poor,0.58,0
31,16359,396,11091,Employed,7779,6,Good,0.65,1
74,9170,847,47283,Self-Employed,14601,5,Good,0.68,1
54,10976,636,20039,Employed,7140,1,Excellent,0.59,1
38,10276,658,44289,Self-Employed,5287,8,Good,0.38,1
35,16521,589,4718,Employed,9273,7,Fair,0.2,1
22,5827,695,22919,Self-Employed,2648,8,Good,0.44,1
20,16775,659,43016,Unemployed,13996,8,Excellent,0.18,1
40,9114,646,10698,Employed,7824,4,Good,0.09,1
43,2745,423,48251,Unemployed,14968,6,Excellent,0.65,0
54,9743,837,35398,Employed,4852,6,Fair,0.37,0
41,11855,721,22444,Student,12611,9,Good,0.38,1
66,2037,635,18375,Unemployed,5385,8,Fair,0.45,0
36,17424,802,49051,Employed,13373,8,Poor,0.34,1
68,17736,356,38358,Employed,14424,5,Excellent,0.34,1
42,18424,375,7866,Unemployed,10655,2,Poor,0.64,0
38,18698,765,29544,Employed,13895,7,Poor,0.58,1
29,2915,584,42990,Employed,11948,0,Good,0.19,1
74,12530,685,5921,Self-Employed,13387,9,Fair,0.24,1
58,3152,558,47113,Employed,2452,3,Excellent,0.48,1
50,12357,776,42522,Self-Employed,6508,9,Poor,0.42,1
67,5310,310,33759,Employed,12186,1,Good,0.55,0
70,18069,559,23665,Employed,12159,4,Poor,0.52,0
21,3051,692,25942,Employed,11933,6,Good,0.51,1
59,15084,668,7249,Employed,12105,0,Fair,0.62,1
74,2261,483,1793,Unemployed,11988,3,Good,0.55,0
24,14011,315,28679,Employed,8576,2,Good,0.21,1
39,10971,805,14993,Employed,4104,3,Poor,0.62,1
72,13967,385,34754,Employed,10754,5,Good,0.27,1
50,7663,309,26533,Self-Employed,7536,9,Fair,0.64,0
34,17565,776,4595,Unemployed,6452,5,Good,0.59,1
41,13386,463,49295,Self-Employed,2217,0,Poor,0.1,0
51,19420,323,48181,Employed,146,2,Fair,0.55,0
45,7701,611,3256,Employed,11781,0,Excellent,0.38,1
60,17080,537,13101,Unemployed,1926,0,Fair,0.69,1
58,8899,761,47490,Self-Employed,3754,0,Excellent,0.35,1
56,18445,761,30408,Employed,8271,2,Fair,0.09,1
39,9123,537,31946,Employed,13091,1,Good,0.24,1
66,11827,321,44182,Employed,6595,3,Good,0.33,0
34,8687,479,37944,Employed,11729,6,Fair,0.43,0
51,3680,798,8961,Employed,9951,1,Good,0.15,1
23,3460,774,16416,Employed,977,1,Good,0.38,1
63,6653,638,39022,Self-Employed,4902,6,Fair,0.36,0
23,8535,830,9429,Employed,13866,8,Good,0.59,1
51,12971,461,14783,Employed,6052,2,Good,0.25,1
18,2082,360,25290,Employed,2804,9,Excellent,0.34,0
27,17014,384,46685,Employed,7579,7,Good,0.3,1
38,17031,846,35500,Employed,9777,5,Excellent,0.46,1
22,18172,789,49243,Unemployed,4390,5,Good,0.59,1
19,9479,304,45021,Employed,9345,2,Good,0.49,0
39,4560,375,34582,Self-Employed,6012,9,Fair,0.35,0
65,15231,552,30285,Employed,5883,8,Good,0.46,1
74,13794,306,40803,Unemployed,5284,8,Excellent,0.26,1
19,19067,772,2186,Employed,8804,3,Good,0.14,1
27,15774,437,19609,Employed,11122,9,Excellent,0.26,1
51,19330,657,10176,Employed,14785,5,Excellent,0.34,1
33,17848,462,26373,Self-Employed,10002,4,Fair,0.34,0
65,3403,617,32955,Employed,3578,3,Good,0.53,0
68,16051,757,22557,Employed,4164,1,Excellent,0.66,1
56,16641,552,29738,Employed,4651,3,Excellent,0.3,1
39,3877,500,26119,Employed,2956,6,Good,0.11,1
29,2347,831,17903,Employed,5781,2,Fair,0.07,1
41,15880,464,11738,Employed,12787,2,Good,0.05,1
64,19123,531,6041,Self-Employed,3206,2,Excellent,0.66,1
57,11024,627,24254,Student,829,8,Good,0.7,1
55,16731,537,41527,Employed,4597,0,Poor,0.08,1
27,13198,419,10250,Employed,9165,4,Good,0.28,1
52,12071,549,27812,Employed,11608,8,Excellent,0.49,1
68,13814,635,26688,Employed,8921,6,Good,0.17,1
66,12929,583,20790,Employed,9092,0,Fair,0.44,1
49,3865,497,1946,Self-Employed,659,3,Excellent,0.58,1
24,12104,715,37798,Student,7805,5,Good,0.61,1
38,12866,694,9327,Self-Employed,760,4,Fair,0.51,1
37,6555,450,2136,Employed,14389,1,Excellent,0.1,1
43,7122,564,32915,Employed,8523,0,Poor,0.28,0
21,18256,519,26938,Self-Employed,958,3,Good,0.68,1
63,9283,515,1554,Employed,11683,9,Good,0.18,1
69,3449,614,24421,Employed,9950,4,Poor,0.35,0
39,18128,515,14233,Employed,5840,3,Excellent,0.27,1
32,11532,634,31893,Unemployed,6799,2,Fair,0.18,1
73,13119,658,37171,Self-Employed,4408,9,Fair,0.26,1
57,18008,460,19638,Employed,1855,7,Good,0.17,1
38,14324,810,1948,Student,11401,5,Excellent,0.62,1
32,12445,456,33702,Self-Employed,354,2,Good,0.16,1
39,3419,461,42063,Employed,5621,5,Excellent,0.46,0
69,11327,341,25193,Employed,2272,9,Good,0.66,1
45,11117,479,8207,Employed,12901,7,Fair,0.67,0
31,11232,602,10238,Employed,4194,6,Good,0.44,1
44,2030,629,8419,Self-Employed,14642,0,Good,0.23,0
58,9349,728,21410,Unemployed,4890,5,Excellent,0.21,1
57,8429,649,6956,Employed,10630,0,Excellent,0.54,1
45,5849,419,15625,Self-Employed,3162,3,Fair,0.69,0
43,15956,374,24753,Employed,3880,9,Excellent,0.1,1
66,12795,422,8322,Employed,6517,2,Excellent,0.56,1
19,19685,481,3614,Self-Employed,8395,6,Poor,0.13,1
42,6656,556,49233,Employed,3965,1,Good,0.24,1
73,10728,568,45291,Employed,9965,3,Good,0.42,1
20,13420,792,26539,Employed,608,4,Excellent,0.24,1
25,8932,479,4271,Employed,10872,1,Excellent,0.47,1
61,13703,448,10029,Employed,8076,8,Good,0.32,1
50,7689,817,6678,Employed,1140,1,Good,0.19,1
59,2642,447,20572,Employed,12353,5,Poor,0.4,0
69,9114,308,48989,Employed,10370,7,Good,0.07,0
52,15753,477,30095,Employed,4874,6,Excellent,0.53,1
23,19513,694,16571,Employed,4996,5,Good,0.39,1
56,18646,630,44162,Employed,4923,7,Excellent,0.67,1
69,8405,355,20718,Self-Employed,13697,4,Excellent,0.12,0
40,6389,506,16866,Employed,8173,9,Good,0.53,1
42,6339,404,3198,Self-Employed,6235,8,Good,0.25,1
67,5457,846,10407,Employed,5196,1,Excellent,0.29,1
60,2057,654,10072,Employed,7917,5,Poor,0.28,0
36,6121,788,18138,Self-Employed,738,9,Good,0.28,1
22,16432,802,6217,Employed,14183,6,Excellent,0.33,1
68,2339,349,32260,Employed,7487,8,Excellent,0.06,1
28,10743,386,42660,Employed,10892,4,Fair,0.6,0
73,11096,602,11411,Employed,14389,5,Fair,0.62,1
29,8498,300,34138,Employed,3723,8,Good,0.08,0
27,11629,680,35500,Employed,657,9,Good,0.55,1
25,2010,661,49282,Employed,7312,5,Fair,0.1,1
41,13096,680,6259,Employed,2726,0,Poor,0.58,0
45,14474,461,30584,Employed,9301,3,Excellent,0.45,1
58,2637,318,15116,Employed,3212,3,Fair,0.25,0
53,15200,542,23783,Self-Employed,6188,2,Fair,0.45,1
54,6166,428,42949,Unemployed,13951,7,Good,0.38,1
38,10406,475,22155,Employed,8037,5,Excellent,0.46,1
25,11978,708,33389,Self-Employed,2164,6,Good,0.36,1
72,4154,383,34183,Employed,8338,8,Excellent,0.55,0
26,2490,675,32048,Employed,12247,7,Excellent,0.08,1
64,3660,521,33121,Employed,6802,2,Poor,0.27,0
32,16636,624,28541,Unemployed,5140,3,Good,0.41,1
65,11836,750,37105,Employed,4631,0,Good,0.43,1
63,15769,715,22642,Self-Employed,3229,3,Excellent,0.16,1
57,17706,744,41795,Self-Employed,13787,8,Good,0.1,1
35,3563,624,38825,Employed,5167,4,Fair,0.06,0
59,12295,822,40735,Employed,4514,2,Excellent,0.32,1
37,19861,465,35388,Self-Employed,5229,1,Good,0.26,1
23,10067,537,29920,Employed,10810,5,Excellent,0.42,1
29,10433,312,41761,Unemployed,13285,3,Good,0.34,1
19,17119,556,32027,Unemployed,3600,5,Fair,0.31,1
24,6419,813,31480,Employed,11567,2,Excellent,0.6,1
33,13241,509,8386,Employed,6625,2,Excellent,0.45,1
20,10298,783,38661,Employed,11830,0,Good,0.47,1
62,18427,664,22480,Unemployed,5196,8,Good,0.3,1
20,16066,524,38624,Employed,2317,6,Good,0.55,1
44,2383,493,4655,Employed,921,8,Good,0.15,0
67,10915,495,25868,Employed,4787,0,Excellent,0.31,1
60,12585,699,32129,Student,13396,7,Good,0.08,1
57,16508,356,17463,Employed,13099,1,Excellent,0.13,1
55,19952,512,31080,Unemployed,11731,2,Excellent,0.1,1
50,9620,578,46192,Employed,5770,0,Good,0.34,1
45,9320,679,5308,Employed,3890,6,Good,0.5,1
18,13401,416,19246,Self-Employed,7849,4,Excellent,0.25,1
72,19670,750,34386,Employed,4337,2,Excellent,0.07,1
25,17759,709,12470,Employed,4029,3,Good,0.51,1
54,11149,666,49260,Self-Employed,2978,9,Good,0.18,1
49,9769,412,41882,Employed,9279,5,Excellent,0.52,1
65,13305,463,13188,Employed,13551,5,Excellent,0.05,1
60,19192,303,11669,Employed,11358,1,Fair,0.25,0
54,11879,322,12443,Employed,5777,6,Excellent,0.45,0
21,10244,391,20629,Self-Employed,6541,1,Good,0.62,0
47,14785,768,27954,Employed,7031,8,Good,0.54,1
23,9973,454,8235,Employed,2096,1,Fair,0.34,0
63,12179,506,10914,Employed,5572,4,Fair,0.52,0
71,16105,380,43849,Employed,2192,7,Good,0.4,0
36,12485,782,29547,Employed,916,7,Good,0.58,1
49,13891,706,49435,Employed,12685,3,Good,0.55,1
26,6361,402,12593,Self-Employed,13058,6,Good,0.68,0
29,3096,539,41928,Unemployed,4766,7,Good,0.12,1
28,18363,564,28885,Self-Employed,14040,7,Fair,0.27,1
63,11655,332,10291,Employed,5422,4,Poor,0.18,0
72,9419,334,45978,Employed,8619,9,Good,0.46,1
33,11834,548,5132,Self-Employed,3088,1,Fair,0.48,0
18,16128,349,32683,Employed,4176,1,Good,0.18,1
62,3572,579,1844,Unemployed,10423,4,Good,0.32,1
72,10987,451,32869,Unemployed,6610,3,Good,0.44,0
70,7124,836,32516,Employed,14618,3,Excellent,0.48,1
38,2438,529,35411,Employed,7238,2,Poor,0.12,0
47,9676,587,35031,Employed,6233,8,Fair,0.65,1
30,2261,694,36702,Employed,8900,7,Good,0.07,1
51,14441,752,23523,Self-Employed,14977,3,Fair,0.68,1
21,3169,332,40942,Student,3663,6,Fair,0.26,0
45,8628,662,33983,Unemployed,1981,7,Excellent,0.26,1
55,13591,410,5776,Employed,1388,5,Excellent,0.34,1
48,19815,420,19724,Unemployed,8394,1,Fair,0.5,1
72,8808,315,15100,Self-Employed,3302,7,Fair,0.15,0
44,2626,822,43467,Unemployed,12886,2,Poor,0.22,0
22,7521,397,34884,Unemployed,4101,3,Excellent,0.68,0
42,7937,415,41518,Employed,10596,3,Good,0.62,0
20,8539,770,47348,Employed,11712,6,Fair,0.19,1
50,19087,738,14932,Employed,3217,7,Good,0.42,1
21,5635,580,44700,Employed,10294,8,Fair,0.18,0
42,16611,648,22718,Employed,13378,0,Excellent,0.41,1
37,13464,531,47014,Employed,5816,0,Excellent,0.29,1
51,10211,410,20640,Employed,8338,6,Excellent,0.29,1
43,9404,651,43108,Employed,4681,3,Good,0.46,1
22,3783,311,20560,Student,9171,9,Good,0.21,0
52,3977,787,7380,Employed,8927,7,Fair,0.31,1
45,4593,832,48756,Employed,8886,4,Excellent,0.65,1
46,8707,584,29829,Employed,13407,0,Good,0.54,1
26,10894,844,49601,Employed,7658,1,Poor,0.3,1
69,16341,691,30579,Employed,6052,9,Good,0.2,1
55,7727,469,31200,Employed,853,2,Excellent,0.48,1
67,14780,376,20729,Employed,247,1,Excellent,0.57,1
23,5035,596,29537,Self-Employed,10371,8,Good,0.61,1
36,12082,629,43100,Employed,13836,6,Excellent,0.42,1
61,4413,362,25125,Unemployed,6492,1,Poor,0.39,0
74,3840,569,6655,Unemployed,4537,6,Good,0.52,0
28,6789,515,3448,Self-Employed,10495,9,Fair,0.16,0
19,2097,489,15185,Employed,9601,0,Good,0.6,0
64,16525,374,18211,Employed,10744,4,Poor,0.1,0
61,8645,809,23280,Employed,11963,4,Good,0.44,1
61,4402,392,34971,Employed,13912,8,Good,0.43,0
26,10455,352,40387,Employed,2463,3,Fair,0.25,0
38,9194,795,7798,Employed,14654,3,Fair,0.07,1
41,6330,393,18228,Employed,14651,5,Excellent,0.52,0
51,11334,528,36739,Employed,3737,1,Excellent,0.07,1
39,11989,549,35036,Unemployed,9177,9,Excellent,0.17,1
20,17268,690,49720,Employed,13285,5,Excellent,0.4,1
29,11864,481,30309,Employed,5781,6,Fair,0.66,0
45,3660,566,5744,Self-Employed,6473,3,Good,0.09,1
47,14768,580,41503,Unemployed,12246,9,Good,0.43,1
43,15985,382,15548,Employed,7311,8,Excellent,0.26,1
65,4422,485,43589,Employed,5366,4,Poor,0.49,0
38,5304,830,4530,Employed,3134,2,Fair,0.67,1
45,3868,647,38853,Self-Employed,4000,8,Good,0.22,0
73,16657,722,9995,Employed,10124,0,Fair,0.67,1
43,9593,753,25703,Self-Employed,7670,7,Fair,0.62,1
50,5432,566,26527,Self-Employed,7403,0,Good,0.44,1
38,13052,806,36032,Employed,9612,9,Excellent,0.54,1
52,7108,441,32430,Employed,4896,7,Fair,0.61,0
69,14399,615,1019,Employed,122,4,Good,0.57,1
51,10792,531,46730,Employed,2317,6,Fair,0.26,1
58,11362,596,24241,Employed,6151,7,Good,0.58,1
68,7031,321,8296,Employed,6873,0,Poor,0.25,0
64,11912,683,17333,Unemployed,6485,0,Good,0.61,1
35,7844,425,42516,Self-Employed,8877,6,Good,0.22,1
28,18259,402,19628,Employed,1661,0,Fair,0.42,0
74,9387,409,20367,Employed,10112,3,Good,0.5,0
40,19493,771,12755,Self-Employed,7482,5,Good,0.33,1
65,17658,364,36493,Unemployed,2875,1,Good,0.56,1
39,19497,771,22750,Employed,11824,9,Good,0.65,1
34,5179,375,14025,Self-Employed,12623,4,Excellent,0.17,0
22,9040,318,5887,Employed,6891,9,Good,0.07,0
61,10988,683,14658,Employed,13148,9,Fair,0.46,1
28,8574,489,6226,Employed,12092,9,Good,0.44,1
47,5496,659,36596,Self-Employed,14591,5,Good,0.27,0
32,7195,751,46799,Employed,2163,4,Excellent,0.56,1
44,15735,378,4988,Self-Employed,2838,9,Poor,0.59,0
52,3866,471,22663,Employed,3460,7,Fair,0.27,0
50,15664,511,19853,Employed,7252,3,Good,0.49,1
37,8264,744,19014,Employed,7799,7,Good,0.47,1
33,17027,448,15239,Employed,10111,2,Good,0.27,1
51,17792,309,37046,Employed,10289,6,Excellent,0.68,1
19,3114,841,19422,Employed,13475,4,Excellent,0.28,1
52,15896,354,22816,Employed,9363,4,Excellent,0.45,1
57,18380,479,28055,Employed,554,5,Good,0.3,1
73,18388,680,7470,Employed,11399,4,Good,0.06,1
45,7233,721,24461,Self-Employed,7925,0,Good,0.11,1
64,4716,750,46534,Employed,11481,8,Good,0.2,1
56,5864,392,5761,Employed,4008,3,Excellent,0.58,0
23,13769,819,22603,Self-Employed,4601,4,Fair,0.34,1
26,19361,712,35155,Employed,1816,0,Excellent,0.43,1
37,15329,693,48914,Employed,7539,2,Good,0.66,1
18,6460,630,22996,Employed,14569,2,Good,0.15,1
25,9801,732,40978,Employed,10069,7,Excellent,0.61,1
72,10341,462,34342,Employed,188,7,Good,0.3,1
40,9230,339,10913,Employed,1440,8,Fair,0.27,0
20,19383,384,42978,Employed,1220,9,Good,0.46,1
21,18479,390,41564,Employed,2597,6,Good,0.63,1
42,2478,783,30999,Employed,6667,5,Excellent,0.28,1
64,2230,684,32748,Employed,13947,7,Good,0.54,1
55,1556,492,33331,Employed,13867,2,Fair,0.06,0
32,3743,552,45380,Self-Employed,11060,9,Good,0.46,1
38,3201,543,35224,Employed,10253,9,Excellent,0.46,1
52,19170,569,35363,Employed,13254,9,Good,0.41,1
74,9803,318,25692,Unemployed,2907,7,Excellent,0.66,1
70,16600,339,8986,Self-Employed,5683,2,Fair,0.66,0
70,14498,815,14146,Employed,1715,1,Poor,0.27,1
63,10893,332,43810,Employed,11727,8,Good,0.35,0
69,2447,749,34599,Employed,14248,0,Fair,0.57,0
31,8053,838,22352,Unemployed,7809,9,Excellent,0.6,1
53,2257,618,11973,Employed,14768,9,Excellent,0.32,1
29,16366,423,19501,Employed,6110,1,Good,0.28,1
34,13080,671,21866,Unemployed,611,6,Fair,0.58,1
56,7151,650,19390,Employed,10701,0,Good,0.29,1
26,8773,622,44531,Employed,11117,4,Good,0.31,1
52,11533,787,42256,Employed,283,8,Excellent,0.14,1
30,5035,750,40528,Unemployed,2670,8,Fair,0.4,0
32,18988,652,42678,Student,12286,3,Excellent,0.26,1
35,10353,415,28712,Employed,9819,9,Good,0.43,0
68,2408,312,6694,Employed,1611,1,Excellent,0.34,0
50,6117,619,20463,Employed,8908,8,Excellent,0.54,1
23,11548,464,22662,Employed,12821,3,Excellent,0.23,1
44,3811,384,1010,Employed,8873,2,Good,0.16,0
40,17520,547,38648,Employed,11631,2,Good,0.51,1
44,18673,731,28515,Employed,7164,6,Good,0.3,1
51,15085,778,11846,Employed,7630,1,Fair,0.42,1
73,15517,667,48258,Employed,14183,4,Fair,0.66,1
63,18055,656,47285,Employed,13891,1,Excellent,0.36,1
55,14052,707,29026,Unemployed,4256,6,Excellent,0.15,1
31,14837,644,17982,Employed,4269,6,Good,0.33,1
53,3385,478,18207,Employed,1522,2,Good,0.36,0
70,2549,724,44357,Employed,9551,2,Excellent,0.55,1
25,12003,840,38985,Employed,2073,7,Fair,0.18,1
52,2661,742,40854,Self-Employed,1789,6,Good,0.28,1
36,2315,605,13306,Employed,11767,3,Fair,0.08,0
47,5266,666,1312,Self-Employed,3370,1,Good,0.51,0
31,4739,335,44934,Self-Employed,2484,2,Good,0.53,0
37,15442,762,7671,Employed,10010,2,Fair,0.35,1
66,9772,445,24084,Employed,6902,4,Excellent,0.4,1
42,2369,445,45698,Employed,2058,6,Good,0.54,0
57,7026,679,36260,Self-Employed,7405,3,Excellent,0.22,1
41,9241,467,43905,Employed,2666,0,Good,0.44,1
31,6194,574,17614,Student,1433,2,Fair,0.68,0
43,3434,386,11864,Employed,11597,2,Excellent,0.48,0
55,18587,453,49114,Employed,3384,0,Good,0.1,1
40,17818,796,16224,Employed,11264,7,Fair,0.24,1
39,7659,614,48462,Employed,522,3,Good,0.39,1
65,17219,573,45414,Employed,1693,4,Good,0.1,1
74,14493,561,45543,Employed,4183,2,Poor,0.49,0
36,15313,786,1043,Employed,10481,3,Excellent,0.48,1
63,2664,753,41300,Employed,9347,0,Excellent,0.62,1
68,2119,742,25476,Employed,597,3,Fair,0.37,0
20,9482,561,28500,Employed,14334,1,Excellent,0.5,1
59,4566,842,29269,Employed,9837,9,Fair,0.17,1
36,10138,404,20841,Self-Employed,7495,5,Good,0.05,1
26,3837,649,39152,Employed,10350,1,Fair,0.16,0
45,7094,737,31931,Employed,2336,8,Good,0.09,1
37,3960,468,6615,Employed,6217,1,Good,0.33,1
62,8320,642,28961,Employed,10049,3,Good,0.35,1
24,4942,529,33513,Employed,14443,3,Excellent,0.47,1
31,17691,322,22890,Unemployed,7683,0,Excellent,0.14,1
26,17826,580,27870,Employed,1714,6,Fair,0.19,1
72,12029,818,36763,Student,11930,0,Fair,0.57,1
74,19175,552,46876,Employed,13088,7,Fair,0.42,1
36,11890,703,48175,Self-Employed,10976,2,Poor,0.07,0
64,15530,432,45327,Employed,3176,7,Fair,0.6,0
69,6874,573,44302,Employed,13907,7,Fair,0.46,1
31,14642,531,25746,Employed,14412,9,Fair,0.17,0
73,13704,844,38109,Employed,8394,9,Excellent,0.21,1
55,8894,378,30836,Self-Employed,2898,4,Fair,0.41,0
70,18588,334,10831,Self-Employed,11764,2,Fair,0.41,0
53,2325,794,34384,Employed,1264,8,Excellent,0.57,1
57,10696,409,34007,Employed,6943,0,Poor,0.28,0
34,13152,620,39820,Employed,6850,0,Excellent,0.41,1
47,18260,627,40222,Student,10651,1,Good,0.43,1
26,2472,683,30069,Employed,9429,9,Excellent,0.41,1
50,12768,663,43816,Self-Employed,14776,5,Good,0.1,1
73,1943,531,42882,Employed,1554,1,Good,0.32,1
69,2254,713,18196,Self-Employed,11934,3,Good,0.27,1
42,17523,593,5999,Employed,7379,5,Fair,0.7,1
31,11863,846,25026,Employed,8244,1,Fair,0.35,1
28,12397,473,2730,Employed,11774,3,Fair,0.33,1
70,6896,691,4424,Employed,11351,6,Excellent,0.36,1
52,4965,401,39830,Employed,671,0,Good,0.65,0
58,4211,592,30716,Self-Employed,12296,8,Fair,0.45,0
31,7247,384,32226,Employed,8882,9,Good,0.3,0
47,19607,500,3207,Unemployed,8274,9,Good,0.64,1
58,3419,840,14031,Employed,13336,6,Excellent,0.65,1
21,18802,596,29008,Employed,12512,8,Good,0.22,1
21,14973,355,30484,Unemployed,3568,6,Poor,0.31,0
45,18465,771,47635,Employed,10669,0,Fair,0.68,1
25,15735,315,4368,Employed,1451,6,Excellent,0.4,1
19,17210,365,22855,Employed,5313,8,Good,0.33,1
58,15934,771,3227,Unemployed,5237,7,Good,0.18,1
63,14978,322,49522,Self-Employed,6978,3,Good,0.3,1
39,5381,785,31322,Self-Employed,7038,4,Good,0.46,1
58,3499,714,44220,Unemployed,6043,2,Good,0.08,1
73,16349,604,13817,Employed,10212,9,Poor,0.1,1
72,12403,476,47474,Employed,7138,9,Fair,0.05,1
33,18284,494,48130,Employed,10317,1,Fair,0.19,1
46,16200,312,14226,Self-Employed,9367,2,Fair,0.17,0
66,6945,465,44877,Self-Employed,1079,6,Excellent,0.6,1
65,4128,449,45480,Employed,7985,7,Good,0.17,0
47,19540,640,32157,Employed,10596,1,Good,0.48,1
29,18504,473,21764,Self-Employed,9474,8,Fair,0.13,1
52,1746,466,19204,Employed,534,3,Poor,0.44,0
28,6712,396,1188,Employed,12040,1,Good,0.33,0
63,4839,703,31397,Employed,7761,6,Good,0.32,1
67,3868,376,10414,Student,4666,1,Good,0.61,0
38,13686,536,38989,Employed,4673,6,Good,0.16,1
38,3339,590,42438,Employed,10645,7,Excellent,0.44,1
22,7705,435,7746,Employed,2162,8,Poor,0.58,0
65,5895,666,15331,Employed,10018,0,Good,0.51,0
37,16790,847,12254,Employed,3998,1,Poor,0.69,1
54,5191,547,11217,Unemployed,6617,1,Excellent,0.05,1
20,8970,513,16583,Employed,7501,6,Excellent,0.62,1
61,5341,369,38380,Unemployed,3692,5,Good,0.45,0
50,5848,628,35318,Employed,10031,8,Fair,0.05,0
70,19276,315,16800,Unemployed,7476,2,Good,0.35,1
26,7560,786,31212,Employed,4059,7,Fair,0.55,1
26,17025,473,48333,Employed,8522,4,Good,0.17,1
21,5800,573,28492,Employed,5663,4,Fair,0.49,0
52,4838,823,33592,Employed,10964,9,Excellent,0.14,1
34,6987,518,6233,Employed,13270,4,Good,0.57,0
51,5014,812,23019,Employed,1527,7,Excellent,0.42,1
41,18643,698,12447,Employed,12375,6,Excellent,0.07,1
49,12780,410,15036,Unemployed,7051,6,Good,0.11,1
18,11807,763,11998,Employed,573,3,Good,0.61,1
25,11415,392,33801,Employed,6146,5,Fair,0.07,0
62,12658,750,25871,Employed,14085,0,Fair,0.24,1
40,10121,695,28076,Employed,7550,5,Good,0.42,1
64,12047,778,45739,Employed,3695,4,Poor,0.19,0
57,14985,615,29152,Employed,523,0,Poor,0.2,0
29,3959,652,2429,Employed,13876,0,Poor,0.55,0
71,6773,538,11381,Employed,9363,2,Good,0.24,0
29,19602,403,2987,Self-Employed,10745,3,Good,0.08,1
63,10957,328,30319,Employed,14981,0,Good,0.52,1
64,6923,388,23655,Employed,12371,9,Excellent,0.67,1
32,19192,674,20266,Student,9613,6,Good,0.59,1
58,18934,696,49028,Employed,10423,1,Good,0.41,1
36,6979,663,44737,Employed,2216,3,Good,0.33,1
43,16919,446,12889,Unemployed,10347,8,Good,0.65,1
69,3749,613,49477,Employed,6336,7,Excellent,0.55,1
46,4309,847,2547,Employed,9043,1,Good,0.42,1
39,4421,751,45275,Employed,5479,8,Good,0.62,1
57,6176,805,34281,Employed,13406,0,Good,0.44,1
38,3917,785,46056,Unemployed,7710,5,Good,0.68,1
68,18416,400,14550,Self-Employed,9371,2,Excellent,0.61,1
55,14963,406,6174,Employed,3595,0,Fair,0.41,0
37,9667,590,37334,Unemployed,4367,7,Excellent,0.65,1
74,2969,648,21187,Employed,5856,5,Good,0.27,1
46,8792,526,4938,Employed,14891,3,Fair,0.51,1
68,8431,349,2471,Student,10051,2,Excellent,0.16,0
21,2591,457,17721,Employed,5001,9,Good,0.63,0
72,17863,627,8051,Employed,737,1,Good,0.21,1
24,1760,376,8444,Employed,11004,4,Excellent,0.67,0
45,11956,753,28657,Student,10984,7,Good,0.06,1
45,14935,609,37180,Employed,2818,7,Good,0.49,1
21,10877,626,30799,Employed,13086,2,Excellent,0.15,1
39,17313,807,3392,Employed,13491,8,Good,0.55,1
29,5801,406,16729,Employed,5342,9,Excellent,0.37,1
62,8707,540,34744,Employed,2163,4,Fair,0.64,0
20,17976,734,44205,Unemployed,13248,6,Good,0.51,1
39,10056,327,30709,Self-Employed,3076,8,Excellent,0.55,1
61,15295,548,37836,Unemployed,6916,6,Fair,0.13,1
19,7625,663,10895,Employed,12353,9,Good,0.11,1
41,3424,832,18255,Employed,8718,2,Excellent,0.6,1
51,8183,771,4409,Employed,448,1,Excellent,0.2,1
44,14831,838,13744,Unemployed,11412,6,Good,0.61,1
72,11445,712,2549,Student,14436,9,Excellent,0.14,1
58,18794,464,16085,Unemployed,7434,7,Excellent,0.25,1
18,1806,347,45467,Employed,6873,3,Good,0.65,0
25,5731,783,21845,Employed,6697,0,Poor,0.6,0
40,7528,457,15736,Employed,4161,5,Good,0.09,0
55,13707,450,36389,Employed,13661,8,Good,0.34,1
23,8158,524,3529,Employed,7996,3,Poor,0.64,0
39,7836,559,44117,Employed,10043,2,Excellent,0.06,1
42,15396,686,48509,Employed,8077,5,Excellent,0.12,1
35,11130,555,27932,Employed,119,5,Poor,0.47,0
34,18756,360,9351,Employed,14580,3,Good,0.12,1
29,2641,695,44062,Employed,4484,6,Excellent,0.34,1
23,18549,696,12000,Employed,12574,1,Good,0.38,1
43,9900,461,43959,Employed,2847,0,Fair,0.61,0
44,2451,679,40167,Employed,1790,5,Excellent,0.67,1
25,10749,742,36349,Employed,12705,2,Good,0.38,1
36,14436,648,23949,Self-Employed,3017,2,Excellent,0.38,1
59,15955,330,28569,Employed,350,0,Good,0.52,1
18,6222,370,47694,Employed,10394,1,Good,0.18,0
74,14312,696,20318,Employed,5457,2,Excellent,0.66,1
46,5508,737,19695,Employed,11524,0,Good,0.05,1
62,11560,301,16168,Employed,9744,7,Good,0.05,1
66,14556,434,38096,Self-Employed,2250,5,Excellent,0.46,1
52,8155,445,40591,Employed,5060,8,Good,0.27,1
57,18655,478,21712,Employed,14196,0,Good,0.31,1
31,14527,563,20500,Employed,6583,3,Good,0.19,1
52,5530,610,4747,Employed,3237,3,Poor,0.32,0
65,2021,503,24208,Employed,6522,4,Good,0.59,1
62,2900,329,35227,Self-Employed,11701,1,Excellent,0.5,0
37,13430,358,5430,Employed,8239,0,Good,0.11,0
73,5223,308,19835,Employed,10468,8,Good,0.09,0
66,8079,623,41099,Employed,11988,4,Poor,0.38,0
30,19742,466,29927,Employed,5847,7,Excellent,0.52,1
55,6281,636,44948,Employed,13277,2,Good,0.48,1
66,14373,678,9963,Unemployed,14287,3,Good,0.61,1
63,18026,541,22425,Unemployed,14128,3,Fair,0.14,1
66,12543,459,18495,Self-Employed,12216,5,Good,0.44,0
25,17875,534,45271,Employed,5394,3,Fair,0.55,1
60,18601,752,13598,Self-Employed,11376,4,Excellent,0.66,1
37,2142,498,10786,Self-Employed,1892,4,Good,0.12,1
50,13385,776,11921,Student,897,7,Excellent,0.21,1
43,9049,332,43241,Student,1738,8,Poor,0.28,0
56,14897,707,31253,Employed,13856,7,Excellent,0.4,1
38,16574,388,20969,Employed,9160,4,Good,0.32,1
70,15271,520,24985,Employed,11194,5,Excellent,0.61,1
66,2449,368,48232,Employed,11352,3,Poor,0.67,0
59,18405,593,12020,Self-Employed,12933,1,Good,0.1,1
60,16232,536,36141,Self-Employed,4106,4,Poor,0.5,0
71,18238,459,30461,Self-Employed,11290,0,Excellent,0.12,1
58,19366,589,15352,Employed,2503,0,Excellent,0.63,1
26,11339,832,16344,Employed,6060,0,Good,0.14,1
41,14323,634,42301,Employed,5150,3,Good,0.69,1
54,16190,801,14125,Employed,6746,4,Good,0.33,1
66,7839,545,38491,Self-Employed,9662,3,Fair,0.3,1
58,12456,622,20202,Unemployed,3499,5,Excellent,0.43,1
34,5265,628,43232,Employed,11944,1,Good,0.31,1
41,4327,846,1709,Unemployed,11822,4,Good,0.2,1
38,3558,638,7992,Employed,13252,5,Good,0.46,0
68,13019,470,34506,Employed,10830,4,Good,0.52,1
56,2230,409,27354,Employed,2561,5,Excellent,0.66,0
72,3332,309,14233,Employed,4494,7,Poor,0.32,0
58,10100,501,48460,Student,3603,1,Fair,0.51,0
56,17118,556,5590,Self-Employed,386,6,Good,0.59,1
30,8670,561,29706,Employed,6761,5,Good,0.59,1
28,5679,729,14718,Employed,7974,9,Excellent,0.07,1
63,7799,806,23471,Employed,5449,7,Good,0.28,1
36,9330,365,37486,Employed,11865,8,Good,0.06,0
28,12939,334,14105,Employed,8329,7,Good,0.41,0
30,6302,790,41969,Employed,3751,4,Fair,0.61,0
63,8115,553,6081,Employed,2700,3,Excellent,0.58,1
62,8262,316,49822,Employed,5844,2,Excellent,0.58,0
18,7043,560,43697,Employed,12769,9,Good,0.28,1
57,6383,555,27718,Employed,8491,8,Good,0.08,1
61,17239,723,21384,Self-Employed,31,6,Excellent,0.16,1
36,2166,800,5545,Student,2504,0,Good,0.49,1
29,1776,585,6339,Employed,8733,2,Excellent,0.14,1
25,15563,306,16353,Employed,3456,2,Fair,0.13,0
25,2381,796,27376,Employed,14132,5,Good,0.28,1
70,3560,498,29028,Employed,11595,1,Fair,0.11,0
62,16177,717,20100,Employed,10283,3,Good,0.26,1
29,19966,351,5302,Unemployed,546,1,Fair,0.68,0
65,8202,542,2809,Self-Employed,983,4,Fair,0.06,0
50,10929,518,29917,Employed,14759,3,Fair,0.59,0
62,17353,817,6830,Employed,4140,3,Fair,0.7,1
43,1658,408,19381,Employed,14267,3,Good,0.33,0
56,17496,650,49924,Employed,8571,3,Good,0.66,1
45,6729,365,49637,Employed,496,4,Fair,0.22,0
22,9456,309,3130,Employed,1915,1,Good,0.69,0
25,14066,501,5412,Employed,5054,5,Excellent,0.61,1
42,4026,513,11884,Unemployed,10377,0,Fair,0.63,0
44,9303,367,36564,Employed,7726,9,Good,0.13,0
63,8074,626,25132,Employed,12695,1,Excellent,0.62,1
40,10233,349,47775,Employed,8376,2,Good,0.66,0
47,19022,316,48733,Employed,488,1,Fair,0.58,0
62,8757,822,23707,Employed,10257,2,Fair,0.11,1
64,4783,605,31478,Employed,1720,7,Good,0.11,1
40,17409,691,7745,Unemployed,13383,2,Excellent,0.28,1
66,13302,423,46655,Unemployed,6778,9,Good,0.51,1
64,9396,803,38970,Self-Employed,170,0,Good,0.06,1
37,15026,524,35323,Employed,8591,7,Excellent,0.67,1
35,19640,617,12882,Employed,11784,7,Poor,0.39,1
35,12778,772,12764,Self-Employed,14066,6,Excellent,0.28,1
19,14742,840,25565,Employed,11844,3,Good,0.41,1
21,4070,657,5443,Employed,8430,4,Excellent,0.52,1
47,1824,782,14583,Employed,1340,9,Poor,0.23,0
50,11221,728,42290,Employed,13834,5,Excellent,0.24,1
53,7145,796,11136,Self-Employed,8082,5,Good,0.35,1
35,19829,771,22223,Employed,4415,6,Fair,0.49,1
54,15904,599,21342,Self-Employed,11813,3,Excellent,0.51,1
36,5986,383,10876,Employed,10761,7,Excellent,0.26,1
64,3930,676,1746,Unemployed,10767,1,Excellent,0.26,1
45,18729,612,35952,Employed,6620,8,Good,0.37,1
57,14656,619,25330,Student,9540,5,Good,0.4,1
37,2067,503,15052,Employed,13777,0,Fair,0.47,0
66,3679,654,43344,Unemployed,7922,0,Excellent,0.45,1
50,3519,593,33576,Employed,4854,7,Fair,0.29,0
29,17419,803,29606,Employed,2089,9,Poor,0.24,1
68,19530,444,32001,Employed,233,9,Fair,0.25,1
32,5409,838,10210,Self-Employed,555,6,Good,0.47,1
58,9515,316,16079,Student,10676,2,Poor,0.33,0
56,4920,338,28154,Self-Employed,10146,7,Poor,0.14,0
19,16385,429,29687,Employed,4771,7,Good,0.05,1
46,18240,414,8148,Employed,3733,6,Excellent,0.07,1
58,8985,749,13855,Employed,13591,4,Poor,0.61,1
27,5631,344,29516,Employed,3275,7,Fair,0.35,0
19,12152,515,16473,Employed,5003,4,Excellent,0.48,1
68,15879,714,31285,Self-Employed,8994,0,Poor,0.65,0
28,16403,564,23557,Unemployed,7473,7,Good,0.13,1
30,17413,739,43502,Unemployed,4946,6,Good,0.34,1
27,10970,680,15219,Employed,996,6,Good,0.4,1
31,18349,600,45006,Employed,845,1,Good,0.6,1
35,13040,470,48125,Employed,14294,2,Good,0.7,1
68,19371,705,40965,Employed,6653,2,Good,0.51,1
71,6097,654,35470,Employed,1319,9,Good,0.47,1
26,6036,460,39297,Self-Employed,4117,5,Good,0.65,0
74,18209,325,40984,Employed,9902,5,Fair,0.59,0
56,11457,382,46380,Employed,5103,2,Excellent,0.61,1
45,5662,472,41423,Self-Employed,14332,4,Poor,0.05,0
20,1803,369,39185,Student,8433,8,Fair,0.38,0
37,6567,305,49901,Self-Employed,2890,6,Fair,0.56,0
23,6524,494,7324,Employed,2625,8,Good,0.17,0
44,9215,824,21257,Employed,5513,1,Poor,0.54,1
70,12726,362,9313,Employed,11690,9,Excellent,0.06,1
19,4131,312,48227,Student,8644,9,Excellent,0.42,0
46,14912,504,27052,Employed,14842,0,Fair,0.6,1
55,16537,339,25603,Unemployed,1629,1,Fair,0.33,0
20,13147,464,22762,Unemployed,10452,5,Excellent,0.53,1
33,14069,330,19508,Self-Employed,3312,9,Good,0.39,0
47,3869,828,17815,Employed,7136,6,Good,0.47,1
57,13159,697,5974,Employed,14744,7,Good,0.39,1
19,2028,758,21161,Self-Employed,4717,5,Good,0.36,1
34,12002,522,30730,Self-Employed,558,5,Poor,0.6,0
58,6175,377,13723,Student,8070,2,Poor,0.11,0
29,19547,727,16473,Employed,13159,8,Poor,0.43,0
52,3841,724,2085,Self-Employed,10907,1,Good,0.12,1
60,15419,686,23579,Employed,14927,4,Good,0.42,1
18,16230,538,23643,Employed,1068,2,Good,0.68,1
72,16756,389,27670,Employed,8036,0,Good,0.09,1
62,6405,684,19869,Employed,10946,1,Good,0.32,1
32,17039,438,16771,Employed,9452,5,Good,0.57,1
43,16755,823,42060,Employed,10962,9,Good,0.29,1
54,10384,543,11346,Employed,5898,0,Poor,0.39,0
38,10643,804,22462,Employed,4602,1,Excellent,0.12,1
66,7450,721,40970,Employed,7810,9,Good,0.19,1
48,2860,481,20432,Employed,7996,4,Good,0.5,0
42,6627,494,14174,Student,449,0,Excellent,0.59,1
40,15752,352,18183,Unemployed,3639,9,Good,0.47,0
41,10230,478,30697,Self-Employed,1913,3,Excellent,0.59,1
74,5425,592,6611,Employed,10989,4,Good,0.44,1
55,9963,674,47959,Employed,4633,4,Excellent,0.58,1
45,18912,358,23393,Self-Employed,5973,4,Poor,0.69,0
38,2742,353,26871,Employed,7924,9,Excellent,0.1,1
71,10284,544,6263,Employed,5328,8,Fair,0.36,0
60,11297,448,42394,Employed,5409,8,Poor,0.17,0
35,7906,667,22954,Employed,2545,4,Good,0.35,1
53,15465,315,12996,Unemployed,11446,5,Excellent,0.37,1
52,15233,475,11805,Unemployed,7886,7,Good,0.45,1
62,19324,839,10107,Student,4811,6,Excellent,0.34,1
72,5126,705,11467,Unemployed,12687,5,Excellent,0.26,1
26,11574,766,22024,Employed,5327,3,Good,0.08,1
70,18068,428,42607,Employed,13734,2,Good,0.07,1
55,9531,522,19679,Employed,3461,3,Fair,0.16,0
47,4688,543,13270,Employed,7533,2,Good,0.34,1
61,4445,725,18815,Employed,14919,7,Fair,0.32,0
51,8265,653,22556,Unemployed,1459,5,Excellent,0.17,1
49,12307,625,14887,Employed,9112,5,Excellent,0.58,1
20,11704,302,36129,Self-Employed,6482,0,Good,0.49,0
20,10852,778,24925,Employed,11410,4,Fair,0.27,0
45,6099,380,13324,Employed,14331,7,Fair,0.57,0
61,5813,343,1723,Self-Employed,14027,1,Good,0.69,0
32,3718,454,35315,Self-Employed,456,2,Good,0.21,0
58,15286,835,9275,Self-Employed,8168,8,Good,0.29,1
40,19036,398,14405,Self-Employed,10076,3,Excellent,0.7,1
57,1556,696,2365,Employed,5530,9,Good,0.14,1
28,14033,470,47427,Unemployed,644,4,Good,0.1,1
65,1643,447,28338,Employed,10521,6,Good,0.39,0
49,8718,422,4853,Unemployed,12701,4,Fair,0.35,0
74,10059,411,5682,Unemployed,5709,1,Fair,0.1,0
71,2115,429,45159,Employed,7264,6,Excellent,0.24,1
53,9562,367,6960,Student,10402,5,Poor,0.32,0
50,13020,844,25727,Student,4938,8,Excellent,0.58,1
41,7477,585,25073,Employed,13748,1,Excellent,0.51,1
56,12919,304,22541,Self-Employed,7363,1,Poor,0.64,0
51,11280,417,20882,Unemployed,5747,7,Good,0.27,1
73,12181,529,49232,Employed,4256,9,Fair,0.25,1
45,8484,459,46054,Unemployed,4350,0,Excellent,0.35,1
54,6471,593,2567,Employed,9285,7,Fair,0.05,1
24,2444,485,25787,Self-Employed,10651,4,Fair,0.18,0
21,10614,523,24053,Employed,2761,0,Good,0.19,1
54,8578,451,27755,Employed,10234,9,Fair,0.09,0
73,19630,439,28799,Unemployed,8227,0,Poor,0.35,0
18,13812,666,37959,Employed,6873,5,Good,0.64,1
18,7283,427,10718,Employed,14301,9,Good,0.05,0
64,11251,650,24540,Employed,469,1,Fair,0.46,1
37,8407,446,26097,Employed,8500,1,Good,0.62,0
36,18973,584,23901,Employed,11460,0,Poor,0.12,1
46,4457,768,29522,Employed,6017,0,Excellent,0.65,1
27,7547,517,38903,Employed,8672,3,Good,0.58,1
35,7749,735,40519,Employed,5958,4,Fair,0.19,1
45,17847,444,41977,Employed,6847,3,Good,0.64,1
52,5259,576,12672,Employed,8980,5,Excellent,0.57,1
60,5763,359,8174,Employed,290,7,Good,0.12,0
64,11781,674,19103,Employed,429,1,Fair,0.59,1
48,3402,703,9061,Employed,597,0,Good,0.4,1
44,4067,413,21398,Self-Employed,8050,1,Good,0.58,0
28,11690,794,33626,Employed,4527,9,Good,0.45,1
66,9575,635,14265,Employed,1557,5,Good,0.3,1
66,4494,584,34646,Employed,6789,3,Good,0.44,1
55,6729,428,42553,Employed,4600,6,Good,0.46,0
22,3510,614,46698,Self-Employed,8055,1,Excellent,0.55,1
25,8877,370,40040,Employed,672,0,Good,0.59,0
51,14536,644,30472,Employed,2854,4,Good,0.48,1
65,18714,397,46510,Employed,1578,8,Good,0.69,1
69,1548,599,18993,Student,1432,5,Excellent,0.56,1
73,5710,475,7714,Employed,5521,5,Excellent,0.64,1
29,19062,374,30767,Employed,8232,0,Fair,0.26,1
55,16338,442,38877,Unemployed,4479,0,Good,0.26,1
18,17538,322,19832,Employed,2933,3,Excellent,0.29,1
48,9378,480,13749,Self-Employed,1314,1,Excellent,0.34,1
21,17954,344,16888,Employed,1815,2,Excellent,0.67,1
66,16847,768,35904,Employed,4278,5,Good,0.1,1
62,9379,391,17020,Employed,6907,9,Good,0.37,0
67,19661,568,40734,Employed,1895,0,Excellent,0.15,1
22,14754,333,35821,Employed,1063,9,Good,0.58,0
47,8880,663,8763,Unemployed,13910,1,Excellent,0.07,1
73,3728,432,47000,Employed,11488,3,Excellent,0.35,0
41,11314,681,33851,Self-Employed,5404,5,Fair,0.31,1
20,10388,576,17025,Employed,8329,2,Good,0.11,1
28,7891,455,27015,Unemployed,8526,8,Fair,0.29,0
62,10929,686,16431,Student,12425,9,Excellent,0.58,1
21,2137,834,20052,Employed,5593,3,Good,0.14,1
43,18833,499,38999,Employed,12775,6,Good,0.69,1
44,11596,574,44179,Self-Employed,12863,4,Good,0.09,1
63,5087,800,42658,Employed,2676,5,Good,0.24,1
71,2611,758,31992,Self-Employed,8092,8,Good,0.55,1
60,9867,349,46585,Unemployed,9825,8,Excellent,0.28,1
44,2222,831,43058,Employed,5265,5,Good,0.36,1
59,6366,391,7572,Self-Employed,13185,1,Fair,0.17,0
68,11639,755,36662,Employed,14744,8,Good,0.52,1
67,18586,638,37185,Employed,9725,1,Excellent,0.17,1
23,3628,352,17632,Employed,1108,1,Good,0.6,0
32,10618,795,8810,Employed,1586,1,Fair,0.4,1
70,4017,303,13674,Employed,7774,6,Excellent,0.41,0
47,19033,580,43917,Employed,3861,3,Good,0.66,1
59,15728,589,8880,Self-Employed,5128,7,Poor,0.55,0
54,15679,372,13650,Employed,4954,7,Good,0.53,1
54,19762,436,35883,Employed,1112,0,Excellent,0.61,1
59,11175,692,40349,Employed,1112,0,Good,0.11,1
54,1809,507,39419,Employed,10458,3,Excellent,0.52,0
52,5452,559,2806,Employed,2889,1,Excellent,0.2,1
40,15371,562,41068,Employed,349,2,Excellent,0.23,1
23,11192,804,25871,Self-Employed,3962,9,Excellent,0.06,1
21,1515,849,43951,Employed,1923,1,Fair,0.63,0
35,18489,502,49991,Self-Employed,12692,9,Fair,0.53,1
26,17505,646,48136,Employed,8059,8,Good,0.14,1
66,15778,351,6493,Self-Employed,7965,5,Fair,0.26,1
46,16317,655,33548,Employed,7328,6,Good,0.36,1
30,11259,818,5650,Employed,42,5,Good,0.37,1
64,17164,662,45835,Self-Employed,11737,0,Excellent,0.44,1
69,7912,344,17225,Self-Employed,5877,4,Fair,0.36,0
34,11696,677,46360,Employed,10497,2,Good,0.47,1
62,10007,711,1792,Unemployed,5974,9,Good,0.62,1
49,6320,441,30803,Self-Employed,851,7,Excellent,0.31,1
65,9335,557,34857,Employed,13356,6,Excellent,0.62,1
39,3349,336,21881,Employed,11584,8,Fair,0.19,0
21,15087,344,34557,Employed,13301,0,Excellent,0.13,1
22,3453,345,5194,Employed,13505,1,Good,0.21,0
54,14231,600,13558,Employed,13829,1,Excellent,0.18,1
58,8340,587,27374,Employed,1286,0,Good,0.69,1
66,6566,568,21841,Employed,10674,7,Good,0.3,1
30,3915,361,14475,Employed,3779,3,Good,0.47,0
51,3889,541,7671,Employed,12817,6,Excellent,0.5,1
62,17711,653,32764,Employed,6006,9,Excellent,0.34,1
39,2263,370,6961,Employed,11560,0,Excellent,0.2,0
70,18699,712,45816,Employed,3690,7,Good,0.33,1
40,7755,360,6155,Employed,10308,7,Excellent,0.36,1
68,18761,751,34081,Self-Employed,1048,9,Good,0.67,1
20,8673,692,1232,Student,2615,2,Excellent,0.42,1
59,12018,828,10221,Employed,512,8,Poor,0.68,0
51,11752,604,45566,Employed,6113,4,Good,0.42,1
49,13947,490,25233,Employed,182,4,Excellent,0.14,1
62,16589,377,3711,Employed,2101,4,Excellent,0.3,1
68,10895,824,13531,Employed,9296,0,Good,0.57,1
66,13567,600,11480,Employed,159,9,Fair,0.32,0
38,6787,316,41708,Employed,14295,1,Excellent,0.11,1
63,14961,733,13191,Employed,11649,0,Fair,0.11,1
61,14902,342,3122,Student,5568,1,Good,0.2,0
38,8933,367,4779,Employed,8929,8,Fair,0.42,0
61,12784,679,6654,Employed,10503,8,Fair,0.59,0
28,6326,511,46142,Employed,2668,4,Poor,0.4,0
56,5164,502,12169,Employed,14265,3,Excellent,0.53,1
21,12028,408,2172,Employed,11245,1,Fair,0.47,0
68,1997,583,8317,Unemployed,3380,5,Excellent,0.39,1
18,9141,524,1159,Employed,3115,8,Good,0.19,1
45,6143,417,3129,Employed,8392,7,Good,0.62,0
41,6556,639,20462,Employed,1307,9,Good,0.23,1
52,1631,580,19613,Employed,10386,3,Good,0.21,1
30,6943,790,3917,Employed,5559,5,Poor,0.22,1
64,18741,318,20397,Employed,11667,8,Fair,0.11,0
51,14943,474,27125,Employed,4806,9,Good,0.37,1
28,10212,768,46533,Employed,12281,9,Good,0.26,1
53,9721,441,7326,Self-Employed,9961,3,Excellent,0.39,1
68,17160,762,35347,Self-Employed,3255,8,Good,0.34,1
34,7647,597,48277,Employed,2594,7,Good,0.39,0
52,13088,769,15349,Employed,10130,2,Fair,0.24,1
35,6104,672,35728,Employed,1232,8,Poor,0.58,0
57,10952,767,31792,Self-Employed,4967,4,Excellent,0.4,1
39,19442,737,8902,Employed,8766,0,Poor,0.19,1
74,17899,742,15033,Employed,81,7,Good,0.64,1
41,5105,755,37612,Employed,8454,4,Excellent,0.12,1
36,14784,547,38465,Employed,12030,4,Good,0.53,1
54,3107,441,36158,Employed,11162,1,Good,0.49,0
56,13209,701,35187,Employed,8477,8,Good,0.1,1
38,3516,521,4917,Employed,8214,5,Excellent,0.64,1
25,5074,483,29411,Self-Employed,11859,9,Good,0.26,0
45,15041,663,15206,Employed,12182,2,Excellent,0.53,1
22,8774,487,13620,Employed,3545,6,Poor,0.23,0
34,11435,412,12822,Employed,14319,1,Fair,0.39,0
54,17248,480,38710,Student,6446,6,Good,0.68,0
53,7906,498,9354,Employed,4301,1,Excellent,0.45,1
71,13326,369,25691,Self-Employed,1455,4,Good,0.24,0
36,18972,784,24954,Employed,94,9,Good,0.35,1
44,2861,698,6198,Employed,2522,9,Fair,0.49,0
70,5973,309,27046,Unemployed,13687,8,Excellent,0.34,0
51,8819,302,23386,Self-Employed,136,8,Good,0.64,0
28,10167,777,12271,Unemployed,14486,5,Good,0.61,1
71,10981,366,22526,Employed,2037,2,Excellent,0.15,1
62,10020,396,44798,Employed,10441,3,Excellent,0.56,1
64,19070,830,26257,Employed,13230,3,Good,0.66,1
29,5036,617,9860,Self-Employed,3670,8,Good,0.26,1
71,3273,397,27645,Self-Employed,12361,3,Poor,0.2,0
38,11755,356,25189,Employed,9537,3,Fair,0.06,0
71,4058,406,16762,Employed,4644,4,Good,0.13,0
28,6579,387,1968,Self-Employed,2684,5,Good,0.67,0
56,15841,670,6800,Employed,9191,7,Excellent,0.3,1
45,11481,674,25229,Employed,11429,0,Fair,0.3,1
22,5024,351,32049,Self-Employed,9216,4,Good,0.22,0
34,10498,340,30717,Employed,14255,8,Good,0.16,0
73,15197,390,22767,Employed,5457,9,Fair,0.38,0
37,15106,338,8470,Unemployed,12578,3,Excellent,0.52,1
58,14929,312,5819,Employed,4166,7,Good,0.41,1
63,17539,403,37003,Employed,4203,8,Good,0.07,1
29,8640,342,22639,Employed,2645,0,Excellent,0.57,0
23,10285,508,5300,Employed,13492,7,Excellent,0.66,1
34,16401,775,47935,Employed,3096,7,Good,0.34,1
68,4780,408,49429,Self-Employed,1833,4,Good,0.29,0
36,3712,513,24793,Student,5384,9,Good,0.2,1
43,16713,708,12071,Employed,2250,1,Fair,0.25,1
65,9578,376,4998,Self-Employed,3634,6,Good,0.47,0
61,17436,394,42750,Employed,9690,4,Good,0.55,1
61,18497,568,6180,Employed,6119,4,Excellent,0.27,1
69,15774,660,13752,Employed,13531,5,Excellent,0.27,1
49,2368,829,31513,Student,568,9,Good,0.34,1
23,18695,461,39189,Unemployed,5201,7,Good,0.16,1
72,17542,764,18879,Employed,12451,0,Fair,0.65,1
53,16907,847,25362,Employed,5025,2,Good,0.51,1
55,17754,486,47686,Unemployed,1292,6,Excellent,0.33,1
28,3244,351,15316,Employed,13494,8,Good,0.13,0
50,3756,787,28644,Self-Employed,14253,9,Good,0.6,1
41,13359,830,11899,Employed,4275,1,Excellent,0.36,1
40,6923,695,46967,Employed,7963,3,Poor,0.57,0
32,6589,391,25525,Employed,2645,3,Good,0.07,0
44,8108,656,6378,Employed,8663,6,Excellent,0.23,1
28,11217,443,49669,Self-Employed,13422,4,Good,0.45,1
74,19353,498,3577,Employed,7837,4,Fair,0.37,0
68,19397,622,22690,Employed,11813,6,Fair,0.24,1
67,6376,631,41901,Employed,8723,1,Good,0.18,1
34,19335,563,35003,Employed,10181,7,Good,0.25,1
68,4507,516,16641,Employed,608,5,Fair,0.53,0
70,15825,733,4659,Employed,14766,4,Fair,0.17,1
31,4624,759,12847,Employed,7525,0,Good,0.44,1
44,3253,802,22752,Student,9274,1,Good,0.33,1
35,19496,768,17440,Employed,9166,5,Excellent,0.55,1
45,4775,665,11084,Employed,9166,5,Excellent,0.18,1
68,10247,538,8472,Self-Employed,4319,8,Poor,0.23,0
64,13943,695,19953,Employed,12173,5,Poor,0.31,0
64,19933,694,21464,Employed,6953,0,Fair,0.16,1
21,2324,374,49364,Employed,12476,6,Good,0.35,0
24,15380,397,23761,Employed,12346,2,Excellent,0.32,1
62,12541,682,19332,Employed,5127,7,Good,0.69,1
52,2581,669,17606,Unemployed,1507,5,Fair,0.44,0
65,13017,584,43599,Self-Employed,4920,2,Good,0.1,1
26,18376,555,29998,Employed,12693,2,Fair,0.35,0
25,6264,608,38985,Employed,613,7,Good,0.62,1
69,9766,475,14537,Employed,5971,5,Good,0.61,0
62,12683,527,43717,Employed,11735,1,Poor,0.68,0
34,18212,646,10027,Employed,13332,2,Fair,0.63,1
34,14377,641,3536,Employed,8575,5,Fair,0.16,1
66,11482,538,3525,Unemployed,8603,6,Excellent,0.05,1
50,10468,649,10176,Employed,3376,3,Poor,0.45,0
49,16139,754,18741,Employed,6038,7,Excellent,0.51,1
25,6174,740,5887,Employed,2775,2,Good,0.14,1
36,5816,814,25106,Employed,7477,5,Fair,0.16,1
55,16814,380,15847,Self-Employed,6374,6,Excellent,0.68,1
20,11195,660,12252,Self-Employed,2283,7,Good,0.66,1
22,17314,587,5477,Employed,662,3,Good,0.15,1
30,9879,307,18755,Student,13891,4,Good,0.21,0
64,2714,386,20608,Unemployed,4141,5,Poor,0.63,0
63,13138,585,17095,Unemployed,4035,0,Fair,0.33,1
48,12213,698,7104,Employed,8413,8,Excellent,0.57,1
72,17477,373,34910,Employed,751,2,Excellent,0.31,1
33,13571,738,21693,Employed,14491,1,Poor,0.53,1
67,4636,422,30403,Employed,11358,6,Good,0.31,0
49,8118,676,13726,Unemployed,13105,3,Excellent,0.63,1
39,6765,442,7898,Employed,3154,3,Good,0.26,0
46,9465,457,18972,Self-Employed,1268,9,Excellent,0.39,1
39,11097,729,45945,Employed,6718,8,Excellent,0.39,1
60,10208,747,46684,Employed,4105,6,Good,0.47,1
20,8069,709,43430,Employed,10328,8,Good,0.25,1
71,19375,670,45874,Employed,7844,0,Good,0.47,1
27,6713,408,13682,Employed,2373,2,Good,0.14,1
59,13381,335,5342,Self-Employed,10525,9,Fair,0.63,0
38,5728,389,49008,Employed,8406,9,Good,0.14,0
33,5909,714,4362,Employed,995,5,Good,0.6,0
29,2090,595,15583,Unemployed,10063,0,Good,0.5,1
19,4208,345,35404,Employed,13383,4,Good,0.27,0
58,7481,787,48702,Employed,5327,3,Fair,0.26,1
41,13721,469,12104,Employed,3210,3,Good,0.68,1
52,18631,445,27048,Employed,11642,6,Excellent,0.18,1
73,15285,719,48876,Employed,1664,4,Good,0.52,1
47,8053,302,18628,Self-Employed,9173,6,Excellent,0.17,1
74,19381,562,12929,Student,401,0,Good,0.64,1
47,2879,620,27674,Unemployed,8803,8,Excellent,0.53,1
64,8860,545,44557,Employed,6666,7,Good,0.66,0
52,5270,776,14268,Self-Employed,14675,6,Good,0.62,1
36,15949,558,22690,Employed,8073,9,Fair,0.41,0
67,10588,392,31220,Employed,13116,1,Good,0.15,1
25,3046,832,11704,Employed,9097,5,Excellent,0.19,1
43,7708,638,5514,Student,12644,3,Fair,0.18,0
66,17850,559,48190,Employed,14713,2,Good,0.19,1
57,10375,536,25834,Employed,13627,7,Excellent,0.36,1
24,2795,440,49308,Employed,10097,3,Good,0.61,0
47,17361,779,19742,Employed,7829,2,Excellent,0.07,1
24,15473,649,31892,Employed,14410,4,Good,0.21,1
20,19269,429,28987,Employed,13410,8,Fair,0.44,0
18,15981,836,39383,Employed,12552,9,Good,0.61,1
53,18826,310,15840,Employed,7157,2,Good,0.24,1
42,4780,556,36144,Employed,5874,8,Excellent,0.3,1
54,15097,668,25771,Employed,12287,3,Excellent,0.29,1
18,18917,693,29733,Unemployed,1106,9,Poor,0.24,0
32,4286,718,20480,Employed,14116,3,Good,0.5,1
54,3733,318,21019,Employed,13893,1,Good,0.48,0
30,3120,409,17945,Employed,8419,7,Good,0.6,0
57,5035,736,12641,Employed,1988,3,Excellent,0.65,1
25,4382,804,16232,Employed,2178,2,Poor,0.64,0
22,18054,333,45326,Employed,7177,2,Excellent,0.4,1
26,11245,587,12315,Employed,8140,0,Good,0.17,1
18,5397,554,44851,Employed,6019,7,Fair,0.19,0
53,17361,433,25615,Unemployed,5687,4,Fair,0.43,1
52,4337,798,24255,Employed,12199,4,Fair,0.65,1
19,10099,696,31709,Employed,4640,3,Fair,0.39,1
57,17411,786,36272,Employed,8435,4,Good,0.66,1
40,8221,512,23355,Unemployed,9441,4,Fair,0.22,0
26,18563,649,26363,Employed,6371,8,Poor,0.11,1
51,6987,318,11068,Employed,6388,5,Good,0.57,0
63,16621,418,43452,Employed,14240,8,Good,0.62,1
31,1736,601,43089,Self-Employed,443,7,Good,0.34,0
21,13129,584,44223,Employed,8806,2,Excellent,0.12,1
47,13049,526,46832,Employed,11972,1,Excellent,0.08,1
48,3923,806,7822,Employed,5932,5,Excellent,0.09,1
55,14406,800,21893,Employed,824,1,Fair,0.34,1
28,16488,511,13497,Employed,11724,2,Good,0.2,1
52,2532,655,32801,Self-Employed,9127,2,Fair,0.35,0
25,7839,786,15251,Student,9936,0,Fair,0.37,1
20,4440,620,23570,Employed,12669,4,Good,0.35,1
31,13762,522,44145,Employed,10878,7,Excellent,0.45,1
30,13152,490,20944,Employed,8713,8,Good,0.49,1
62,6442,799,6679,Unemployed,4937,6,Poor,0.31,1
49,8461,794,40380,Employed,13889,4,Fair,0.27,0
51,9230,536,22205,Self-Employed,1876,7,Fair,0.29,0
62,2133,321,17272,Employed,4032,8,Fair,0.1,0
36,8322,626,2412,Employed,2205,8,Good,0.26,1
55,7987,844,3249,Employed,8017,8,Excellent,0.18,1
33,16631,426,3239,Employed,546,1,Excellent,0.24,1
19,7238,664,41641,Employed,10745,2,Good,0.51,1
57,4598,343,13614,Student,11060,1,Good,0.69,0
34,9597,818,24277,Employed,8358,4,Fair,0.65,1
72,14636,427,9835,Employed,2069,2,Good,0.58,1
51,6976,429,30028,Employed,6210,8,Excellent,0.53,0
59,9753,828,15803,Employed,6853,1,Fair,0.66,1
33,19701,620,13795,Employed,14947,4,Good,0.54,1
55,6387,485,48209,Employed,13135,4,Excellent,0.36,1
19,13143,647,16653,Self-Employed,6730,4,Poor,0.44,0
19,10992,780,38953,Employed,2935,0,Good,0.25,1
43,4153,660,21674,Unemployed,16,9,Good,0.05,1
30,2954,586,47267,Employed,10898,6,Poor,0.28,0
73,19022,481,21526,Employed,2809,1,Excellent,0.31,1
64,7307,750,43345,Employed,12542,1,Fair,0.53,1
48,4692,396,40920,Employed,11451,8,Fair,0.61,0
51,14312,613,33614,Employed,8519,0,Excellent,0.68,1
56,17275,845,19968,Employed,3451,8,Good,0.28,1
20,11902,320,18985,Employed,10189,5,Fair,0.67,0
25,14574,796,47566,Unemployed,8537,4,Fair,0.57,1
40,16745,702,18191,Employed,14575,4,Fair,0.07,1
31,5259,423,44619,Self-Employed,5592,4,Excellent,0.44,1
73,17183,418,42074,Employed,2354,5,Excellent,0.29,1
72,13960,776,46686,Unemployed,12463,6,Good,0.07,1
44,17947,402,32908,Unemployed,14648,8,Good,0.4,1
71,16960,632,46252,Employed,8735,1,Poor,0.43,0
46,19229,758,30072,Employed,10574,3,Good,0.21,1
56,18858,429,13093,Employed,3450,4,Good,0.66,1
70,11314,433,9165,Employed,3705,5,Excellent,0.45,1
56,15390,456,48852,Student,7707,6,Excellent,0.16,1
18,3240,724,44688,Employed,7043,2,Excellent,0.52,1
34,12718,734,48095,Employed,2748,2,Good,0.37,1
58,7555,688,21555,Self-Employed,9548,8,Excellent,0.36,1
47,3454,617,27025,Employed,5259,8,Fair,0.59,0
70,18163,804,13574,Employed,1806,1,Good,0.14,1
30,10732,489,35336,Employed,13596,3,Fair,0.37,0
38,7939,710,26898,Employed,9558,3,Good,0.56,1
36,2461,351,26436,Employed,6412,4,Good,0.48,0
70,19101,745,43690,Self-Employed,11045,1,Good,0.05,1
36,7507,743,23821,Employed,8377,3,Poor,0.56,0
74,19276,681,5904,Employed,4205,2,Fair,0.66,0
42,3576,673,36701,Employed,8958,5,Good,0.51,1
39,7696,674,29094,Employed,8226,3,Good,0.62,1
48,17792,688,5509,Employed,8103,0,Excellent,0.28,1
34,11815,778,5526,Employed,3915,2,Fair,0.28,1
72,13285,703,39677,Self-Employed,5341,7,Poor,0.26,1
40,9642,767,36935,Employed,9837,2,Excellent,0.53,1
49,7760,804,11110,Employed,7940,6,Good,0.66,1
27,17034,382,35108,Employed,11777,1,Good,0.63,1
27,6341,618,2514,Employed,5865,4,Fair,0.15,0
53,14884,366,18795,Student,797,6,Excellent,0.46,1
25,18943,713,28612,Employed,7266,0,Excellent,0.7,1
71,3422,752,41492,Unemployed,6774,0,Excellent,0.24,1
69,13491,497,5167,Employed,12297,7,Excellent,0.46,1
37,7601,558,18406,Employed,3656,1,Fair,0.64,0
49,3973,597,30203,Employed,6352,3,Excellent,0.63,1
67,9608,579,44246,Employed,9851,2,Good,0.26,1
31,16950,599,30248,Employed,37,4,Fair,0.11,1
67,11543,428,45731,Employed,1978,1,Excellent,0.47,1
45,17710,797,10304,Self-Employed,14429,5,Excellent,0.67,1
63,6049,737,5808,Unemployed,9078,7,Poor,0.38,0
69,2094,591,29455,Self-Employed,13474,4,Good,0.35,0
70,18390,506,9833,Employed,14987,6,Excellent,0.61,1
41,6389,593,32897,Employed,14577,4,Good,0.33,1
32,9712,328,40501,Employed,10921,5,Poor,0.49,0
39,19283,478,11429,Employed,6241,8,Excellent,0.3,1
47,4701,340,5907,Employed,3454,9,Fair,0.3,0
21,9354,769,12678,Employed,4674,0,Excellent,0.17,1
30,8263,491,4225,Student,3360,9,Good,0.11,1
40,12153,643,2014,Self-Employed,10855,8,Fair,0.63,0
25,6690,577,7768,Unemployed,4236,2,Excellent,0.17,1
35,15215,654,39226,Unemployed,4298,9,Good,0.09,1
29,7181,828,3021,Employed,13799,2,Good,0.43,1
72,5178,385,44896,Employed,3475,3,Good,0.4,0
48,15602,616,36874,Self-Employed,14302,7,Excellent,0.42,1
31,18220,636,42743,Employed,6560,0,Good,0.35,1
51,3167,444,9862,Employed,11041,3,Good,0.14,0
35,18793,614,44729,Employed,3377,6,Excellent,0.06,1
73,9704,524,44533,Employed,5041,2,Good,0.08,1
51,6622,722,3584,Self-Employed,2184,6,Poor,0.66,0
28,12717,353,5942,Unemployed,13062,4,Excellent,0.4,1
58,17083,367,35045,Employed,5000,9,Good,0.31,1
29,2473,633,36811,Employed,12905,8,Excellent,0.32,1
66,2908,376,8370,Employed,13209,7,Excellent,0.47,0
32,11635,838,45132,Employed,7297,2,Excellent,0.29,1
74,10238,454,14672,Employed,14084,3,Good,0.57,1
48,15849,371,9369,Student,10864,6,Excellent,0.22,1
66,2718,800,9467,Employed,1139,1,Good,0.29,1
46,19304,746,27935,Student,4233,9,Poor,0.66,1
43,4877,658,47721,Employed,2462,5,Excellent,0.22,0
35,12464,576,20865,Employed,3232,8,Fair,0.48,0
49,5598,612,12551,Employed,10859,8,Excellent,0.29,1
39,9119,404,49652,Employed,8439,5,Excellent,0.36,1
55,13439,394,43384,Employed,8046,5,Excellent,0.08,1
34,19726,518,32417,Unemployed,525,5,Good,0.16,1
40,18378,427,49597,Employed,13901,9,Excellent,0.12,1
41,8060,499,8897,Employed,4320,5,Fair,0.6,0
67,7010,631,3469,Employed,9336,2,Excellent,0.68,1
25,4944,846,28661,Employed,4830,3,Good,0.09,1
58,9043,591,48604,Employed,13008,5,Good,0.1,1
23,13929,365,33397,Student,8106,9,Excellent,0.41,1
22,8753,703,40819,Employed,462,0,Good,0.38,1
61,15275,445,44332,Employed,2963,0,Excellent,0.47,1
74,1545,829,22827,Employed,6383,6,Excellent,0.53,1
46,17097,701,10782,Employed,12308,0,Fair,0.57,1
45,3557,424,31398,Employed,14783,4,Good,0.15,0
28,2163,813,26688,Self-Employed,5916,9,Fair,0.07,1
74,6168,631,26644,Employed,10170,7,Excellent,0.63,1
18,19913,779,17003,Employed,3400,5,Good,0.36,1
60,7217,697,36313,Employed,12735,2,Excellent,0.68,1
36,4196,329,41433,Employed,10155,1,Good,0.4,0
26,14700,355,21033,Employed,12542,1,Good,0.38,1
44,17601,431,4907,Employed,9377,3,Excellent,0.45,1
51,10331,530,37499,Employed,302,8,Good,0.16,1
61,6504,694,27768,Self-Employed,5883,8,Excellent,0.22,1
21,14656,451,16283,Employed,776,0,Fair,0.64,0
53,5902,801,8685,Employed,11451,4,Good,0.19,1
35,12287,805,9273,Employed,623,8,Good,0.2,1
32,16162,685,45666,Employed,13341,3,Fair,0.38,1
68,7412,832,14478,Employed,12048,6,Excellent,0.47,1
30,1894,747,31444,Employed,1459,5,Good,0.05,1
36,16135,425,12368,Employed,3386,3,Excellent,0.35,1
66,5097,788,11017,Employed,7030,9,Excellent,0.31,1
23,12024,745,48591,Employed,14723,6,Excellent,0.61,1
65,1829,769,47389,Employed,4775,6,Good,0.6,1
73,18656,648,31679,Student,8671,1,Good,0.64,1
29,3145,807,9273,Employed,14943,6,Excellent,0.6,1
68,19671,756,25570,Employed,12422,8,Excellent,0.56,1
54,11315,684,47400,Employed,1061,5,Excellent,0.61,1
34,18883,747,34110,Self-Employed,287,5,Excellent,0.16,1
40,3348,414,40708,Self-Employed,13380,5,Good,0.27,1
43,3061,751,33552,Employed,7234,1,Good,0.49,1
46,2273,418,27430,Employed,3639,5,Good,0.65,0
50,8811,392,29575,Unemployed,7955,5,Fair,0.48,0
44,16703,820,34635,Employed,6335,8,Good,0.19,1
42,19687,837,44436,Employed,1143,1,Good,0.66,1
73,10790,732,33938,Employed,6544,8,Excellent,0.54,1
72,3550,444,27358,Employed,9615,4,Excellent,0.52,1
27,18631,367,9769,Unemployed,13196,8,Fair,0.55,1
64,5473,430,9259,Employed,8849,9,Poor,0.48,0
40,3115,580,35283,Employed,3085,9,Fair,0.06,0
38,16050,812,30729,Employed,7713,1,Excellent,0.21,1
38,11994,300,9192,Employed,9931,4,Excellent,0.67,1
60,7006,731,35966,Employed,13909,1,Good,0.24,1
30,14554,690,18285,Employed,10708,4,Fair,0.55,1
54,15361,565,23287,Employed,4988,6,Excellent,0.33,1
50,13087,698,48361,Employed,2201,6,Fair,0.64,0
41,15015,555,46805,Employed,5289,6,Good,0.41,1
61,7354,694,32347,Self-Employed,8870,4,Fair,0.46,0
28,18100,473,41523,Employed,3457,6,Good,0.21,1
34,19243,344,9986,Employed,2744,5,Good,0.09,1
21,5274,440,3066,Self-Employed,2353,6,Excellent,0.54,0
64,6427,838,43779,Employed,1648,4,Fair,0.09,1
42,5929,349,31754,Employed,1679,1,Fair,0.52,0
47,6106,360,19922,Unemployed,14689,8,Fair,0.41,0
26,5978,542,37675,Employed,5002,1,Excellent,0.58,1
38,17576,568,49368,Self-Employed,5330,2,Good,0.18,1
37,19780,439,44014,Employed,3966,8,Poor,0.4,0
36,8866,456,36364,Student,14014,1,Good,0.45,1
36,5927,575,46426,Employed,2741,7,Excellent,0.1,1
29,14976,330,30428,Student,13766,2,Fair,0.53,0
54,6861,307,20705,Unemployed,13978,5,Excellent,0.3,0
59,2141,332,43098,Employed,853,8,Excellent,0.13,0
34,11585,751,25104,Employed,6335,9,Good,0.3,1
54,5550,748,31032,Self-Employed,8784,9,Excellent,0.11,1
71,6053,336,36389,Employed,3406,2,Excellent,0.63,0
65,4843,333,11920,Employed,2952,8,Good,0.35,0
56,3556,754,43125,Unemployed,5063,6,Good,0.14,1
45,10916,743,47517,Employed,9211,4,Poor,0.21,1
58,8726,536,37609,Unemployed,13185,7,Fair,0.52,0
52,2386,511,15423,Self-Employed,9776,5,Fair,0.56,0
64,10084,439,38326,Self-Employed,4911,6,Good,0.08,1
65,13030,660,33690,Employed,10806,2,Good,0.09,1
35,5091,603,46536,Employed,1871,9,Good,0.65,0
31,18238,595,26099,Unemployed,9282,5,Good,0.27,1
52,4131,451,38107,Employed,626,2,Good,0.18,0
61,19405,522,34006,Employed,4207,6,Excellent,0.13,1
58,12870,495,25810,Self-Employed,4766,9,Good,0.36,1
24,18512,598,23714,Employed,11370,5,Good,0.55,1
58,4179,828,33358,Employed,8217,9,Excellent,0.39,1
30,5922,787,33033,Employed,3048,7,Fair,0.06,1
35,8963,510,8388,Employed,8813,7,Good,0.36,0
54,11113,531,27095,Employed,13377,5,Fair,0.25,1
30,19010,666,11426,Employed,11677,1,Excellent,0.49,1
53,3280,780,8617,Unemployed,8908,9,Good,0.39,1
48,10924,478,41850,Employed,2660,9,Poor,0.68,0
19,8071,783,41347,Employed,7667,5,Excellent,0.44,1
33,2325,794,14922,Employed,1741,0,Good,0.46,1
26,12655,846,26511,Employed,3072,5,Good,0.39,1
26,3895,315,40224,Employed,7903,5,Good,0.25,0
55,5645,765,26394,Unemployed,6725,5,Good,0.46,1
28,17279,701,29143,Student,3733,8,Good,0.27,1
71,6992,593,3439,Employed,14794,3,Good,0.52,1
73,8611,470,28963,Self-Employed,4464,6,Good,0.2,1
39,14587,331,11019,Employed,10966,2,Excellent,0.29,1
50,11484,562,23470,Student,1845,7,Poor,0.43,0
53,8292,514,28191,Employed,12429,1,Excellent,0.46,1
62,9211,488,43833,Self-Employed,8205,1,Good,0.48,1
40,3065,560,49003,Unemployed,7635,4,Excellent,0.51,1
62,5167,481,46267,Unemployed,2758,0,Poor,0.26,0
62,7959,804,27349,Employed,530,0,Poor,0.63,0
51,5596,641,9391,Employed,7577,2,Good,0.07,1
26,2519,321,30658,Employed,7317,5,Excellent,0.17,1
41,10976,373,9369,Employed,7941,9,Fair,0.1,0
25,9754,465,39310,Employed,2878,5,Excellent,0.49,1
24,13084,533,10122,Employed,3404,7,Fair,0.23,0
53,7465,674,12928,Employed,8629,6,Poor,0.18,0
35,12964,732,35804,Employed,382,0,Good,0.36,1
20,13939,633,43445,Employed,5010,0,Fair,0.45,1
45,6221,839,39318,Employed,9481,3,Excellent,0.45,1
23,9908,334,38031,Employed,11044,0,Poor,0.41,0
61,1695,743,48812,Employed,5068,0,Excellent,0.69,1
61,4773,530,46048,Self-Employed,13968,9,Excellent,0.61,0
38,16830,617,43875,Employed,10229,0,Fair,0.21,1
45,12386,642,40094,Self-Employed,7094,2,Good,0.54,1
57,4712,729,25591,Employed,11908,9,Fair,0.42,0
71,4255,765,14891,Self-Employed,10644,1,Fair,0.1,1
71,19405,378,44894,Student,7164,9,Good,0.08,1
18,2580,748,42796,Employed,9077,7,Excellent,0.57,1
53,17001,581,8721,Employed,11686,6,Good,0.4,1
38,18605,356,19541,Employed,13971,9,Excellent,0.42,1
60,15547,490,27152,Employed,3014,7,Excellent,0.27,1
52,19446,762,8123,Employed,3982,3,Good,0.65,1
30,2139,341,6812,Unemployed,4174,8,Poor,0.51,0
74,14002,785,37112,Employed,8500,4,Fair,0.65,1
66,6690,472,21840,Self-Employed,8918,6,Good,0.11,1
71,5236,549,2208,Employed,3104,3,Fair,0.43,0
71,17973,809,19242,Employed,2937,0,Poor,0.46,1
27,2751,801,20087,Employed,13739,7,Good,0.13,1
70,10794,492,2971,Employed,14017,8,Excellent,0.28,1
61,18232,464,30795,Student,9905,8,Excellent,0.19,1
64,5552,389,34881,Employed,12063,9,Good,0.69,0
70,1771,357,1983,Self-Employed,13646,7,Excellent,0.4,0
27,19914,562,30941,Student,712,0,Good,0.25,1
63,13198,542,12502,Employed,950,2,Fair,0.48,1
30,17389,518,29577,Employed,1435,4,Good,0.48,1
54,11157,308,44731,Unemployed,4565,6,Poor,0.28,0
55,10887,729,11354,Employed,1538,7,Good,0.7,1
41,17876,312,3127,Employed,10804,0,Excellent,0.58,1
19,12779,524,21023,Employed,13225,4,Good,0.31,1
39,13515,366,29850,Self-Employed,7937,2,Poor,0.48,0
34,8541,802,24860,Employed,2168,6,Excellent,0.51,1
53,19010,483,34328,Self-Employed,10389,5,Excellent,0.16,1
31,10208,507,7652,Student,2200,0,Fair,0.62,0
27,12357,827,31979,Employed,14040,1,Excellent,0.59,1
52,10993,599,43769,Employed,14239,4,Fair,0.54,0
42,9552,540,21771,Employed,11243,4,Good,0.19,1
20,18495,754,42250,Employed,1670,0,Fair,0.14,1
64,18633,829,46597,Employed,13567,3,Good,0.17,1
55,15080,543,35677,Employed,12861,8,Excellent,0.11,1
34,19740,537,48867,Student,11326,8,Good,0.66,1
29,19410,545,40998,Employed,3364,4,Good,0.6,1
71,11716,644,13881,Student,2115,6,Fair,0.11,1
69,7729,783,18331,Employed,8416,1,Good,0.49,1
41,14843,609,11719,Unemployed,846,0,Fair,0.21,0
46,3598,583,35116,Employed,6701,1,Good,0.06,0
60,16938,337,9572,Self-Employed,14582,3,Good,0.24,1
42,9365,331,10896,Employed,5435,5,Excellent,0.34,1
53,18057,542,34077,Employed,4069,2,Excellent,0.06,1
43,13711,591,20798,Employed,2956,1,Excellent,0.26,1
55,2000,591,6789,Employed,4387,6,Fair,0.51,0
18,5146,681,10690,Employed,7647,7,Good,0.2,1
37,11548,437,44854,Unemployed,10453,8,Good,0.37,1
72,12844,499,40336,Employed,6911,9,Fair,0.63,1
45,19780,634,47221,Employed,9775,7,Good,0.07,1
33,11410,746,42620,Employed,6748,1,Good,0.56,1
64,3278,647,20831,Unemployed,970,2,Poor,0.3,0
34,14484,577,27073,Employed,7685,0,Good,0.4,1
57,6690,831,11264,Employed,12164,0,Fair,0.2,1
45,16804,698,17049,Employed,1216,5,Good,0.43,1
29,8497,690,12628,Self-Employed,5106,2,Excellent,0.52,1
44,13520,309,3142,Employed,9830,3,Fair,0.18,0
71,6247,848,15843,Employed,5553,9,Poor,0.27,1
70,10786,358,30236,Employed,10313,7,Good,0.42,0
59,1545,387,49943,Employed,7241,4,Good,0.32,0
64,9258,758,43565,Employed,12912,5,Good,0.24,1
47,1955,403,47255,Employed,2711,8,Poor,0.34,0
58,11354,403,22123,Self-Employed,9478,1,Poor,0.24,0
51,18849,553,27007,Employed,11349,2,Excellent,0.25,1
54,3028,634,15825,Employed,57,4,Fair,0.45,0
23,4476,762,11142,Employed,9876,1,Good,0.36,1
24,14788,848,29498,Employed,6869,7,Excellent,0.49,1
49,7887,600,34226,Employed,11680,1,Good,0.59,1
49,4021,640,41348,Employed,1304,3,Excellent,0.66,1
70,8025,791,28524,Employed,1630,2,Fair,0.15,1
42,2626,383,16298,Self-Employed,4080,3,Excellent,0.46,0
50,14848,558,13135,Employed,4303,3,Fair,0.43,1
72,9216,659,8380,Employed,6003,5,Poor,0.61,0
24,17602,386,27589,Employed,9358,9,Excellent,0.63,1
69,4904,727,33466,Employed,412,9,Fair,0.54,0
74,5992,666,37788,Unemployed,1618,9,Good,0.44,1
29,3843,642,25920,Self-Employed,5171,8,Poor,0.18,0
33,1606,646,6643,Employed,5136,2,Fair,0.23,0
33,16695,395,17729,Employed,2777,0,Good,0.44,1
60,14741,554,42284,Employed,739,7,Poor,0.14,0
70,14075,435,7610,Employed,4899,6,Excellent,0.17,1
53,6301,547,19522,Unemployed,12706,1,Good,0.64,0
30,7080,798,21773,Employed,918,4,Fair,0.67,1
24,18098,785,12804,Employed,10440,9,Excellent,0.05,1
53,6900,701,8816,Employed,7585,3,Poor,0.61,0
64,8375,711,28473,Unemployed,13753,8,Fair,0.66,1
68,10156,747,12932,Employed,12274,3,Good,0.39,1
26,7747,546,18494,Employed,5621,4,Good,0.34,1
49,7677,720,24709,Employed,7807,7,Excellent,0.65,1
28,8769,423,31189,Employed,12367,2,Excellent,0.05,1
25,16474,559,31905,Employed,6332,5,Good,0.6,1
50,15537,468,7487,Employed,1503,5,Fair,0.24,0
40,17667,410,18204,Employed,3227,6,Good,0.47,1
42,11880,589,6988,Employed,827,8,Good,0.26,1
73,8117,312,28364,Employed,3231,2,Good,0.39,0
25,1803,562,39403,Employed,2873,4,Excellent,0.58,1
62,14183,322,22048,Student,9809,4,Poor,0.17,0
39,18217,499,8093,Employed,13355,4,Excellent,0.48,1
21,12525,541,38372,Employed,9377,5,Good,0.63,1
57,6061,538,18947,Employed,5852,0,Fair,0.64,0
20,1579,602,31735,Employed,9876,8,Good,0.63,0
46,5263,464,30196,Employed,13947,2,Good,0.39,0
58,11669,475,23727,Employed,8701,5,Poor,0.55,0
46,18616,328,43167,Self-Employed,5632,3,Good,0.34,1
51,5476,834,25884,Self-Employed,8886,6,Excellent,0.35,1
51,19268,593,35607,Employed,3279,7,Fair,0.23,1
45,3624,776,8675,Employed,4016,3,Excellent,0.24,1
30,8152,682,45312,Employed,13408,9,Good,0.07,1
32,6783,595,41769,Employed,2068,5,Fair,0.4,0
40,8676,633,10575,Employed,13666,9,Poor,0.25,0
61,13909,547,36074,Employed,14262,6,Good,0.17,1
43,13819,540,47998,Employed,5624,9,Excellent,0.13,1
21,2497,405,26756,Employed,5523,6,Good,0.28,0
43,12501,422,11664,Employed,9438,8,Poor,0.63,0
57,6164,334,16114,Self-Employed,8591,7,Good,0.39,0
26,19563,715,22524,Employed,14324,2,Good,0.41,1
72,14617,626,12159,Student,2607,3,Good,0.09,1
22,12731,594,14299,Employed,12776,8,Good,0.39,1
73,8940,731,29032,Employed,287,6,Fair,0.48,1
49,12718,646,42397,Employed,1403,6,Good,0.15,1
37,17108,336,1455,Unemployed,4532,0,Excellent,0.69,0
67,5590,811,43529,Employed,10369,1,Good,0.64,1
28,8971,834,43578,Employed,440,0,Good,0.7,1
32,5243,317,45572,Self-Employed,5612,3,Good,0.28,0
49,11696,326,35280,Employed,4885,3,Excellent,0.58,0
45,8508,835,5738,Self-Employed,5092,4,Good,0.26,1
39,4824,328,33266,Unemployed,1268,4,Fair,0.54,0
58,10132,416,17775,Employed,7219,0,Good,0.67,0
34,1726,431,36389,Unemployed,6864,6,Poor,0.15,0
43,16363,588,16718,Employed,7007,5,Fair,0.14,1
61,17527,535,7176,Unemployed,14565,7,Good,0.12,1
24,6218,341,49263,Employed,10704,3,Excellent,0.57,0
59,18908,459,10112,Employed,185,0,Good,0.48,0
74,7172,424,23103,Unemployed,4257,2,Good,0.39,0
43,16762,559,39809,Employed,11462,8,Poor,0.55,0
42,18754,575,28033,Self-Employed,10640,9,Excellent,0.6,1
27,4699,512,20984,Employed,3543,6,Excellent,0.67,1
62,19629,772,32742,Employed,9671,1,Excellent,0.18,1
36,6770,730,38978,Unemployed,4886,2,Good,0.34,1
28,14250,379,5508,Employed,11254,1,Fair,0.65,0
30,9397,527,40210,Self-Employed,4640,3,Excellent,0.35,1
70,10164,394,7216,Employed,10652,1,Good,0.37,1
25,16392,723,25269,Self-Employed,10770,3,Excellent,0.66,1
57,9771,815,1260,Self-Employed,1144,6,Good,0.53,1
21,6658,464,7833,Employed,4164,7,Excellent,0.41,1
64,14344,725,10527,Unemployed,14628,9,Good,0.28,1
48,2089,341,47014,Employed,14038,5,Good,0.64,0
45,11052,702,6944,Self-Employed,634,8,Excellent,0.06,1
28,17767,715,23518,Employed,7577,5,Good,0.26,1
60,19768,599,24259,Employed,1303,2,Good,0.66,1
18,17659,354,30860,Employed,12853,0,Good,0.37,1
66,15763,635,32559,Employed,532,8,Good,0.46,1
64,6899,729,34102,Self-Employed,13920,2,Fair,0.4,1
69,10003,633,8669,Employed,10073,0,Good,0.31,1
55,2576,705,36547,Employed,2697,1,Poor,0.48,0
41,8735,329,26379,Employed,12841,2,Poor,0.55,0
71,17917,834,24712,Employed,14236,7,Fair,0.29,1
74,3341,816,20191,Employed,952,7,Poor,0.43,0
64,5981,520,14259,Employed,2805,1,Poor,0.1,0
48,2634,793,38958,Employed,7586,5,Excellent,0.41,1
58,14639,552,26516,Unemployed,14363,1,Poor,0.54,0
63,9271,620,36931,Self-Employed,13707,6,Excellent,0.43,1
67,10067,338,10094,Employed,8761,9,Excellent,0.62,1
43,10415,764,12624,Employed,6782,2,Poor,0.24,1
66,15398,710,24872,Self-Employed,12715,7,Excellent,0.37,1
67,3413,711,33791,Self-Employed,11014,2,Good,0.11,1
22,5797,791,5652,Self-Employed,11407,9,Poor,0.51,0
37,3442,737,36516,Employed,9171,5,Excellent,0.34,1
69,19215,778,26972,Employed,5212,0,Excellent,0.39,1
58,1837,371,9095,Employed,4130,7,Good,0.13,0
28,15756,519,4357,Self-Employed,7942,6,Fair,0.7,0
73,11557,303,13096,Employed,3541,0,Fair,0.55,0
71,10483,589,9095,Employed,10765,6,Fair,0.31,0
50,17783,679,11680,Employed,3386,4,Excellent,0.42,1
67,5200,654,41851,Employed,11747,1,Good,0.45,1
55,13645,379,29242,Employed,11069,0,Fair,0.67,0
44,7618,365,27333,Employed,9929,1,Fair,0.55,0
51,4173,435,14169,Employed,10615,5,Good,0.28,0
32,3622,698,25539,Employed,11073,1,Good,0.69,1
49,13477,646,40837,Student,10895,5,Good,0.25,1
38,9750,358,22722,Employed,13294,7,Fair,0.43,0
63,19946,818,19916,Self-Employed,10727,7,Poor,0.51,1
22,19138,536,39105,Employed,11759,5,Excellent,0.23,1
23,5188,378,4773,Employed,6090,4,Good,0.67,0
55,5248,414,49194,Employed,5495,3,Good,0.19,0
39,7842,761,30945,Employed,7658,5,Poor,0.34,1
35,17775,425,22045,Employed,13610,4,Poor,0.17,0
31,15165,799,3057,Employed,2400,9,Good,0.62,1
27,5630,401,18061,Employed,12641,3,Excellent,0.19,0
63,4529,473,14138,Unemployed,12147,5,Excellent,0.07,1
30,14682,751,36742,Self-Employed,3552,8,Good,0.08,1
48,5535,391,25860,Employed,978,8,Poor,0.32,0
47,16627,684,16903,Self-Employed,6547,7,Excellent,0.39,1
20,4399,504,30042,Employed,5513,9,Fair,0.08,0
47,11138,662,40212,Self-Employed,8594,0,Excellent,0.11,1
23,14722,797,19224,Employed,10996,8,Good,0.11,1
46,18796,836,2878,Employed,1514,4,Fair,0.48,1
25,5742,533,40057,Employed,9739,2,Good,0.24,0
61,19595,315,10802,Employed,393,7,Fair,0.42,1
62,2939,440,29538,Student,2630,7,Fair,0.1,0
60,7113,719,49763,Employed,5815,8,Good,0.63,1
61,6875,755,24603,Employed,103,1,Good,0.25,1
50,10377,599,49531,Employed,14346,9,Fair,0.56,0
34,3966,638,16037,Employed,13297,3,Excellent,0.59,1
65,9324,602,12690,Self-Employed,1743,9,Good,0.69,1
28,13829,375,11323,Self-Employed,13536,1,Poor,0.53,0
30,13130,615,4314,Self-Employed,5436,5,Fair,0.34,1
67,18849,799,47185,Employed,14205,0,Fair,0.15,1
28,15703,374,35146,Employed,421,9,Excellent,0.08,1
48,8428,665,15356,Employed,6416,2,Fair,0.63,1
45,10611,845,12269,Employed,6197,1,Poor,0.34,0
61,9620,695,44974,Employed,5292,6,Good,0.54,1
23,12564,530,6340,Employed,14582,7,Excellent,0.37,1
58,19392,327,45852,Self-Employed,6808,1,Good,0.62,1
33,10904,774,43675,Employed,4713,8,Fair,0.54,1
21,2371,594,34220,Employed,13470,0,Fair,0.11,0
52,14082,726,42301,Employed,3177,1,Good,0.54,1
65,2363,390,1392,Employed,3776,2,Good,0.22,0
73,16383,414,6471,Employed,4390,1,Fair,0.55,0
43,13645,458,9137,Employed,8467,0,Good,0.67,0
74,4555,557,14997,Self-Employed,6728,7,Good,0.65,0
29,13686,672,20434,Unemployed,7210,0,Good,0.13,1
28,4182,389,42930,Self-Employed,8385,4,Good,0.09,0
54,14382,597,31278,Employed,12598,5,Excellent,0.56,1
42,6778,330,11397,Employed,12907,6,Excellent,0.51,0
35,15305,657,32530,Employed,1126,2,Good,0.16,1
36,18497,769,49364,Employed,12210,6,Excellent,0.49,1
40,3372,427,5794,Employed,14980,7,Fair,0.06,0
72,12846,569,24794,Student,249,9,Fair,0.46,0
55,9223,797,17549,Employed,11659,2,Fair,0.59,1
71,15371,712,42214,Employed,11021,4,Poor,0.47,1
35,17446,508,42261,Unemployed,5051,0,Excellent,0.09,1
43,8689,605,7363,Employed,6111,8,Excellent,0.69,1
23,14252,490,45063,Employed,4391,7,Excellent,0.28,1
21,13065,656,9079,Self-Employed,8429,2,Fair,0.3,1
61,8442,756,13032,Employed,7787,3,Good,0.11,1
68,16230,748,44516,Self-Employed,3720,0,Excellent,0.16,1
46,12883,367,2505,Employed,4009,0,Excellent,0.23,1
51,1744,766,10448,Self-Employed,4905,5,Fair,0.57,0
34,1520,659,14240,Employed,2336,5,Good,0.5,0
60,15417,686,41177,Employed,2584,8,Good,0.43,1
60,15221,427,31739,Employed,13941,4,Poor,0.61,0
70,7267,784,33977,Employed,1765,2,Fair,0.7,1
33,11747,543,21177,Self-Employed,3917,5,Excellent,0.3,1
19,5015,318,20431,Employed,14591,7,Good,0.3,0
51,3410,695,3119,Self-Employed,12808,6,Good,0.53,1
72,12250,528,1177,Employed,9334,9,Fair,0.47,1
25,9576,667,35314,Unemployed,10358,2,Excellent,0.06,1
30,19506,357,47954,Employed,1114,0,Good,0.48,0
59,16551,580,11226,Employed,10411,3,Good,0.52,1
25,5814,401,25874,Self-Employed,13010,5,Poor,0.69,0
47,3953,347,31985,Unemployed,6040,3,Fair,0.43,0
49,3515,358,28143,Unemployed,1139,4,Good,0.49,0
53,11736,460,13231,Employed,7967,9,Good,0.56,1
64,4300,402,15016,Employed,5653,6,Fair,0.11,0
47,10523,711,15134,Employed,6492,4,Fair,0.53,0
18,13384,482,15082,Self-Employed,4662,4,Fair,0.41,1
60,17852,716,8775,Employed,12763,1,Fair,0.12,1
56,14382,415,17175,Employed,3516,0,Fair,0.49,1
34,11846,698,15133,Unemployed,14443,3,Excellent,0.2,1
37,15535,736,43383,Unemployed,10168,9,Good,0.4,1
41,17608,617,23427,Self-Employed,14924,7,Good,0.23,1
67,4353,549,15837,Self-Employed,9788,2,Good,0.12,1
39,5676,746,11546,Employed,1145,5,Good,0.21,1
46,3655,796,25992,Employed,1627,9,Good,0.34,1
39,8329,642,11748,Self-Employed,10050,1,Good,0.37,1
61,3386,726,26496,Employed,1245,8,Poor,0.15,0
26,7971,539,2553,Employed,9674,8,Good,0.26,0
54,14089,358,26241,Self-Employed,5761,3,Excellent,0.61,1
27,9891,826,3469,Self-Employed,9713,7,Excellent,0.64,1
53,14850,502,2474,Unemployed,369,1,Excellent,0.4,1
54,9399,765,49554,Employed,14264,9,Poor,0.37,0
45,1806,595,32109,Employed,4855,1,Poor,0.43,0
45,4575,586,23861,Unemployed,11384,5,Good,0.19,1
59,19540,372,47527,Employed,5320,1,Good,0.7,1
60,8744,822,34105,Self-Employed,3232,0,Fair,0.53,1
38,8111,636,40759,Student,1785,9,Excellent,0.21,1
41,15634,617,45119,Employed,574,1,Good,0.23,1
59,19648,502,34855,Student,5504,1,Good,0.47,1
57,1775,530,35061,Employed,8020,4,Fair,0.26,0
19,6771,356,42616,Employed,14399,5,Fair,0.28,0
72,8831,719,31072,Employed,14547,2,Good,0.56,1
25,13053,579,6964,Self-Employed,3703,7,Poor,0.22,0
65,13073,604,36596,Employed,14404,1,Good,0.51,1
44,11572,765,7472,Employed,13435,9,Fair,0.66,1
39,17517,473,21357,Employed,12664,2,Good,0.13,1
54,19728,565,24045,Student,5477,3,Excellent,0.14,1
44,17955,546,7564,Employed,2572,4,Excellent,0.66,1
74,8886,377,2336,Employed,5905,4,Poor,0.18,0
46,8362,552,44316,Employed,2115,5,Excellent,0.06,1
20,8840,774,48917,Self-Employed,10094,3,Good,0.61,1
61,10987,475,16181,Employed,7437,9,Good,0.23,1
30,16561,720,35435,Unemployed,12271,6,Good,0.24,1
62,9135,760,29606,Employed,9348,7,Good,0.2,1
27,16104,553,2212,Employed,1085,3,Excellent,0.65,1
53,18927,819,3768,Employed,8352,8,Excellent,0.55,1
26,4542,406,30737,Employed,7193,5,Excellent,0.44,0
71,18698,470,46375,Employed,8950,7,Excellent,0.34,1
73,11886,357,28634,Self-Employed,2748,8,Excellent,0.14,1
72,13192,636,10589,Employed,5405,0,Good,0.65,1
44,16725,641,27794,Employed,9021,4,Excellent,0.54,1
51,18193,589,37444,Employed,9040,6,Excellent,0.23,1
68,8161,383,19694,Unemployed,7899,9,Good,0.67,0
18,11753,416,8085,Self-Employed,6981,1,Excellent,0.66,1
49,19761,833,19211,Employed,10168,6,Poor,0.48,1
42,13437,518,23669,Employed,4344,6,Good,0.69,1
46,2294,401,20603,Employed,13402,2,Poor,0.17,0
24,16098,755,24155,Self-Employed,7203,8,Excellent,0.53,1
66,8286,825,38456,Employed,13318,6,Excellent,0.15,1
20,5514,565,5511,Employed,9721,9,Good,0.5,1
37,8892,586,19456,Employed,5440,4,Good,0.65,1
37,14045,440,24154,Self-Employed,10441,6,Good,0.4,1
70,6853,705,29765,Employed,2892,6,Good,0.55,1
47,4907,592,48408,Employed,3624,5,Good,0.14,1
52,18858,330,19714,Employed,6687,3,Fair,0.46,0
52,17553,470,47234,Employed,9869,7,Excellent,0.09,1
66,14689,654,34453,Self-Employed,7423,1,Good,0.07,1
56,12713,504,34452,Employed,6304,7,Good,0.46,1
44,8748,777,48769,Employed,13768,4,Good,0.42,1
43,5869,590,28513,Employed,14597,6,Excellent,0.26,1
31,9550,410,32535,Employed,4105,2,Good,0.38,1
34,18348,367,29287,Employed,13002,6,Good,0.49,1
35,6915,672,9532,Employed,4454,8,Poor,0.47,0
62,16898,495,13891,Employed,9491,6,Fair,0.1,1
69,9615,425,34501,Employed,14168,0,Excellent,0.49,0
46,1787,561,2496,Employed,2171,8,Good,0.48,0
37,4695,454,16154,Employed,8821,6,Fair,0.49,0
70,19876,407,12146,Employed,12555,1,Good,0.6,1
44,8950,722,6450,Employed,8469,4,Good,0.42,1
35,4425,334,38403,Employed,1023,9,Good,0.66,0
21,16015,343,19116,Employed,12363,1,Good,0.69,0
18,19004,715,44995,Employed,4621,6,Excellent,0.54,1
67,6810,584,47791,Employed,12905,8,Fair,0.28,0
18,18330,746,28289,Employed,9391,3,Good,0.14,1
43,13260,817,24109,Self-Employed,1717,2,Excellent,0.58,1
62,16396,326,40071,Employed,7203,5,Good,0.15,0
37,18605,526,44439,Employed,1980,7,Good,0.15,1
69,12274,724,25415,Self-Employed,1590,7,Excellent,0.65,1
40,16957,667,18803,Student,269,7,Fair,0.41,1
27,11043,609,11181,Employed,4097,4,Fair,0.24,0
28,5480,404,33716,Employed,13567,5,Good,0.68,0
58,13076,317,5710,Student,13825,1,Fair,0.51,0
58,19609,504,42447,Self-Employed,2620,5,Good,0.4,1
22,4913,342,29395,Self-Employed,9578,4,Excellent,0.26,0
18,1994,388,14500,Employed,5226,2,Good,0.49,0
34,2447,456,35209,Employed,5253,7,Excellent,0.53,0
39,1522,565,36158,Employed,13720,3,Fair,0.51,0
51,2628,433,2384,Employed,13762,1,Good,0.18,0
73,15486,763,19540,Employed,8726,2,Good,0.5,1
62,17661,431,46904,Self-Employed,9800,1,Good,0.43,1
58,17660,333,5396,Unemployed,2398,1,Fair,0.6,0
46,18441,382,2391,Employed,7195,2,Fair,0.46,0
21,11308,431,17652,Employed,4632,6,Excellent,0.15,1
22,8498,727,21301,Employed,11106,9,Excellent,0.26,1
28,8682,503,10716,Employed,7232,0,Fair,0.53,0
73,19540,635,16568,Student,13505,9,Good,0.53,1
68,10498,796,9669,Employed,13351,5,Good,0.19,1
38,4812,741,5271,Employed,8655,0,Excellent,0.28,1
52,14829,557,16228,Employed,22,2,Good,0.06,1
29,17302,591,15256,Self-Employed,8880,3,Excellent,0.27,1
43,12667,424,26185,Employed,12258,7,Fair,0.07,1
68,3824,474,24386,Employed,12415,1,Excellent,0.62,0
36,11139,791,25152,Employed,1286,6,Good,0.48,1
62,14838,379,23267,Self-Employed,3860,2,Excellent,0.68,1
24,12253,604,13779,Employed,10274,0,Good,0.63,1
64,7484,809,15434,Self-Employed,10726,5,Poor,0.44,1
72,16642,643,30000,Employed,12388,1,Excellent,0.38,1
24,12563,390,28973,Employed,736,2,Excellent,0.62,1
43,1862,468,46500,Employed,6884,5,Good,0.24,0
57,4954,633,38861,Employed,12898,2,Fair,0.2,0
22,4755,535,7438,Unemployed,13393,4,Poor,0.32,0
38,19101,698,13729,Student,9532,2,Excellent,0.08,1
31,19369,776,30466,Employed,14290,6,Fair,0.25,1
21,6849,834,27407,Employed,2377,6,Good,0.1,1
40,8695,387,30562,Student,8387,0,Excellent,0.08,1
59,11547,552,23558,Employed,10653,5,Excellent,0.41,1
37,9250,657,26730,Employed,5628,2,Poor,0.51,0
32,10899,357,43711,Employed,9696,6,Fair,0.4,0
67,15186,698,28061,Self-Employed,2115,0,Good,0.1,1
69,9535,820,22829,Employed,13704,9,Poor,0.31,0
62,3007,824,36101,Employed,5392,2,Excellent,0.12,1
46,18887,716,38154,Employed,5418,9,Good,0.47,1
25,16276,692,13655,Employed,2918,1,Good,0.59,1
58,18809,521,21965,Employed,8023,7,Poor,0.13,0
65,8083,628,17316,Unemployed,12216,7,Good,0.09,1
36,5427,671,9359,Unemployed,9062,8,Fair,0.31,1
65,18869,810,15172,Employed,14476,8,Poor,0.25,1
56,17297,452,4542,Employed,8376,1,Excellent,0.22,1
63,5731,779,16529,Employed,9881,6,Excellent,0.19,1
45,6802,319,9054,Employed,1212,6,Excellent,0.26,0
63,6791,527,40682,Employed,11837,3,Fair,0.68,0
74,2408,645,41281,Unemployed,13330,5,Good,0.61,0
44,16623,318,9269,Employed,6224,0,Excellent,0.44,1
21,14377,743,12090,Employed,8689,5,Good,0.57,1
32,15739,667,2108,Employed,1565,0,Good,0.06,1
52,4086,446,22140,Employed,9854,4,Good,0.12,0
54,10835,803,2224,Employed,8409,3,Fair,0.24,1
18,17140,729,13876,Employed,4620,5,Excellent,0.47,1
20,19215,739,16097,Employed,9553,4,Good,0.62,1
64,12034,497,9756,Employed,12408,4,Excellent,0.2,1
41,3306,586,3859,Unemployed,6612,2,Fair,0.14,0
44,11792,668,25877,Employed,7539,9,Good,0.6,1
57,18689,539,15628,Employed,1505,1,Fair,0.32,1
53,12467,586,13581,Self-Employed,6322,6,Excellent,0.5,1
51,17955,694,9300,Employed,10350,9,Good,0.41,1
46,1527,817,3412,Employed,10248,7,Fair,0.16,1
41,10160,359,36415,Employed,12509,4,Fair,0.51,0
41,8555,844,28301,Employed,8988,8,Fair,0.32,1
59,11116,602,14805,Employed,4956,0,Excellent,0.24,1
21,11940,543,4338,Self-Employed,6765,2,Excellent,0.64,1
20,5332,506,6804,Employed,12242,7,Good,0.05,1
51,17470,674,30309,Employed,11911,4,Good,0.31,1
74,14607,582,21197,Employed,2251,1,Excellent,0.25,1
66,15277,777,13392,Employed,6670,9,Good,0.09,1
40,17454,321,11448,Employed,10692,8,Good,0.1,1
70,18443,648,21029,Employed,13985,0,Good,0.16,1
73,9457,788,28097,Employed,7089,2,Excellent,0.38,1
69,14166,557,37185,Employed,14530,3,Poor,0.23,0
40,11610,346,17395,Employed,10500,6,Good,0.59,0
62,8844,326,23993,Employed,4961,3,Good,0.21,0
22,17962,326,20529,Employed,9224,1,Poor,0.52,0
48,15196,696,18258,Employed,13527,1,Excellent,0.19,1
70,2531,444,28009,Employed,12036,9,Good,0.08,1
58,19956,821,8303,Employed,13210,0,Fair,0.22,1
74,16590,420,5650,Self-Employed,3184,6,Good,0.59,1
74,17316,761,13177,Employed,5748,8,Fair,0.1,1
71,19368,681,14747,Student,8531,9,Fair,0.27,1
23,11937,717,32782,Unemployed,10286,1,Excellent,0.06,1
54,16953,626,24181,Employed,4925,6,Excellent,0.46,1
74,15758,690,22823,Employed,13100,7,Good,0.66,1
27,3050,596,15182,Unemployed,488,2,Good,0.3,1
57,14477,383,40776,Employed,9537,3,Excellent,0.42,1
24,6182,445,14276,Employed,8982,8,Excellent,0.34,1
56,15939,470,10771,Student,7265,3,Fair,0.68,0
55,19713,633,12963,Employed,11708,5,Good,0.53,1
38,5251,723,25928,Employed,12380,7,Excellent,0.08,1
37,14414,608,41930,Self-Employed,10026,9,Poor,0.12,0
20,11723,825,15849,Employed,5371,1,Fair,0.36,1
68,16898,646,27082,Unemployed,1186,0,Good,0.46,1
39,8101,601,4487,Employed,5277,6,Fair,0.24,0
64,5356,646,27605,Employed,6722,0,Good,0.49,1
21,14161,707,11038,Self-Employed,12425,3,Good,0.42,1
45,17091,432,41305,Employed,11647,4,Good,0.33,1
29,7682,405,3390,Employed,4407,1,Excellent,0.43,1
55,9470,470,37798,Employed,6433,9,Excellent,0.65,1
68,16654,549,41260,Employed,14400,3,Excellent,0.21,1
53,3594,843,4438,Unemployed,7941,9,Good,0.56,1
64,13595,561,36151,Employed,3269,6,Good,0.06,1
58,15172,793,37135,Employed,1706,3,Excellent,0.11,1
22,19432,543,7167,Employed,3599,0,Fair,0.67,1
30,15728,750,14172,Employed,702,9,Good,0.5,1
40,10059,589,35233,Employed,13248,3,Good,0.46,1
67,1564,562,37251,Employed,5656,5,Poor,0.27,0
47,4799,613,17957,Employed,1273,4,Poor,0.17,0
54,6349,384,31360,Employed,538,3,Excellent,0.3,1
42,7139,714,1774,Employed,11945,1,Good,0.44,1
65,19919,628,24414,Self-Employed,4212,9,Fair,0.46,1
44,12555,344,21722,Employed,2939,5,Excellent,0.16,1
68,18480,632,48445,Self-Employed,10806,5,Excellent,0.34,1
31,12366,764,25405,Self-Employed,485,5,Excellent,0.42,1
74,5389,499,37698,Employed,1386,3,Excellent,0.67,1
65,16958,500,28256,Unemployed,1049,7,Poor,0.41,0
64,19279,628,22344,Employed,783,0,Fair,0.43,1
71,1952,539,35988,Self-Employed,11251,9,Excellent,0.55,1
53,12495,658,35207,Employed,2924,7,Fair,0.32,1
56,4131,659,41192,Employed,8811,7,Excellent,0.3,1
33,3686,677,9905,Unemployed,8177,4,Good,0.43,1
73,7467,684,40468,Student,7769,8,Good,0.56,1
39,5848,764,26151,Employed,5612,8,Excellent,0.46,1
38,2959,521,23723,Employed,13668,9,Good,0.17,1
71,3442,664,39278,Unemployed,13787,3,Fair,0.31,0
38,16396,371,12173,Employed,12701,1,Excellent,0.38,1
25,15907,539,45724,Employed,8061,0,Fair,0.39,1
66,17122,803,14130,Employed,7289,7,Excellent,0.27,1
33,16057,713,48350,Self-Employed,3532,7,Good,0.39,1
72,17945,426,27952,Unemployed,8024,6,Fair,0.49,0
48,19378,786,11937,Unemployed,4524,2,Excellent,0.35,1
59,19064,826,42702,Employed,12530,2,Good,0.34,1
27,14593,547,40496,Employed,11666,9,Good,0.57,1
49,4288,781,21534,Employed,1804,7,Good,0.54,1
51,11900,611,24794,Self-Employed,6395,7,Excellent,0.32,1
26,17989,743,25985,Employed,9290,1,Good,0.7,1
34,5425,582,20391,Employed,8303,0,Good,0.09,1
28,19792,301,28528,Employed,7830,0,Good,0.26,1
49,19933,373,7870,Employed,13069,0,Fair,0.07,1
27,16068,363,22518,Employed,969,2,Poor,0.6,0
39,14156,646,38010,Employed,1633,0,Good,0.54,1
74,10966,623,22993,Self-Employed,8551,7,Fair,0.49,1
34,5404,538,43639,Employed,4862,7,Poor,0.19,0
21,16967,696,30720,Employed,918,8,Excellent,0.51,1
65,11919,636,25162,Employed,167,3,Good,0.28,1
69,18176,640,10906,Employed,3321,7,Excellent,0.61,1
64,11914,578,18581,Employed,12095,6,Fair,0.18,1
42,13665,652,32289,Self-Employed,10997,3,Excellent,0.19,1
38,12183,762,17205,Unemployed,10452,0,Good,0.67,1
54,16942,761,41854,Employed,13075,2,Good,0.39,1
55,6360,592,12408,Self-Employed,14239,7,Fair,0.34,0
66,5229,706,28532,Employed,10061,7,Good,0.28,1
18,15900,461,4193,Employed,11031,1,Good,0.59,1
42,10119,802,41986,Employed,6189,6,Poor,0.28,1
68,12664,747,6220,Employed,5137,0,Fair,0.28,1
53,7610,754,20357,Unemployed,4974,3,Fair,0.13,1
34,8455,564,40299,Unemployed,8949,6,Poor,0.39,0
58,1606,431,20549,Unemployed,13661,3,Fair,0.65,0
41,6254,419,18474,Student,4783,3,Fair,0.67,0
19,13025,518,1141,Employed,4493,6,Poor,0.7,0
57,7908,716,17650,Employed,12009,0,Fair,0.36,1
32,9135,804,41487,Employed,1973,4,Good,0.55,1
49,2725,599,21694,Employed,10900,5,Good,0.41,1
56,13696,408,42448,Employed,97,6,Excellent,0.41,1
23,5750,537,42455,Unemployed,3076,6,Excellent,0.57,1
18,16872,592,17863,Self-Employed,10111,6,Fair,0.59,1
64,18779,486,3690,Employed,2206,1,Good,0.06,1
40,13597,335,49617,Employed,8130,5,Fair,0.66,0
56,19504,555,46056,Employed,86,8,Poor,0.58,0
74,13555,734,22320,Employed,9958,6,Good,0.52,1
34,6919,307,3427,Student,11383,6,Excellent,0.6,1
51,19269,477,26419,Employed,12730,1,Good,0.4,1
58,17213,541,41832,Employed,6315,6,Excellent,0.55,1
46,13284,340,36983,Student,3647,8,Good,0.44,1
26,3933,656,23365,Employed,3677,2,Good,0.4,1
30,12498,412,4911,Employed,8873,1,Fair,0.19,0
23,13075,465,21461,Employed,14570,5,Good,0.6,1
23,2801,803,1649,Employed,7645,1,Excellent,0.62,1
37,8358,377,27469,Unemployed,12408,0,Excellent,0.68,0
69,10450,495,28826,Employed,12784,9,Good,0.13,1
70,10438,701,16503,Employed,12899,3,Good,0.24,1
20,7144,363,44346,Employed,10661,8,Good,0.5,0
34,12578,724,22962,Employed,8326,9,Good,0.61,1
66,10760,341,41884,Employed,12602,2,Fair,0.54,0
29,16190,672,35122,Self-Employed,6212,2,Poor,0.35,1
65,4807,605,18677,Employed,10437,5,Good,0.52,1
64,17988,508,20642,Self-Employed,6960,5,Fair,0.1,1
62,1895,766,3713,Employed,3789,7,Excellent,0.48,1
72,12345,603,9595,Employed,12298,9,Fair,0.06,1
18,4791,691,14779,Unemployed,13156,5,Good,0.08,1
34,19894,452,13164,Employed,11393,7,Good,0.54,1
20,14638,661,2546,Employed,8926,7,Excellent,0.36,1
43,6037,563,36374,Employed,1133,6,Fair,0.09,0
32,11360,515,27428,Employed,3098,4,Excellent,0.36,1
53,18935,842,37974,Employed,3471,3,Poor,0.09,1
49,8118,823,32707,Employed,5439,0,Excellent,0.27,1
49,6223,493,26388,Employed,3265,5,Excellent,0.15,1
21,16337,326,37142,Employed,1968,7,Good,0.19,1
35,10039,345,26505,Employed,7513,3,Fair,0.18,0
66,2763,357,14173,Unemployed,12303,6,Good,0.29,0
36,14805,312,30580,Self-Employed,3144,2,Excellent,0.12,1
60,12434,348,29651,Employed,7091,4,Fair,0.39,0
69,11765,393,24318,Employed,13939,6,Good,0.31,0
52,17839,750,15627,Employed,1224,8,Excellent,0.6,1
57,2851,678,7078,Employed,7812,8,Good,0.59,1
31,8690,309,37091,Self-Employed,1187,6,Good,0.59,0
50,18150,815,9366,Employed,6,3,Good,0.36,1
31,12385,523,15444,Employed,2108,5,Fair,0.24,1
51,8934,680,40873,Employed,5020,3,Fair,0.32,1
72,2522,840,18747,Employed,10724,2,Fair,0.5,0
21,3537,601,28471,Employed,12919,8,Good,0.39,0
41,10256,502,10229,Employed,11714,4,Excellent,0.46,1
46,15058,495,48796,Employed,9629,7,Fair,0.5,0
36,18943,621,41257,Employed,935,2,Poor,0.65,0
23,2924,717,17304,Employed,7198,8,Good,0.66,1
74,5623,641,25335,Self-Employed,8751,0,Good,0.6,0
50,18103,688,3090,Employed,12378,1,Fair,0.09,1
66,1905,308,49229,Employed,5637,3,Good,0.69,0
57,11329,831,33368,Employed,8637,1,Poor,0.51,1
36,11451,448,11944,Employed,1308,8,Good,0.5,1
70,10483,682,32752,Employed,1416,6,Good,0.07,1
18,19193,828,33916,Employed,5045,1,Excellent,0.36,1
22,13525,311,21817,Employed,1905,3,Poor,0.46,0
44,6429,775,6098,Employed,11402,5,Excellent,0.23,1
33,11022,352,48327,Employed,14098,1,Poor,0.1,0
23,14138,735,2133,Self-Employed,8521,8,Excellent,0.4,1
57,10202,505,43067,Employed,7300,2,Excellent,0.34,1
30,12264,353,29670,Employed,7782,1,Good,0.08,0
65,13621,789,48724,Employed,6102,3,Good,0.39,1
52,15719,643,36974,Employed,3397,4,Good,0.12,1
36,3117,468,2109,Student,3678,3,Good,0.33,1
29,11748,460,29755,Self-Employed,9745,2,Good,0.23,1
33,19404,826,43937,Employed,13332,2,Poor,0.68,1
60,3083,826,25802,Self-Employed,6030,2,Poor,0.07,0
27,8204,586,44899,Employed,3002,2,Good,0.41,1
42,9488,711,42972,Employed,6622,5,Good,0.15,1
37,19459,821,4106,Employed,11721,3,Fair,0.26,1
48,11453,498,37704,Employed,2565,6,Good,0.17,1
21,4113,460,44762,Employed,2583,6,Excellent,0.7,1
61,5392,688,10658,Employed,10464,3,Good,0.07,1
40,13836,773,17340,Employed,10811,0,Fair,0.4,1
19,8233,680,44948,Student,14107,8,Excellent,0.45,1
73,5931,423,9461,Employed,5851,6,Good,0.55,0
39,19265,371,23933,Employed,7497,5,Excellent,0.46,1
68,5015,467,43491,Unemployed,1814,4,Fair,0.2,0
74,5954,583,9495,Employed,3918,8,Fair,0.44,0
54,9269,793,33291,Employed,13869,8,Excellent,0.68,1
25,9884,335,49112,Self-Employed,6511,9,Fair,0.6,0
24,15227,474,14097,Employed,14116,5,Good,0.34,1
31,5034,498,22532,Employed,3213,7,Good,0.36,0
73,2255,415,32110,Self-Employed,3887,6,Good,0.14,1
72,18711,614,49543,Employed,7757,0,Good,0.42,1
20,9802,519,41702,Self-Employed,1222,1,Fair,0.23,0
67,14407,433,25717,Employed,13310,8,Good,0.12,1
33,10484,421,39543,Employed,5746,9,Excellent,0.36,1
72,15885,720,42768,Employed,3107,3,Excellent,0.08,1
36,8681,791,18331,Student,2513,2,Poor,0.13,0
68,14945,588,44252,Employed,12859,1,Excellent,0.19,1
35,14375,352,44883,Student,12725,7,Fair,0.69,0
69,4914,504,32631,Employed,4852,6,Good,0.58,0
33,16505,647,40940,Employed,12878,8,Excellent,0.4,1
25,11001,350,22399,Employed,4976,2,Fair,0.2,0
50,15745,339,26514,Employed,14526,0,Poor,0.39,0
66,7957,549,3496,Self-Employed,14432,8,Excellent,0.47,1
29,8249,517,31985,Employed,10743,4,Excellent,0.05,1
70,1796,478,20946,Employed,11630,4,Fair,0.69,0
28,11321,482,40161,Self-Employed,4983,2,Good,0.46,1
22,18452,463,22434,Unemployed,10389,7,Good,0.69,1
44,6783,676,39178,Employed,4138,7,Good,0.35,1
29,14619,796,34310,Employed,1320,0,Good,0.46,1
34,9164,760,11871,Employed,13200,3,Excellent,0.35,1
23,9011,773,14390,Self-Employed,2366,5,Good,0.06,1
50,6965,336,12146,Student,4313,8,Excellent,0.6,1
22,14057,618,49577,Employed,11982,1,Fair,0.34,0
74,5882,711,25107,Employed,2535,6,Good,0.36,1
45,17949,655,46199,Employed,6289,9,Fair,0.28,1
31,18763,528,16479,Employed,2375,0,Poor,0.33,1
22,10908,563,12183,Unemployed,10498,9,Poor,0.52,0
71,15190,786,19996,Student,2613,3,Good,0.51,1
73,6569,651,29224,Employed,12406,9,Good,0.58,1
50,13172,741,11309,Student,13453,6,Good,0.68,1
67,18391,758,17173,Employed,4385,2,Good,0.3,1
65,9204,324,11872,Employed,9854,2,Fair,0.27,0
58,19009,430,40800,Employed,224,3,Excellent,0.37,1
36,18769,669,32946,Employed,13181,7,Poor,0.15,1
39,9475,735,28424,Employed,7396,2,Excellent,0.54,1
22,13569,523,23707,Employed,2800,7,Good,0.43,1
19,8065,651,5688,Employed,1280,9,Good,0.19,1
47,6370,784,13854,Employed,12532,8,Good,0.61,1
64,10617,496,38554,Self-Employed,14511,7,Good,0.45,1
56,3438,408,4681,Self-Employed,521,7,Excellent,0.07,1
21,13054,519,22613,Employed,1618,8,Poor,0.18,0
50,4732,618,20879,Employed,13450,3,Poor,0.63,0
30,4965,381,42624,Employed,12406,2,Good,0.3,0
37,1940,836,7078,Employed,7806,7,Excellent,0.69,1
71,18345,731,49630,Employed,11874,0,Excellent,0.39,1
24,6913,307,46461,Employed,1601,9,Excellent,0.19,0
32,13163,448,47041,Employed,2306,0,Good,0.44,1
40,7255,397,32356,Employed,7822,3,Good,0.12,1
31,6512,400,28941,Employed,12858,9,Good,0.57,0
40,17626,666,2416,Employed,12019,2,Good,0.46,1
36,8252,761,20492,Employed,14184,9,Fair,0.68,1
71,1505,713,26425,Employed,9407,1,Excellent,0.5,1
46,6276,558,34675,Employed,942,8,Good,0.08,1
73,8538,655,9507,Employed,3931,4,Fair,0.36,0
37,7914,310,14573,Employed,9345,2,Poor,0.4,0
46,5470,715,29698,Employed,10397,8,Fair,0.65,1
41,12550,549,43478,Employed,3749,7,Good,0.33,1
35,4106,849,19318,Employed,8452,3,Fair,0.44,1
27,17982,421,39719,Employed,8581,9,Poor,0.17,0
58,2025,364,5344,Self-Employed,4740,4,Fair,0.21,0
74,7837,601,31992,Employed,12419,4,Excellent,0.41,1
25,2680,424,41194,Employed,407,7,Good,0.5,0
43,14557,611,10993,Employed,2043,6,Fair,0.33,1
46,7422,490,40102,Student,5272,2,Good,0.33,1
27,4571,749,20006,Employed,14617,5,Good,0.22,1
34,4292,458,10048,Employed,8758,5,Good,0.5,1
19,15344,652,22949,Employed,5757,1,Good,0.05,1
23,1514,562,11068,Employed,14381,0,Good,0.38,0
22,4185,705,18909,Employed,12973,6,Good,0.05,1
45,17712,316,32335,Employed,11562,2,Fair,0.44,0
58,10928,559,35184,Employed,1979,4,Good,0.07,1
22,9659,654,2794,Student,10144,7,Good,0.66,1
35,5600,788,28641,Unemployed,6164,4,Fair,0.36,0
43,7874,513,3720,Employed,10198,4,Good,0.49,1
37,7504,538,7826,Unemployed,3838,4,Good,0.6,1
58,7021,479,29780,Employed,7140,6,Excellent,0.2,1
66,12912,718,40563,Self-Employed,13476,1,Good,0.4,1
44,13255,442,38844,Employed,2315,0,Poor,0.61,0
66,5390,616,49230,Employed,8292,3,Fair,0.4,1
29,18675,543,7369,Self-Employed,4756,4,Good,0.31,1
24,10691,531,42312,Employed,6796,6,Good,0.29,1
20,1651,602,45191,Employed,14314,0,Excellent,0.3,1
27,15361,630,43387,Employed,11636,8,Good,0.45,1
51,19975,547,6826,Employed,32,9,Excellent,0.08,1
42,16532,582,3192,Unemployed,4331,3,Fair,0.32,1
52,6099,586,20920,Unemployed,14533,5,Good,0.41,1
33,13774,331,49018,Employed,12794,0,Good,0.56,0
19,13718,799,24683,Employed,6890,8,Excellent,0.39,1
41,4477,829,26692,Employed,8523,3,Good,0.65,1
27,18726,680,36088,Employed,3516,4,Good,0.34,1
55,5293,362,25255,Unemployed,4581,7,Good,0.47,0
39,3159,427,17917,Employed,4215,5,Fair,0.06,0
43,6662,827,10409,Employed,157,9,Good,0.2,1
60,12205,462,16529,Employed,11300,2,Good,0.58,1
72,17540,550,15795,Employed,4945,9,Good,0.43,1
56,5770,594,12180,Employed,10383,7,Fair,0.67,0
44,14786,478,49138,Employed,3628,5,Excellent,0.54,1
46,5103,528,22735,Employed,3782,1,Fair,0.34,0
64,15272,693,19363,Employed,3821,4,Good,0.56,1
55,19100,695,19460,Employed,2688,2,Fair,0.35,1
37,3791,371,45036,Employed,8884,3,Good,0.26,0
44,14623,617,11136,Employed,9243,8,Excellent,0.08,1
58,5311,678,12291,Employed,5044,2,Poor,0.61,0
71,14847,435,40009,Employed,12075,4,Excellent,0.32,1
37,15351,677,13549,Employed,13890,7,Excellent,0.5,1
61,17013,418,13021,Employed,11114,8,Good,0.15,1
36,6642,829,5114,Employed,7846,6,Poor,0.59,0
37,13694,822,48115,Employed,5385,3,Excellent,0.59,1
52,9026,686,3584,Employed,2098,8,Good,0.36,1
64,15013,568,10740,Employed,2156,1,Good,0.49,1
19,13584,823,35256,Student,5454,1,Good,0.39,1
47,14849,846,21043,Self-Employed,8325,3,Good,0.41,1
70,16568,785,31743,Unemployed,3750,1,Good,0.63,1
51,6095,737,14319,Self-Employed,14316,2,Good,0.68,1
39,16902,410,33995,Employed,2127,4,Excellent,0.29,1
20,11455,621,21855,Unemployed,13294,2,Poor,0.27,0
23,15496,826,6242,Employed,2385,0,Excellent,0.25,1
32,2685,476,47169,Employed,12719,2,Good,0.55,0
44,4785,837,25007,Employed,5600,5,Fair,0.52,1
27,4947,772,30407,Employed,7031,2,Excellent,0.08,1
26,12162,687,15850,Self-Employed,7456,8,Excellent,0.11,1
50,6399,397,22312,Employed,7762,2,Good,0.47,0
49,17560,710,15094,Employed,4197,2,Fair,0.23,1
65,3435,674,49945,Self-Employed,4426,2,Fair,0.11,0
23,10945,469,41083,Employed,12663,4,Fair,0.32,0
58,10774,355,49514,Self-Employed,2278,6,Good,0.62,0
53,11835,624,13988,Student,1474,4,Poor,0.29,0
19,19169,559,14198,Employed,13051,8,Good,0.5,1
46,10045,639,1698,Employed,5989,5,Fair,0.64,1
21,8979,703,1437,Employed,7488,0,Good,0.16,1
18,6755,831,23203,Unemployed,12711,8,Excellent,0.45,1
36,19769,473,16995,Employed,9240,2,Good,0.64,1
43,6562,837,39948,Employed,14904,7,Excellent,0.18,1
42,8566,459,10876,Employed,415,2,Excellent,0.69,1
27,12212,309,19537,Employed,12589,7,Good,0.29,1
70,17491,555,13902,Employed,13411,3,Excellent,0.19,1
32,4522,643,23759,Self-Employed,5507,0,Good,0.59,0
39,3047,835,28490,Employed,2166,5,Excellent,0.35,1
68,13710,672,22520,Self-Employed,5782,6,Good,0.49,1
65,5704,734,6278,Employed,13903,7,Poor,0.37,0
38,9090,345,34727,Employed,2378,5,Good,0.47,0
73,2868,354,11031,Employed,8853,0,Excellent,0.07,1
39,13029,377,25853,Employed,12646,4,Good,0.28,0
53,19641,790,21604,Employed,7293,8,Fair,0.48,1
51,17445,571,41355,Self-Employed,288,2,Good,0.28,1
47,11209,849,26919,Employed,2600,4,Good,0.55,1
42,15144,410,22154,Employed,1725,5,Fair,0.67,0
62,6417,314,9906,Employed,14332,4,Excellent,0.07,1
45,13377,377,15298,Employed,6053,3,Good,0.61,1
18,14724,800,43465,Employed,14775,1,Excellent,0.16,1
66,4552,717,2347,Employed,8766,4,Excellent,0.65,1
62,9882,574,6008,Employed,716,9,Excellent,0.67,1
21,18816,793,25553,Employed,3412,0,Good,0.42,1
24,8740,496,28018,Employed,5323,0,Fair,0.36,0
66,4738,675,5868,Student,12214,7,Good,0.54,1
26,11907,362,31905,Employed,13490,3,Good,0.65,0
53,2065,660,4960,Employed,2393,0,Good,0.2,1
36,7058,843,10944,Employed,4080,1,Good,0.3,1
18,17875,409,3505,Employed,11254,4,Good,0.32,1
27,18627,493,24759,Employed,1012,6,Fair,0.6,1
53,12603,818,19121,Employed,6248,4,Excellent,0.14,1
26,16674,758,46129,Self-Employed,2360,9,Good,0.45,1
62,10222,600,49611,Self-Employed,10325,5,Fair,0.28,0
63,10253,795,20063,Student,1946,6,Good,0.63,1
59,7129,448,32559,Employed,3512,2,Good,0.27,0
49,7818,760,6760,Student,8118,9,Good,0.69,1
49,1801,438,42871,Self-Employed,5599,4,Good,0.06,0
23,9006,591,14081,Employed,1351,7,Excellent,0.21,1
65,10201,634,49553,Employed,14817,5,Excellent,0.35,1
55,8462,483,34126,Unemployed,11089,1,Excellent,0.22,1
34,6929,606,31961,Unemployed,3075,8,Fair,0.53,0
27,17366,561,39721,Employed,3904,1,Good,0.58,1
67,8748,609,34844,Employed,11447,5,Fair,0.5,0
44,3703,643,15088,Unemployed,7860,1,Excellent,0.68,1
71,3979,723,8236,Employed,10539,9,Fair,0.35,1
67,11886,813,39439,Employed,527,6,Good,0.69,1
52,1934,823,23148,Employed,10845,0,Excellent,0.13,1
69,11730,560,38742,Employed,14102,3,Good,0.6,1
38,3206,661,37295,Self-Employed,11166,7,Poor,0.07,0
42,7225,468,46060,Employed,13467,8,Good,0.4,0
45,19788,499,43564,Employed,13668,9,Good,0.36,1
64,5459,684,34843,Unemployed,5647,2,Good,0.61,1
32,16021,611,21432,Employed,5160,8,Good,0.51,1
21,12643,611,17712,Employed,10888,7,Excellent,0.34,1
46,8325,694,15433,Self-Employed,9473,3,Good,0.63,1
26,7847,650,28808,Unemployed,5485,0,Good,0.63,1
44,14341,327,37245,Employed,12842,9,Fair,0.07,0
43,4213,432,40892,Self-Employed,13377,4,Excellent,0.62,0
36,13061,679,18386,Employed,14175,6,Good,0.39,1
73,14287,827,26152,Employed,3279,4,Good,0.6,1
45,8012,586,25902,Self-Employed,14580,4,Good,0.17,1
34,12096,583,33662,Employed,7410,4,Good,0.15,1
60,16682,526,15702,Self-Employed,6732,2,Fair,0.52,0
74,4721,726,36589,Employed,4016,5,Good,0.23,1
58,2582,326,43425,Self-Employed,13018,3,Good,0.41,0
59,10137,631,45185,Employed,11486,9,Fair,0.5,0
67,14623,416,27857,Employed,3936,1,Poor,0.45,0
37,14542,388,46707,Employed,1044,3,Excellent,0.5,1
62,15633,421,19764,Employed,14482,5,Fair,0.45,1
57,19476,332,9686,Unemployed,3439,5,Good,0.3,1
56,7108,697,3416,Employed,312,8,Good,0.11,1
66,7026,824,26729,Employed,8507,7,Fair,0.61,1
70,7972,323,33671,Self-Employed,10642,4,Poor,0.6,0
40,4275,624,3142,Employed,1890,9,Excellent,0.05,1
64,17328,333,20772,Employed,13759,2,Good,0.6,0
49,13508,546,26377,Self-Employed,11810,3,Fair,0.15,1
69,19474,318,44002,Employed,4221,4,Good,0.27,1
64,16555,329,1207,Employed,12192,0,Excellent,0.32,1
50,6618,348,11846,Employed,6978,8,Poor,0.49,0
74,9460,479,42432,Employed,8687,3,Excellent,0.11,1
63,19445,669,22511,Employed,9172,7,Good,0.59,1
22,13964,694,25711,Employed,4839,4,Good,0.66,1
60,9096,795,49014,Employed,13910,4,Good,0.67,1
65,8740,730,38124,Employed,4795,1,Excellent,0.11,1
51,6442,506,26746,Employed,2028,7,Excellent,0.65,1
57,15036,334,7024,Employed,10284,9,Excellent,0.42,1
28,3100,712,31392,Unemployed,13123,6,Fair,0.52,1
67,7200,663,41373,Employed,13251,1,Good,0.65,1
20,7571,609,35204,Employed,13198,5,Fair,0.48,1
50,11748,578,45531,Unemployed,2907,8,Good,0.35,1
28,14023,451,23759,Employed,3143,7,Excellent,0.39,1
33,18593,526,27724,Employed,8919,9,Poor,0.49,0
35,18677,542,46772,Self-Employed,12385,2,Excellent,0.66,1
47,12547,309,42466,Employed,5390,6,Good,0.63,0
65,7265,691,11797,Self-Employed,7574,3,Fair,0.43,0
72,1526,347,26021,Self-Employed,9659,3,Excellent,0.19,1
27,8193,503,36549,Employed,9306,6,Excellent,0.28,1
35,8109,456,34211,Employed,1677,6,Fair,0.29,0
55,10814,325,43500,Student,2043,0,Good,0.24,0
36,17758,720,44730,Employed,10356,0,Good,0.54,1
53,6809,563,34334,Employed,7681,5,Fair,0.59,0
30,1511,828,20986,Unemployed,12156,1,Poor,0.26,0
73,16889,769,19320,Employed,3114,2,Excellent,0.6,1
63,15171,553,37951,Employed,4166,1,Excellent,0.53,1
20,7274,845,41694,Unemployed,13653,1,Fair,0.34,1
27,18063,446,43612,Employed,4853,7,Excellent,0.5,1
55,2296,625,39569,Self-Employed,11035,7,Good,0.55,1
18,8779,637,47564,Employed,8095,5,Good,0.41,1
72,8688,417,17021,Self-Employed,11078,2,Good,0.34,1
73,3524,464,22199,Employed,13013,4,Good,0.12,1
44,9166,849,6500,Employed,8298,6,Fair,0.05,1
63,4717,497,30666,Employed,14721,4,Excellent,0.66,1
25,8084,673,6402,Employed,6599,6,Good,0.22,1
68,6785,428,24371,Self-Employed,13062,9,Good,0.48,0
63,8870,713,38549,Employed,2341,6,Good,0.66,1
59,19403,679,36454,Unemployed,6319,3,Excellent,0.58,1
34,8356,300,16515,Employed,12244,9,Good,0.13,1
26,3932,466,18587,Self-Employed,9322,9,Poor,0.57,0
23,6366,315,38824,Employed,1109,5,Fair,0.52,0
60,15066,411,44897,Employed,11773,8,Excellent,0.26,1
42,6554,667,8057,Employed,1250,3,Fair,0.5,1
56,10608,401,13099,Unemployed,10833,9,Excellent,0.59,1
66,19954,705,49623,Employed,6472,0,Fair,0.24,1
45,3281,806,47346,Employed,7408,7,Fair,0.61,1
50,19400,339,23097,Employed,3073,3,Good,0.1,1
71,12562,847,6183,Employed,5370,7,Excellent,0.39,1
54,13274,680,21463,Self-Employed,10281,8,Good,0.2,1
26,17458,815,32060,Employed,5545,7,Excellent,0.52,1
35,11138,796,17696,Employed,8272,0,Good,0.16,1
73,2879,580,9354,Student,10727,8,Excellent,0.27,1
38,11175,650,18912,Student,915,4,Excellent,0.13,1
19,11766,633,46348,Employed,261,7,Good,0.58,1
60,18684,823,30361,Self-Employed,5514,5,Fair,0.14,1
55,16695,582,22880,Employed,3319,6,Good,0.52,1
57,12429,618,43525,Employed,13641,2,Good,0.51,1
53,6767,713,16760,Employed,8150,8,Excellent,0.14,1
67,4757,313,5768,Employed,3040,8,Good,0.42,0
60,13569,355,24951,Student,4903,9,Good,0.37,1
54,2481,702,34166,Employed,14207,1,Poor,0.44,0
32,12168,641,49012,Employed,12835,3,Excellent,0.66,1
45,19972,498,18431,Self-Employed,2662,3,Excellent,0.1,1
35,13156,591,19326,Employed,11186,0,Excellent,0.58,1
51,9563,740,28706,Employed,6958,3,Fair,0.61,1
39,11165,377,34007,Employed,6241,2,Good,0.13,1
28,7937,411,27934,Self-Employed,5264,1,Fair,0.48,0
74,11875,834,40232,Self-Employed,6937,5,Good,0.51,1
30,4361,674,34439,Employed,1972,2,Poor,0.41,0
21,14342,415,33224,Employed,2174,9,Excellent,0.38,1
39,19539,441,25303,Employed,1327,8,Excellent,0.26,1
24,19639,496,36229,Employed,4890,8,Fair,0.5,1
60,7727,839,28969,Employed,12077,7,Good,0.24,1
71,12924,598,21532,Employed,6722,7,Good,0.35,1
41,11143,375,34855,Employed,13690,1,Good,0.61,0
21,11810,829,7776,Employed,7314,5,Good,0.11,1
45,16733,399,10334,Employed,9031,3,Poor,0.39,0
32,14700,778,38892,Employed,7248,9,Poor,0.37,1
18,12032,767,29484,Employed,12028,1,Excellent,0.3,1
72,11180,591,29831,Employed,11505,1,Good,0.44,1
20,12119,424,45919,Employed,11840,9,Good,0.06,1
31,8650,818,24665,Employed,6726,6,Good,0.37,1
55,3266,322,30205,Employed,547,0,Excellent,0.37,0
67,5049,461,8054,Self-Employed,12354,7,Good,0.39,0
74,11134,805,44468,Employed,11858,4,Poor,0.19,1
18,3476,320,2028,Employed,12969,9,Excellent,0.18,0
55,17060,763,11368,Student,13786,7,Fair,0.47,1
55,13665,782,22435,Employed,10818,1,Excellent,0.11,1
38,3990,801,18054,Employed,5729,0,Good,0.25,1
65,13495,608,49890,Unemployed,13124,1,Good,0.59,1
46,13519,502,38362,Employed,5552,5,Good,0.12,1
22,8925,715,15611,Employed,3876,3,Fair,0.35,1
66,14357,441,14394,Employed,5881,7,Poor,0.48,0
27,10189,406,35623,Employed,9517,8,Good,0.14,1
45,5476,828,31748,Employed,3791,8,Good,0.25,1
38,15705,836,32724,Employed,2871,4,Good,0.41,1
67,2204,590,48753,Employed,7542,5,Excellent,0.26,1
24,6952,610,44038,Employed,574,6,Excellent,0.12,1
20,14349,684,27582,Employed,1101,3,Fair,0.2,1
62,7594,352,14597,Employed,8221,9,Good,0.12,1
64,5181,482,10880,Unemployed,1375,2,Good,0.69,1
37,19800,668,21815,Self-Employed,11002,1,Poor,0.2,1
36,11066,312,17953,Self-Employed,13118,9,Excellent,0.39,1
52,9001,459,23840,Employed,5234,3,Excellent,0.33,1
21,3345,583,13886,Employed,3948,8,Fair,0.42,0
22,7913,586,12966,Employed,13816,4,Good,0.37,1
18,9490,307,26440,Employed,6874,0,Good,0.52,0
21,11128,371,7514,Employed,14319,4,Excellent,0.62,1
29,14730,397,38668,Unemployed,3804,5,Poor,0.24,0
44,19254,386,46369,Self-Employed,12822,9,Excellent,0.17,1
73,19812,400,49069,Employed,4464,5,Excellent,0.69,1
59,3136,580,6349,Self-Employed,5845,4,Excellent,0.61,1
40,19727,588,2029,Employed,3731,7,Good,0.29,1
42,16207,495,7616,Employed,7525,4,Fair,0.63,0
38,18715,690,35764,Employed,4397,9,Excellent,0.49,1
69,7038,749,26824,Employed,7887,2,Excellent,0.33,1
41,11817,667,27712,Self-Employed,5790,2,Good,0.62,1
42,13954,729,49461,Employed,11714,3,Poor,0.49,0
62,16949,395,19471,Employed,10546,9,Excellent,0.59,1
72,9955,560,26256,Employed,3750,7,Good,0.32,1
63,16559,811,34142,Employed,3134,8,Good,0.57,1
49,17130,420,45329,Student,13124,6,Fair,0.29,0
72,2786,665,4045,Student,1299,1,Fair,0.53,0
49,3029,631,15728,Student,4606,8,Excellent,0.33,0
22,11500,351,30713,Employed,11257,5,Good,0.31,0
53,8155,695,14838,Employed,886,5,Excellent,0.57,1
63,3377,617,23659,Student,9750,5,Good,0.13,1
59,11441,576,39717,Student,11999,0,Excellent,0.65,1
66,14555,493,34573,Employed,11177,8,Excellent,0.38,1
59,17984,320,7352,Self-Employed,11976,5,Good,0.46,1
56,4587,698,40238,Employed,2046,6,Poor,0.31,0
33,7328,501,24030,Unemployed,14722,0,Fair,0.47,0
50,18577,765,34046,Employed,4890,4,Excellent,0.51,1
66,6906,450,2405,Unemployed,7002,2,Excellent,0.61,1
38,12932,458,42747,Employed,6601,8,Excellent,0.61,1
26,4991,609,8150,Employed,5967,1,Excellent,0.28,1
23,14858,803,30623,Employed,5527,3,Good,0.45,1
68,14854,325,18716,Employed,7894,2,Fair,0.56,0
62,4892,365,9065,Employed,5896,8,Fair,0.55,0
52,3768,562,13564,Employed,3457,2,Poor,0.63,0
56,7132,771,20531,Employed,7557,0,Good,0.59,1
39,5283,466,41760,Employed,11492,7,Fair,0.52,0
58,15979,453,4449,Employed,3298,0,Fair,0.54,0
71,16887,642,34200,Employed,11590,0,Good,0.57,1
22,7469,712,34777,Employed,7502,6,Poor,0.59,1
59,10481,483,8279,Employed,12564,8,Poor,0.28,0
40,10350,493,45809,Student,12517,3,Fair,0.56,0
34,16672,301,6191,Self-Employed,14179,9,Excellent,0.67,1
29,18902,514,9508,Self-Employed,14038,3,Excellent,0.2,1
40,19837,782,49148,Employed,5276,4,Poor,0.08,1
33,5157,331,6307,Employed,10252,4,Good,0.1,0
20,18658,314,5216,Student,1526,1,Fair,0.19,0
47,11072,617,2365,Employed,14532,8,Good,0.65,1
74,4682,542,40564,Self-Employed,11886,9,Fair,0.13,1
39,14479,316,10127,Employed,12902,8,Excellent,0.54,1
26,9367,833,20902,Employed,2150,8,Good,0.61,1
46,16655,380,45747,Employed,13481,8,Fair,0.62,1
64,14506,735,36536,Unemployed,2156,0,Good,0.32,1
54,5829,307,1495,Employed,10615,7,Good,0.37,0
40,4597,586,4592,Employed,14461,7,Fair,0.26,0
30,2904,485,3232,Self-Employed,2794,3,Excellent,0.15,1
49,6601,823,41816,Employed,14720,9,Excellent,0.19,1
63,2869,721,20319,Employed,4243,0,Fair,0.14,1
69,8165,765,15667,Employed,6826,0,Excellent,0.31,1
64,19948,382,14000,Employed,3042,0,Good,0.16,0
65,4265,782,7719,Self-Employed,6695,2,Poor,0.31,0
40,2216,624,5445,Student,6892,9,Good,0.6,0
62,15350,718,48941,Employed,4091,2,Poor,0.48,1
34,3211,350,36135,Employed,11270,3,Good,0.48,0
72,7761,326,11776,Employed,3234,1,Good,0.58,0
57,17892,844,40323,Employed,435,8,Excellent,0.08,1
38,7586,361,18289,Employed,9649,9,Excellent,0.57,1
19,15862,470,12419,Employed,2372,8,Poor,0.18,0
54,12723,585,8900,Employed,10396,9,Excellent,0.27,1
23,17720,416,27403,Employed,111,6,Excellent,0.25,1
61,14892,303,29298,Student,3034,1,Fair,0.12,0
35,3746,365,28156,Unemployed,5574,2,Fair,0.16,0
47,4322,359,38365,Employed,5888,7,Poor,0.67,0
39,18734,801,25037,Employed,9288,8,Excellent,0.44,1
71,18991,528,47233,Employed,8174,3,Excellent,0.36,1
50,18183,399,6009,Unemployed,5049,8,Good,0.54,1
47,11169,418,8235,Student,7360,3,Good,0.58,0
34,2582,368,27091,Self-Employed,13786,1,Excellent,0.12,0
60,12648,520,41726,Employed,9488,6,Excellent,0.53,1
49,9667,522,39056,Employed,957,8,Fair,0.66,0
59,11057,803,48082,Student,4831,1,Good,0.43,1
68,13228,510,46766,Unemployed,4968,7,Excellent,0.45,1
31,5451,561,39904,Self-Employed,12278,5,Poor,0.62,0
27,16177,817,12195,Employed,8285,8,Excellent,0.49,1
64,17469,547,40374,Employed,2766,4,Fair,0.7,1
68,10467,556,27248,Employed,6825,0,Poor,0.23,1
53,8268,362,27226,Unemployed,667,4,Good,0.6,0
51,19336,691,21779,Unemployed,7923,9,Good,0.45,1
26,19565,839,11666,Employed,514,6,Excellent,0.29,1
59,15539,716,21379,Employed,9435,6,Fair,0.62,1
45,3803,352,32709,Employed,11268,3,Excellent,0.7,1
28,16663,337,49903,Employed,4289,9,Good,0.09,1
31,8657,607,43850,Employed,10293,5,Good,0.65,1
56,19735,352,42266,Employed,13221,5,Excellent,0.18,1
72,19781,751,31818,Employed,11215,9,Poor,0.18,1
64,17629,760,41537,Employed,811,9,Fair,0.08,1
71,11019,785,31949,Self-Employed,5707,0,Excellent,0.65,1
36,1744,436,48754,Employed,5849,4,Good,0.54,0
71,10448,671,26853,Self-Employed,6072,6,Good,0.08,1
32,10515,555,35195,Employed,1520,4,Fair,0.46,0
45,12519,694,22997,Self-Employed,5749,7,Excellent,0.13,1
41,4279,336,36870,Unemployed,1478,0,Poor,0.54,0
25,19730,446,35114,Employed,12055,8,Excellent,0.32,1
60,15223,307,42588,Employed,2001,1,Excellent,0.08,1
26,14303,550,30871,Employed,5818,7,Good,0.59,1
64,18357,746,2961,Employed,9223,4,Excellent,0.42,1
50,15198,562,38380,Employed,2138,9,Fair,0.55,1
50,3292,738,43507,Employed,12633,6,Excellent,0.49,1
36,16876,558,6690,Self-Employed,3069,6,Poor,0.33,0
20,19618,622,16168,Employed,350,0,Fair,0.5,1
27,14617,829,46875,Employed,12497,7,Fair,0.06,1
57,8715,600,6458,Employed,2305,2,Good,0.27,1
64,6688,784,27942,Employed,7208,3,Good,0.56,1
59,17518,391,11033,Employed,6870,2,Good,0.55,1
18,16201,463,9047,Employed,4791,1,Poor,0.63,0
46,6781,634,5902,Unemployed,14639,6,Excellent,0.45,1
67,2444,614,2496,Employed,1264,9,Good,0.66,1
51,3011,537,28664,Employed,13929,4,Poor,0.41,0
68,14218,382,43203,Employed,1557,6,Good,0.38,0
30,18742,408,5582,Employed,4960,0,Good,0.18,1
71,9869,477,30482,Unemployed,6388,9,Good,0.56,0
18,13620,549,35811,Student,8977,1,Poor,0.5,0
51,15221,390,37144,Employed,6734,5,Excellent,0.35,1
46,4115,638,42476,Self-Employed,14248,5,Poor,0.11,0
65,19497,468,32872,Employed,3906,2,Excellent,0.13,1
64,17129,438,18218,Employed,14639,9,Fair,0.12,0
30,4340,816,18007,Employed,8057,0,Excellent,0.29,1
65,15551,483,21366,Student,13846,2,Excellent,0.15,1
66,3274,469,30827,Employed,12398,3,Fair,0.61,0
70,14762,661,48659,Employed,13441,0,Good,0.63,1
46,5371,543,39208,Employed,3433,6,Good,0.61,0
56,9773,437,34264,Unemployed,10499,2,Good,0.45,1
41,18729,327,32607,Employed,665,7,Good,0.44,1
43,10908,818,28005,Employed,14866,6,Excellent,0.63,1
34,4760,697,44223,Student,8752,5,Excellent,0.31,1
24,4645,632,32475,Student,3657,7,Good,0.09,1
30,9302,616,17926,Self-Employed,4148,8,Excellent,0.36,1
22,3763,725,34683,Self-Employed,13189,1,Good,0.41,1
43,9655,435,19185,Self-Employed,14525,9,Fair,0.41,0
66,2422,566,12274,Employed,13952,8,Fair,0.15,0
20,8195,406,47049,Employed,13802,9,Good,0.56,0
24,7258,437,34947,Employed,10383,4,Good,0.53,0
66,14076,346,44215,Student,6903,0,Excellent,0.2,1
56,9316,667,35839,Unemployed,5299,0,Poor,0.41,0
70,9056,305,42766,Employed,1542,6,Good,0.56,0
18,17725,822,28314,Employed,11042,5,Good,0.05,1
66,7430,828,47641,Unemployed,717,9,Excellent,0.23,1
34,13133,571,40913,Employed,3139,8,Good,0.36,1
60,5012,365,43494,Employed,2920,0,Good,0.6,0
42,7566,719,31288,Employed,654,9,Excellent,0.57,1
20,14707,638,48344,Employed,9323,9,Good,0.15,1
32,15822,797,26892,Unemployed,6328,9,Good,0.35,1
46,3560,768,26682,Self-Employed,9967,9,Excellent,0.25,1
70,15513,630,2589,Student,11414,6,Good,0.31,1
60,3887,430,31809,Employed,7890,7,Excellent,0.4,0
49,9531,829,19870,Self-Employed,6733,9,Excellent,0.37,1
43,3299,737,9679,Employed,13786,3,Good,0.14,1
33,4280,542,9803,Employed,3811,0,Fair,0.13,0
42,2627,762,49058,Employed,14437,2,Excellent,0.13,1
71,8865,649,43357,Unemployed,1749,1,Fair,0.6,1
45,16135,316,40982,Employed,11402,2,Good,0.06,1
26,9111,765,44153,Employed,5817,5,Good,0.18,1
73,14146,662,28650,Student,6111,9,Poor,0.67,0
73,9035,509,49657,Employed,10919,2,Fair,0.09,0
18,16004,824,10529,Self-Employed,10728,9,Good,0.07,1
46,10864,719,29998,Self-Employed,1081,3,Good,0.3,1
74,4308,432,49091,Self-Employed,6774,0,Excellent,0.15,1
39,14555,313,49208,Employed,12375,5,Poor,0.42,0
33,5797,343,11392,Employed,13433,1,Fair,0.27,0
58,12709,676,38265,Student,11233,3,Fair,0.19,1
68,1948,594,5583,Employed,5363,4,Excellent,0.7,1
61,6508,695,27690,Employed,13378,4,Fair,0.27,1
68,18677,403,11328,Employed,10533,3,Excellent,0.47,1
71,18320,744,22638,Employed,3201,2,Excellent,0.62,1
58,7512,361,17238,Employed,6998,3,Fair,0.65,0
24,3120,711,40113,Self-Employed,10279,2,Poor,0.32,0
31,15084,620,23955,Employed,5331,2,Excellent,0.68,1
46,2448,430,22682,Employed,9271,3,Excellent,0.52,0
36,10819,498,48442,Employed,10951,8,Excellent,0.43,1
36,18075,335,17462,Self-Employed,290,8,Poor,0.5,0
19,13704,515,6652,Employed,6960,7,Good,0.28,1
58,13452,605,17761,Employed,5738,3,Good,0.33,1
62,19287,311,31235,Employed,12994,1,Good,0.43,0
32,19874,382,25351,Employed,3423,8,Good,0.26,1
20,2604,331,12176,Employed,11358,5,Excellent,0.55,0
28,2048,707,39709,Self-Employed,3499,7,Excellent,0.21,1
70,13140,385,34914,Employed,8173,3,Fair,0.57,0
63,9403,710,49726,Employed,13086,7,Good,0.15,1
47,19668,555,49329,Employed,7804,5,Excellent,0.19,1
74,12113,540,26639,Employed,5568,5,Good,0.54,1
57,18688,751,3216,Employed,843,5,Excellent,0.22,1
35,10490,300,49197,Employed,14973,8,Good,0.57,0
68,12967,581,28415,Employed,913,0,Excellent,0.56,1
65,5738,813,33657,Self-Employed,4439,0,Fair,0.22,1
19,5867,418,39217,Employed,5667,4,Good,0.1,0
49,7151,804,18847,Employed,7896,0,Good,0.16,1
25,17704,379,18900,Employed,3990,9,Fair,0.54,0
39,3593,518,12242,Self-Employed,9168,8,Good,0.6,0
23,5501,816,32073,Self-Employed,11518,3,Good,0.3,1
29,9310,765,38191,Employed,10284,1,Excellent,0.16,1
64,12772,817,48601,Employed,1200,2,Poor,0.1,1
74,6054,801,18910,Employed,7389,8,Excellent,0.19,1
57,10197,357,29186,Employed,1648,7,Fair,0.69,0
53,18980,636,15978,Employed,121,2,Poor,0.16,1
32,13871,809,14606,Unemployed,4370,7,Good,0.11,1
45,10736,725,33031,Unemployed,9151,3,Excellent,0.56,1
69,15269,669,8421,Self-Employed,3815,5,Excellent,0.45,1
74,8561,710,3548,Employed,4407,3,Good,0.4,1
66,5402,731,8252,Employed,14753,4,Good,0.34,1
62,2852,495,48624,Employed,1352,9,Good,0.51,0
35,3096,676,13849,Employed,5222,8,Fair,0.5,0
19,10267,664,5608,Self-Employed,687,1,Poor,0.33,0
30,2179,704,26091,Employed,10521,8,Good,0.2,1
62,13520,791,47595,Employed,13556,2,Fair,0.6,1
71,13596,365,7745,Self-Employed,13444,4,Excellent,0.16,1
32,12885,690,36830,Unemployed,855,6,Good,0.4,1
37,10009,382,39049,Unemployed,14103,1,Excellent,0.5,1
46,7234,780,38530,Self-Employed,4436,3,Good,0.47,1
59,17175,528,31222,Employed,21,0,Poor,0.45,0
46,14193,524,10640,Employed,7317,2,Fair,0.48,0
20,8907,412,34734,Employed,2004,5,Good,0.62,0
36,13286,484,23078,Employed,6712,1,Excellent,0.29,1
20,4042,811,33875,Employed,6813,7,Excellent,0.46,1
71,18562,472,24565,Employed,12144,6,Excellent,0.5,1
31,6866,822,45054,Student,12078,2,Excellent,0.43,1
57,8910,504,42582,Employed,969,0,Excellent,0.64,1
72,11335,837,1509,Employed,3778,9,Excellent,0.48,1
21,15147,618,7815,Employed,7334,3,Excellent,0.33,1
69,7041,458,43024,Employed,14300,3,Excellent,0.6,1
28,18718,577,49783,Employed,8536,4,Good,0.37,1
48,11933,447,43398,Self-Employed,9921,2,Good,0.39,0
60,12047,382,37639,Employed,5580,1,Poor,0.43,0
49,11360,718,33408,Unemployed,14170,1,Good,0.26,1
44,12245,837,49721,Employed,8077,7,Good,0.52,1
47,8318,848,23892,Employed,3331,6,Excellent,0.11,1
60,15601,691,14276,Employed,4295,0,Excellent,0.61,1
19,6528,432,40932,Employed,6148,8,Good,0.54,0
66,17298,541,4500,Employed,6443,2,Excellent,0.28,1
26,12454,750,13546,Employed,11799,2,Fair,0.2,1
45,14270,499,41526,Employed,3307,0,Fair,0.3,1
48,10938,416,16042,Unemployed,5866,3,Fair,0.57,0
51,19656,518,39838,Employed,539,9,Good,0.07,1
73,8611,604,39153,Employed,5271,1,Fair,0.35,1
32,7613,542,1229,Employed,10485,2,Good,0.22,1
65,4063,591,25725,Employed,7172,0,Good,0.62,0
42,17389,600,34677,Employed,10252,2,Good,0.32,1
53,9998,687,12720,Employed,13265,3,Excellent,0.5,1
25,9631,508,32879,Employed,11830,5,Excellent,0.28,1
26,4196,613,18018,Employed,1488,2,Good,0.26,1
54,9204,325,32118,Employed,285,5,Excellent,0.26,1
65,17942,378,5717,Employed,5733,1,Fair,0.49,0
62,11265,427,19574,Self-Employed,6482,7,Excellent,0.68,1
56,19024,712,14235,Employed,1237,4,Excellent,0.19,1
49,11502,436,6189,Employed,112,0,Good,0.47,1
69,12890,633,22323,Employed,4433,5,Fair,0.22,1
34,13168,847,24465,Student,8281,2,Good,0.41,1
52,17744,687,37242,Self-Employed,6926,3,Excellent,0.4,1
54,8141,529,12972,Self-Employed,10998,9,Good,0.34,1
36,2441,720,40962,Employed,9691,7,Good,0.37,1
61,14315,423,2865,Employed,1053,7,Fair,0.62,0
46,8041,387,34066,Self-Employed,1563,7,Fair,0.11,0
24,17124,440,37493,Employed,13699,4,Fair,0.59,0
45,11466,350,28967,Employed,13891,0,Excellent,0.35,1
26,2921,704,5540,Employed,8548,8,Excellent,0.27,1
45,7265,636,28773,Employed,3726,8,Poor,0.17,0
23,18319,665,44065,Employed,6689,7,Excellent,0.58,1
46,18723,557,13464,Employed,4554,2,Excellent,0.43,1
34,5501,687,38582,Self-Employed,8662,5,Fair,0.52,1
33,14147,344,14596,Employed,2914,6,Good,0.25,0
40,6748,568,32385,Employed,2986,3,Good,0.31,1
48,6459,610,16386,Employed,14026,9,Excellent,0.64,1
20,19534,577,20906,Employed,2620,6,Excellent,0.67,1
38,5389,774,21802,Self-Employed,11454,8,Fair,0.53,1
43,2826,444,7818,Self-Employed,7169,5,Excellent,0.54,0
53,7401,534,41930,Employed,9333,1,Good,0.5,0
59,4858,435,39257,Employed,4403,5,Fair,0.43,0
54,3085,744,39853,Self-Employed,4659,2,Poor,0.44,0
70,15000,652,10037,Employed,1038,6,Fair,0.68,1
39,13060,693,5185,Employed,6567,2,Fair,0.54,1
59,18272,574,37994,Employed,12059,7,Good,0.48,1
29,17318,683,25480,Unemployed,11742,4,Poor,0.17,0
59,4832,622,8692,Student,13407,2,Good,0.69,1
30,18587,482,20999,Employed,12897,0,Fair,0.39,0
28,4320,739,7805,Employed,54,4,Excellent,0.66,1
71,16972,362,4157,Employed,8113,9,Excellent,0.51,1
33,6459,333,35873,Employed,9493,9,Good,0.08,0
25,18943,776,38944,Employed,12700,2,Fair,0.4,1
57,13866,386,34761,Employed,7412,3,Good,0.63,1
74,2801,509,14705,Self-Employed,12103,9,Fair,0.08,0
57,12051,761,20480,Employed,7125,3,Excellent,0.61,1
62,5612,380,33957,Unemployed,3467,2,Excellent,0.45,1
19,14263,621,32678,Employed,1494,5,Fair,0.08,1
47,13274,714,27699,Employed,4133,5,Good,0.29,1
47,18382,489,27994,Self-Employed,3703,0,Good,0.07,1
29,10120,532,30570,Employed,4865,3,Fair,0.05,1
27,8745,691,20282,Employed,182,0,Fair,0.63,0
61,13331,468,13793,Employed,1236,6,Good,0.54,1
28,3605,742,27542,Unemployed,12413,6,Fair,0.24,1
32,11245,467,46238,Employed,12427,5,Good,0.12,1
33,7130,530,21633,Employed,8812,1,Good,0.09,0
34,4706,449,40814,Self-Employed,9736,3,Excellent,0.65,0
43,4128,849,16637,Employed,13774,2,Excellent,0.46,1
19,11568,685,20795,Employed,4127,7,Good,0.15,1
67,14894,680,29522,Employed,234,1,Good,0.49,1
29,2567,574,10238,Employed,72,9,Excellent,0.7,0
68,19390,361,28149,Employed,12759,1,Good,0.56,1
43,16745,766,44886,Employed,5767,0,Good,0.34,1
40,11359,827,49179,Employed,1789,8,Excellent,0.58,1
35,8142,449,27534,Employed,8819,2,Excellent,0.53,1
49,16877,441,10256,Employed,8859,7,Excellent,0.11,1
66,5566,415,1517,Employed,4023,6,Excellent,0.65,0
55,2447,364,13425,Unemployed,8785,0,Good,0.62,0
74,2671,728,22602,Employed,10858,5,Excellent,0.43,1
64,17331,609,15676,Employed,12004,7,Poor,0.38,0
20,7614,729,22819,Self-Employed,10531,5,Excellent,0.2,1
55,1671,460,11781,Unemployed,14964,8,Excellent,0.59,0
20,14318,605,19656,Employed,14244,9,Good,0.33,1
47,10835,660,49965,Self-Employed,11551,2,Excellent,0.43,1
18,11551,577,36076,Employed,2260,5,Excellent,0.16,1
47,7709,595,26678,Self-Employed,4262,9,Fair,0.19,1
62,11880,468,5792,Self-Employed,7388,3,Good,0.69,0
49,5077,758,12955,Employed,6545,9,Excellent,0.37,1
45,9880,306,46528,Student,6934,2,Good,0.58,1
38,5576,431,9268,Unemployed,7456,7,Excellent,0.59,1
63,1657,646,19693,Employed,14191,6,Good,0.69,0
30,9277,552,41676,Unemployed,9160,6,Good,0.69,0
44,9937,709,26601,Employed,10219,4,Fair,0.35,1
53,12595,842,27640,Self-Employed,8370,0,Fair,0.67,1
24,16779,654,5439,Self-Employed,6314,5,Fair,0.29,1
39,8700,667,49139,Employed,6117,5,Excellent,0.44,1
27,16347,810,14227,Employed,2051,2,Good,0.58,1
56,10541,832,44701,Unemployed,4431,4,Excellent,0.64,1
70,3310,827,30517,Employed,8386,8,Fair,0.39,1
32,9395,827,30702,Employed,14279,6,Good,0.32,1
32,8453,701,7389,Employed,11727,7,Excellent,0.52,1
21,7823,474,29575,Employed,2940,8,Good,0.35,1
49,7105,377,45188,Self-Employed,11009,5,Excellent,0.49,1
40,7391,739,46229,Employed,3628,4,Fair,0.57,1
72,4576,848,20942,Student,7634,9,Excellent,0.6,1
23,2119,531,25392,Unemployed,5463,4,Good,0.22,1
41,12594,699,18229,Employed,9423,4,Fair,0.42,1
37,3907,512,26268,Employed,3698,3,Fair,0.07,0
54,14144,492,13240,Employed,1959,1,Poor,0.57,0
37,4504,566,32000,Employed,1526,6,Excellent,0.13,1
29,12178,425,2332,Employed,10369,6,Good,0.62,1
50,5539,681,12229,Unemployed,7839,7,Good,0.31,1
45,2804,843,46292,Employed,11264,7,Excellent,0.16,1
25,7130,801,7300,Self-Employed,14320,7,Fair,0.57,1
18,8782,702,18658,Employed,6929,8,Good,0.18,1
54,4807,560,40934,Employed,14822,5,Good,0.31,1
39,19245,686,26820,Employed,3519,3,Good,0.42,1
23,8165,711,1337,Employed,1695,1,Fair,0.28,0
38,5794,645,37062,Unemployed,5896,4,Excellent,0.17,1
49,3287,393,30906,Self-Employed,7990,5,Good,0.31,0
52,2573,627,14445,Self-Employed,6466,6,Poor,0.14,0
32,5099,399,2867,Self-Employed,14071,5,Excellent,0.52,0
22,16889,760,29581,Employed,12311,3,Fair,0.16,1
73,12845,614,24298,Employed,376,3,Fair,0.36,1
63,13818,324,1494,Employed,778,6,Poor,0.41,0
67,17607,793,5642,Employed,5275,0,Excellent,0.66,1
65,4555,652,37654,Employed,3343,2,Poor,0.1,0
23,18543,416,9352,Employed,14428,9,Excellent,0.65,1
42,7820,498,3036,Unemployed,5992,1,Good,0.19,1
73,8013,578,15722,Employed,3595,1,Excellent,0.6,1
63,6142,378,49324,Employed,14061,6,Excellent,0.11,1
73,10821,723,17186,Employed,14456,4,Poor,0.69,0
57,15932,653,43467,Employed,2499,2,Fair,0.57,1
46,5966,825,22467,Employed,14937,8,Good,0.09,1
24,12958,840,26951,Employed,13187,8,Excellent,0.19,1
57,17379,776,3281,Unemployed,586,2,Good,0.41,1
30,9784,309,31695,Employed,7489,1,Good,0.39,0
55,12258,802,43828,Self-Employed,9246,2,Excellent,0.46,1
35,19165,559,2601,Employed,2999,8,Good,0.35,1
19,12491,823,45787,Employed,6744,7,Fair,0.53,1
25,6011,305,45440,Unemployed,8801,2,Good,0.28,0
28,12296,334,2299,Employed,10368,3,Good,0.16,1
50,5381,474,15794,Employed,10692,4,Good,0.07,1
71,17168,741,31148,Employed,8998,3,Excellent,0.26,1
55,3913,446,48516,Self-Employed,2483,1,Fair,0.33,0
65,3044,492,30713,Employed,13918,8,Fair,0.48,0
44,17229,312,17026,Employed,5795,1,Good,0.57,0
37,6284,829,32097,Employed,14842,4,Excellent,0.21,1
29,7126,545,19430,Self-Employed,14274,8,Good,0.37,1
60,6014,413,48785,Employed,7909,7,Excellent,0.2,1
48,2645,532,36649,Employed,2699,0,Fair,0.67,0
44,10602,621,22858,Employed,7484,2,Good,0.47,1
49,12998,837,19582,Employed,9543,9,Good,0.49,1
27,6950,425,4332,Self-Employed,108,8,Poor,0.4,0
20,19450,612,34871,Employed,8717,2,Good,0.23,1
62,6007,810,4177,Self-Employed,1498,3,Fair,0.18,0
44,15035,783,29170,Employed,6097,2,Good,0.48,1
52,5748,580,45434,Employed,9141,6,Good,0.65,0
48,15023,582,31603,Employed,14727,8,Excellent,0.19,1
32,5492,691,35945,Student,1667,3,Fair,0.42,1
33,10022,822,21885,Employed,3184,8,Fair,0.39,1
30,9527,681,39809,Employed,7453,1,Excellent,0.47,1
66,13472,515,30728,Employed,4947,1,Excellent,0.43,1
52,16805,841,9727,Employed,8797,8,Fair,0.23,1
69,12293,415,15532,Self-Employed,10586,6,Poor,0.5,0
28,2029,808,40828,Employed,9816,4,Fair,0.23,0
38,6234,799,26645,Employed,4917,4,Good,0.47,1
68,15398,570,46329,Employed,7428,8,Poor,0.24,0
71,14485,739,25708,Unemployed,6861,3,Excellent,0.1,1
28,15489,590,17647,Employed,4402,0,Excellent,0.13,1
47,4242,338,16956,Employed,13197,5,Good,0.59,0
65,6135,323,40736,Self-Employed,1057,2,Poor,0.13,0
70,5925,342,19436,Employed,6312,1,Fair,0.26,0
52,10161,469,38714,Unemployed,1368,3,Excellent,0.24,1
39,5330,639,16068,Employed,8102,8,Good,0.09,1
55,2033,468,23209,Employed,14867,7,Excellent,0.44,1
48,15750,837,14732,Employed,5738,6,Fair,0.57,1
31,13747,771,23428,Unemployed,9863,1,Good,0.7,1
41,5587,442,5089,Unemployed,4633,0,Poor,0.66,0
67,10453,400,31788,Employed,3738,6,Excellent,0.08,1
66,14793,774,28423,Employed,9119,9,Fair,0.22,1
49,10582,610,34125,Employed,3625,4,Good,0.32,1
53,3855,359,14999,Employed,5200,7,Excellent,0.62,0
49,3455,328,39273,Employed,2736,4,Good,0.28,0
72,4471,830,9942,Self-Employed,8896,9,Good,0.42,1
32,7039,372,16840,Student,14526,4,Good,0.48,0
60,8993,693,4250,Self-Employed,8474,7,Good,0.24,1
52,19556,693,3258,Employed,12021,8,Good,0.43,1
20,4336,780,42870,Self-Employed,3683,1,Excellent,0.08,1
33,6439,772,34351,Unemployed,970,7,Good,0.36,1
22,5144,612,20822,Employed,12264,6,Fair,0.3,0
38,4666,737,15501,Unemployed,488,7,Excellent,0.28,1
27,11011,623,11768,Employed,11298,2,Good,0.2,1
36,1683,386,26728,Employed,7461,3,Fair,0.58,0
42,10975,658,48999,Employed,11045,6,Fair,0.62,1
21,12832,496,19167,Employed,10281,4,Excellent,0.63,1
46,16673,684,21916,Employed,8361,6,Good,0.31,1
36,11488,417,49505,Unemployed,12208,5,Fair,0.22,0
60,6222,797,6117,Employed,7150,3,Good,0.11,1
19,16694,761,41706,Employed,9784,1,Good,0.49,1
27,18666,795,11333,Employed,13155,5,Excellent,0.26,1
60,19391,546,33302,Employed,8757,5,Good,0.23,1
42,15572,533,15922,Employed,9609,5,Good,0.29,1
37,17476,716,40514,Employed,7355,0,Excellent,0.41,1
65,7355,766,19517,Self-Employed,11559,5,Good,0.16,1
36,14794,781,26317,Employed,8576,1,Good,0.67,1
40,13546,664,7120,Employed,14199,9,Excellent,0.53,1
41,2176,452,3477,Self-Employed,10837,4,Good,0.08,0
28,5590,571,22342,Employed,3135,6,Fair,0.25,0
63,13998,691,7137,Employed,4176,9,Excellent,0.08,1
51,14277,846,36644,Student,6923,0,Good,0.2,1
72,9882,729,33810,Student,3256,4,Excellent,0.24,1
45,16506,488,39597,Employed,14796,8,Excellent,0.52,1
22,10534,551,9595,Employed,7512,2,Poor,0.52,0
22,10026,694,26902,Employed,13849,1,Good,0.08,1
68,15430,518,47261,Employed,8429,9,Excellent,0.43,1
38,2610,489,44176,Employed,7463,1,Good,0.67,0
29,18462,533,23730,Employed,11632,2,Excellent,0.46,1
67,17945,531,40617,Self-Employed,6442,0,Fair,0.67,1
21,1886,657,7686,Employed,4832,1,Excellent,0.3,1
71,14406,777,44109,Unemployed,13127,5,Fair,0.35,1
66,3183,728,30113,Employed,10124,7,Excellent,0.37,1
59,16533,536,32926,Employed,11353,3,Good,0.65,0
37,17208,332,16661,Employed,13751,1,Poor,0.3,0
55,7821,512,35654,Student,2576,4,Excellent,0.69,1
42,10178,678,2303,Student,12375,2,Excellent,0.4,1
31,13424,301,18496,Employed,2071,4,Good,0.19,1
28,15065,749,23424,Employed,8523,2,Excellent,0.12,1
49,10232,726,8452,Employed,3129,3,Fair,0.16,1
28,7131,578,27474,Employed,10703,4,Good,0.08,1
35,11752,513,39886,Employed,11241,6,Good,0.5,1
44,13938,584,32873,Employed,4284,1,Fair,0.39,1
72,6669,842,42207,Employed,3535,5,Excellent,0.53,1
71,8287,573,45220,Employed,6365,5,Poor,0.56,0
35,6732,310,15426,Employed,352,5,Good,0.66,0
73,5788,346,34335,Employed,3122,6,Fair,0.13,0
40,8234,814,31541,Employed,5207,2,Excellent,0.17,1
28,18964,737,10380,Unemployed,14557,4,Fair,0.41,1
38,7740,726,35121,Employed,14823,8,Excellent,0.13,1
61,18081,731,12804,Self-Employed,2031,8,Excellent,0.11,1
22,9314,429,48183,Employed,9051,6,Excellent,0.48,1
40,11886,321,26556,Employed,2926,8,Good,0.52,0
58,9351,688,5965,Self-Employed,12454,2,Good,0.6,1
42,3100,434,1168,Employed,5825,6,Good,0.65,0
58,8366,831,45124,Employed,4044,0,Poor,0.34,1
71,5192,519,3671,Employed,12388,6,Excellent,0.69,1
27,1832,632,17762,Unemployed,7881,2,Fair,0.07,1
39,15209,429,30904,Unemployed,7591,2,Good,0.62,1
36,15609,331,2932,Unemployed,4620,6,Good,0.26,1
18,16347,724,15213,Unemployed,1170,7,Excellent,0.65,1
24,16007,597,33961,Employed,12775,3,Good,0.19,1
21,11463,803,25839,Employed,5640,0,Good,0.53,1
18,7606,656,30942,Unemployed,10320,4,Fair,0.33,1
32,8833,754,31325,Self-Employed,10819,9,Poor,0.3,1
57,17558,700,27047,Employed,4917,3,Excellent,0.09,1
29,8155,754,11207,Self-Employed,5245,8,Excellent,0.51,1
39,6808,333,31435,Employed,11825,2,Good,0.16,1
39,2564,547,5616,Employed,9797,3,Good,0.35,0
67,10580,341,38782,Employed,7306,9,Good,0.14,1
64,12615,422,8878,Employed,14262,2,Poor,0.44,0
34,8320,326,15814,Self-Employed,11125,2,Fair,0.2,0
46,10012,761,18684,Unemployed,5801,6,Poor,0.44,0
63,5457,446,36968,Employed,6745,4,Good,0.67,0
31,8508,795,4373,Self-Employed,8263,4,Good,0.65,1
67,17544,785,26149,Employed,2292,3,Good,0.18,1
37,19384,759,43497,Employed,4674,9,Good,0.11,1
67,16187,427,35151,Employed,14977,7,Fair,0.08,0
65,19452,675,16178,Unemployed,9425,0,Fair,0.59,1
50,11211,382,26956,Employed,193,8,Good,0.21,0
72,19749,834,41692,Employed,12825,8,Excellent,0.23,1
60,11097,822,45119,Employed,12619,4,Good,0.2,1
32,16754,402,27099,Employed,11774,0,Good,0.6,0
29,17888,818,5991,Employed,12580,1,Good,0.69,1
57,15869,661,6202,Employed,8921,1,Good,0.54,1
71,9459,555,21316,Employed,8227,5,Excellent,0.59,1
37,19052,546,30695,Employed,13839,9,Fair,0.45,1
47,8108,491,4622,Employed,5197,8,Fair,0.39,0
55,1847,834,42855,Self-Employed,7188,2,Excellent,0.52,1
20,13912,613,2610,Employed,13958,7,Good,0.07,1
45,11505,575,42572,Employed,8436,1,Good,0.09,1
73,8000,672,17988,Unemployed,3466,4,Good,0.5,1
43,4074,743,31326,Employed,11959,3,Good,0.27,1
47,6772,494,1620,Self-Employed,14389,4,Fair,0.37,0
30,18032,557,16335,Employed,5212,3,Excellent,0.56,1
30,10194,659,3602,Employed,8120,0,Good,0.43,1
19,18753,847,27759,Self-Employed,5945,0,Excellent,0.57,1
54,5021,407,21184,Employed,5495,5,Excellent,0.32,0
66,2800,323,40866,Employed,6319,7,Good,0.24,0
55,13725,764,23922,Employed,12477,6,Excellent,0.2,1
19,12981,321,33923,Employed,1781,3,Excellent,0.14,0
53,13545,801,41928,Self-Employed,11046,4,Good,0.07,1
71,5885,800,16398,Employed,14299,7,Poor,0.08,0
43,16255,706,28929,Self-Employed,9407,5,Good,0.23,1
28,4324,629,40449,Employed,615,7,Excellent,0.23,1
25,7464,585,16903,Employed,4163,5,Good,0.3,1
61,18870,446,12309,Employed,14659,7,Good,0.43,1
57,5267,683,36483,Unemployed,5274,3,Excellent,0.54,1
60,15076,310,38107,Employed,8645,9,Excellent,0.18,1
39,13768,575,9070,Self-Employed,14561,1,Excellent,0.54,1
37,19890,602,34217,Employed,11496,2,Good,0.14,1
25,9425,503,30425,Self-Employed,1531,4,Good,0.69,0
46,4607,644,16106,Employed,14439,3,Good,0.24,0
57,10222,565,34837,Employed,4561,4,Poor,0.59,0
43,18807,321,5017,Employed,6571,0,Excellent,0.17,1
47,19780,835,30420,Unemployed,1775,0,Poor,0.67,1
34,9383,395,29167,Employed,7136,1,Good,0.59,1
37,14953,744,36587,Employed,10681,1,Excellent,0.28,1
69,18697,562,14582,Self-Employed,9341,7,Poor,0.32,0
72,9118,682,14867,Employed,3706,9,Good,0.05,1
33,2282,849,19669,Employed,5155,3,Good,0.21,1
63,16142,691,11227,Employed,7405,5,Excellent,0.24,1
60,9289,839,43150,Employed,13553,1,Excellent,0.34,1
24,15502,391,16947,Employed,12420,0,Poor,0.14,0
33,13481,458,12932,Employed,13179,6,Good,0.36,1
62,6507,527,11985,Employed,5346,3,Poor,0.48,0
64,9075,772,7375,Employed,13714,3,Good,0.29,1
73,17684,671,16805,Employed,12683,1,Excellent,0.2,1
65,12794,675,18107,Employed,10329,8,Excellent,0.41,1
44,7137,336,43401,Employed,14590,1,Good,0.07,0
70,14270,336,39041,Employed,82,4,Excellent,0.27,1
40,16042,400,8535,Employed,9715,5,Good,0.39,1
41,12408,842,38588,Self-Employed,6794,2,Excellent,0.27,1
26,18462,489,17470,Self-Employed,11572,2,Fair,0.27,1
52,14199,811,25081,Self-Employed,10771,5,Fair,0.6,1
68,3365,389,7846,Employed,4936,4,Excellent,0.66,0
37,2876,305,48923,Employed,1107,4,Fair,0.59,0
54,15755,438,5149,Employed,2074,4,Fair,0.11,1
59,15147,394,38929,Student,7737,8,Good,0.24,1
34,6908,685,37188,Unemployed,4474,7,Good,0.51,1
64,9663,422,30925,Employed,10116,3,Good,0.68,1
48,7783,584,48797,Employed,14728,5,Fair,0.21,1
72,3476,665,4212,Self-Employed,12504,4,Excellent,0.63,0
74,7943,789,49415,Employed,8572,5,Good,0.53,1
25,14824,624,4922,Unemployed,636,7,Excellent,0.69,1
32,9095,706,31544,Employed,799,5,Good,0.11,1
48,6420,818,33065,Employed,11975,5,Excellent,0.31,1
70,19771,376,48697,Employed,4012,1,Good,0.36,1
47,18875,533,28065,Employed,10747,6,Good,0.49,1
63,6728,783,23694,Employed,282,2,Excellent,0.48,1
37,13248,763,7042,Employed,4309,6,Excellent,0.64,1
56,17215,570,9013,Employed,9371,4,Good,0.6,1
70,15984,766,32285,Employed,2046,3,Fair,0.09,1
72,7950,768,43446,Student,6673,9,Good,0.37,1
29,18967,846,25648,Employed,854,0,Excellent,0.31,1
66,1520,569,4754,Employed,616,7,Excellent,0.7,0
34,16217,677,12187,Employed,3230,1,Fair,0.33,1
59,16080,476,38133,Employed,2088,9,Good,0.49,1
47,11617,573,49775,Unemployed,3873,7,Excellent,0.23,1
46,11164,326,1546,Employed,7672,6,Fair,0.45,0
36,2599,359,37497,Employed,4614,2,Excellent,0.18,0
63,4137,516,41118,Employed,9220,6,Excellent,0.44,1
28,10081,569,47157,Employed,1044,0,Excellent,0.61,1
51,9244,415,48411,Employed,645,4,Excellent,0.06,1
67,8957,544,49455,Employed,940,1,Good,0.38,1
24,12307,384,35736,Employed,12529,1,Good,0.69,1
61,19238,749,31599,Self-Employed,13218,2,Fair,0.15,1
51,7902,835,5516,Self-Employed,14441,6,Good,0.17,1
37,6021,388,2259,Employed,342,1,Good,0.36,0
67,17889,848,47913,Self-Employed,1666,3,Good,0.62,1
55,9882,806,24376,Employed,2464,3,Good,0.42,1
41,14192,707,25140,Employed,37,0,Excellent,0.38,1
27,5853,570,20317,Employed,4431,6,Good,0.11,1
49,16565,823,3509,Employed,14808,3,Poor,0.68,1
69,15925,793,45968,Employed,10352,0,Good,0.28,1
32,14611,747,13264,Self-Employed,250,2,Good,0.21,1
54,9531,842,18946,Employed,5007,7,Excellent,0.32,1
37,17010,649,32635,Employed,11608,3,Fair,0.32,1
20,6583,627,11277,Student,12137,0,Poor,0.35,0
54,10316,585,27365,Employed,7238,6,Fair,0.5,1
74,13817,334,25459,Employed,263,7,Excellent,0.61,1
57,3675,832,4669,Employed,13186,4,Poor,0.09,0
25,12841,787,31564,Employed,12868,8,Excellent,0.37,1
57,19079,786,19865,Employed,6527,6,Good,0.32,1
61,3569,444,45390,Employed,5886,3,Good,0.06,0
73,4858,823,17588,Employed,9606,8,Fair,0.58,1
40,10308,445,16040,Employed,5105,5,Fair,0.12,0
57,5744,802,18125,Employed,1621,7,Fair,0.12,1
28,3311,826,31759,Student,1753,1,Fair,0.08,1
63,18055,571,44848,Employed,8753,4,Good,0.18,1
25,18509,833,29070,Unemployed,14808,2,Fair,0.16,1
46,7406,394,8049,Self-Employed,3582,4,Excellent,0.28,1
47,9483,746,16516,Employed,1157,7,Good,0.48,1
73,5563,714,38031,Unemployed,5508,5,Excellent,0.09,1
27,11946,556,5737,Employed,9957,0,Poor,0.61,0
56,10144,561,17027,Unemployed,4156,6,Poor,0.26,0
45,11110,386,40598,Employed,3835,9,Excellent,0.44,1
66,9642,735,11015,Employed,5861,0,Good,0.06,1
53,2253,407,37965,Employed,11733,0,Good,0.29,0
30,13064,318,16095,Employed,13662,3,Good,0.05,1
49,8351,664,16053,Employed,11321,8,Good,0.16,1
53,6604,678,23872,Employed,11448,7,Excellent,0.34,1
54,16690,459,32519,Unemployed,3103,9,Excellent,0.4,1
43,14921,399,45471,Employed,4752,2,Good,0.15,1
39,12702,564,44166,Self-Employed,14265,5,Excellent,0.53,1
21,12603,348,24063,Employed,12456,0,Good,0.17,1
48,10917,714,7306,Employed,1045,9,Good,0.13,1
35,9859,358,13573,Self-Employed,8015,0,Fair,0.27,1
55,5185,482,18248,Employed,2857,5,Good,0.41,0
41,11369,746,42014,Employed,1102,4,Fair,0.69,1
73,19866,600,27656,Self-Employed,7303,5,Excellent,0.32,1
40,6444,653,17941,Employed,6445,8,Excellent,0.33,1
39,16910,512,14018,Employed,10927,4,Poor,0.09,0
19,16971,488,14088,Unemployed,6002,1,Good,0.55,1
48,11178,646,21675,Student,8578,0,Good,0.17,1
72,10133,436,17124,Self-Employed,1612,1,Fair,0.53,0
28,9962,329,17831,Self-Employed,1565,7,Excellent,0.64,0
45,15388,445,35589,Employed,3355,0,Good,0.55,1
63,18227,767,4819,Employed,10568,5,Excellent,0.47,1
49,17703,802,31286,Student,2507,4,Good,0.44,1
22,4581,490,12164,Employed,2200,9,Excellent,0.34,1
55,10949,770,33701,Employed,4004,8,Excellent,0.14,1
27,17157,644,17475,Employed,10964,3,Good,0.56,1
57,3791,300,43211,Unemployed,5810,4,Fair,0.36,0
63,3032,409,20305,Employed,8998,4,Poor,0.46,0
41,5862,363,12498,Employed,14822,1,Good,0.29,0
52,19537,352,33869,Employed,14930,1,Good,0.18,1
61,17515,561,37603,Self-Employed,3783,8,Fair,0.57,1
65,6488,828,5235,Self-Employed,11221,2,Good,0.27,1
40,7844,601,46890,Employed,640,5,Good,0.61,1
34,9930,533,13015,Employed,5925,3,Excellent,0.68,1
18,17193,372,15601,Unemployed,4086,3,Fair,0.59,0
72,10606,656,8509,Student,11187,4,Good,0.13,1
48,2938,783,40484,Employed,10430,4,Poor,0.61,0
48,16319,305,17918,Self-Employed,2099,6,Fair,0.39,0
59,11152,436,41975,Student,10834,6,Good,0.21,1
74,7889,703,42520,Employed,10580,0,Fair,0.11,1
72,4579,505,36693,Employed,7867,5,Good,0.23,0
59,7795,709,27959,Student,14860,3,Excellent,0.14,1
70,15203,335,1909,Employed,7898,1,Good,0.07,1
73,10058,529,10605,Employed,12304,5,Fair,0.69,0
51,5241,526,15505,Self-Employed,12277,6,Fair,0.59,0
26,15381,561,38776,Employed,8433,1,Good,0.53,1
39,17969,430,1118,Employed,5789,1,Good,0.18,1
30,16914,747,29638,Self-Employed,3749,9,Excellent,0.07,1
42,15829,485,4113,Employed,4746,6,Good,0.37,1
65,17882,485,45020,Employed,9626,8,Poor,0.53,0
35,9823,573,39921,Employed,12581,2,Fair,0.68,0
68,9088,651,15765,Employed,7195,2,Fair,0.6,1
29,2403,712,18875,Self-Employed,1433,7,Fair,0.63,0
57,13148,450,19480,Unemployed,6502,1,Good,0.21,1
34,11455,683,8944,Employed,12960,8,Good,0.15,1
32,4304,335,36022,Employed,9631,6,Good,0.21,0
59,19110,625,49806,Unemployed,4277,7,Good,0.14,1
32,2784,764,26089,Employed,11160,8,Fair,0.57,1
32,2189,765,49707,Employed,4887,2,Good,0.64,1
72,6282,394,33563,Unemployed,8103,5,Fair,0.25,0
56,6007,433,2233,Employed,12954,7,Fair,0.62,0
30,3496,461,22642,Employed,5933,0,Fair,0.09,0
34,18313,599,29708,Unemployed,13013,5,Excellent,0.49,1
49,10131,655,31937,Student,7507,2,Excellent,0.39,1
26,6007,539,39399,Employed,4448,7,Good,0.23,1
57,2027,466,48283,Unemployed,12356,8,Fair,0.55,0
37,4496,439,1129,Employed,8668,4,Fair,0.19,0
43,4967,438,37484,Employed,12612,1,Excellent,0.32,0
44,19245,534,19155,Unemployed,11757,6,Good,0.51,1
38,16272,302,21838,Employed,9510,5,Fair,0.27,0
35,2203,555,24154,Employed,5328,5,Excellent,0.61,1
30,2162,670,45035,Employed,13468,0,Poor,0.61,0
33,10614,577,31294,Employed,5194,0,Good,0.18,1
26,7756,815,6273,Employed,14165,5,Poor,0.34,0
29,9867,511,9697,Unemployed,14622,5,Good,0.33,1
61,14960,515,6628,Employed,5350,3,Good,0.32,1
55,6797,569,38681,Employed,5696,7,Good,0.38,1
36,10073,775,46849,Employed,12370,8,Fair,0.1,1
24,17082,827,26414,Employed,3657,5,Good,0.62,1
74,6878,363,45831,Employed,9480,9,Good,0.24,0
52,15000,759,5718,Employed,268,7,Good,0.05,1
65,1805,315,20060,Employed,2935,7,Poor,0.5,0
35,6197,318,1096,Employed,12588,1,Excellent,0.47,0
33,8722,624,19347,Self-Employed,9213,3,Good,0.69,1
72,9433,392,39169,Employed,89,0,Excellent,0.52,0
56,19349,316,31396,Employed,1925,0,Good,0.27,1
21,12963,787,12058,Employed,12647,5,Good,0.67,1
42,1902,393,13218,Employed,13611,6,Excellent,0.29,0
49,14401,309,17982,Employed,11265,4,Fair,0.58,0
57,8440,827,33281,Employed,13724,7,Good,0.27,1
30,17522,788,4963,Employed,3247,8,Good,0.08,1
62,9595,443,26004,Employed,1148,3,Good,0.53,1
34,12342,814,47622,Employed,13014,0,Good,0.28,1
66,6044,769,24677,Employed,9794,5,Excellent,0.27,1
54,7574,676,45741,Employed,5297,0,Fair,0.52,1
23,8350,793,2324,Self-Employed,9994,1,Good,0.26,1
36,2250,783,28166,Student,8196,3,Fair,0.13,1
30,3117,751,44374,Self-Employed,5932,3,Excellent,0.31,1
74,4030,835,47908,Employed,14025,5,Good,0.59,1
43,4833,374,25495,Employed,10356,7,Poor,0.13,0
31,8734,339,38932,Employed,3061,2,Good,0.41,0
48,2011,601,27092,Employed,430,5,Excellent,0.14,1
71,16046,361,2339,Employed,8581,2,Excellent,0.08,1
21,6582,802,49316,Employed,8015,1,Fair,0.3,1
56,18136,544,13286,Employed,11742,3,Excellent,0.48,1
25,10320,317,30235,Employed,3542,3,Poor,0.23,0
42,4976,697,12595,Employed,1373,1,Excellent,0.34,1
30,10678,488,26552,Employed,4839,2,Good,0.37,1
49,3225,403,14629,Employed,4179,8,Good,0.6,0
55,19977,643,47489,Employed,10840,9,Excellent,0.58,1
55,15265,670,40234,Employed,11490,8,Good,0.05,1
73,3201,332,30925,Employed,452,9,Good,0.32,0
45,9996,673,39231,Employed,13422,6,Fair,0.48,1
70,13770,477,39258,Employed,8514,1,Good,0.6,1
47,11972,311,13843,Employed,4014,4,Fair,0.08,0
20,4307,755,33035,Employed,6049,7,Fair,0.46,1
45,17154,548,24988,Self-Employed,5658,0,Excellent,0.6,1
20,12578,747,33683,Student,10180,0,Good,0.22,1
62,9072,303,33986,Unemployed,9320,5,Excellent,0.18,1
71,18908,535,34301,Employed,9301,6,Excellent,0.35,1
51,10198,472,15977,Employed,2550,6,Fair,0.68,0
33,6356,621,48622,Employed,8697,2,Good,0.5,1
39,8224,670,8951,Student,7028,9,Good,0.33,1
49,10745,847,27071,Self-Employed,9371,3,Fair,0.06,1
55,12366,595,10565,Self-Employed,14022,8,Excellent,0.41,1
25,11596,699,29715,Employed,495,9,Good,0.28,1
72,6087,357,38109,Employed,5036,3,Good,0.17,0
25,6422,829,38850,Employed,7137,4,Excellent,0.38,1
74,6546,847,47664,Unemployed,385,5,Fair,0.27,1
23,8703,707,12334,Employed,13960,6,Good,0.08,1
31,16903,812,49836,Employed,11726,4,Good,0.52,1
49,11328,363,27300,Employed,3614,6,Poor,0.53,0
52,17297,719,20369,Self-Employed,4771,1,Good,0.45,1
27,1538,445,39362,Employed,7280,6,Excellent,0.6,1
20,7765,571,25401,Self-Employed,1896,4,Excellent,0.18,1
29,8098,316,45614,Employed,12046,9,Excellent,0.24,1
66,3915,397,49350,Employed,7008,4,Fair,0.35,0
48,18642,751,21639,Employed,3517,5,Excellent,0.09,1
46,18648,542,18388,Unemployed,10526,8,Excellent,0.62,1
22,15806,778,19506,Self-Employed,13210,3,Fair,0.37,1
69,16077,500,13766,Employed,14081,4,Good,0.26,1
42,13385,772,7696,Employed,12488,4,Good,0.36,1
58,12877,478,4981,Employed,810,2,Good,0.26,1
48,12558,807,17855,Employed,882,2,Good,0.24,1
38,8943,752,20789,Employed,9594,0,Good,0.34,1
37,19201,569,1308,Employed,14848,3,Good,0.36,1
56,18584,533,41463,Employed,3794,8,Fair,0.33,1
39,5883,785,28510,Employed,9480,1,Excellent,0.41,1
21,3093,637,30372,Self-Employed,5307,9,Excellent,0.56,0
30,16258,747,8707,Unemployed,9089,3,Good,0.09,1
62,8526,656,16522,Employed,10596,8,Excellent,0.58,1
59,4112,348,36815,Employed,8121,8,Fair,0.2,0
67,12829,795,27497,Unemployed,9408,7,Good,0.21,1
66,3408,645,31524,Employed,5229,1,Excellent,0.44,1
37,8454,592,44959,Employed,2955,2,Good,0.68,1
69,16685,449,35785,Self-Employed,12214,5,Excellent,0.06,1
30,19674,844,14366,Unemployed,2953,1,Excellent,0.49,1
34,16996,559,38649,Self-Employed,3570,2,Good,0.5,1
71,4428,621,35246,Employed,5742,0,Fair,0.42,0
53,10780,376,27928,Employed,5184,3,Good,0.06,0
50,9181,409,21581,Employed,1088,5,Good,0.44,1
18,5627,846,25105,Employed,316,0,Fair,0.12,1
32,6463,722,38638,Employed,12010,0,Excellent,0.1,1
30,13261,693,20843,Employed,6238,7,Good,0.5,1
34,15054,534,45714,Employed,12746,6,Good,0.51,1
41,10857,629,43191,Employed,14020,6,Good,0.63,1
25,19909,624,6434,Unemployed,7970,6,Excellent,0.05,1
67,2487,450,34339,Employed,394,4,Good,0.3,1
44,3465,845,20973,Employed,5315,3,Good,0.06,1
62,8816,331,42107,Employed,9765,6,Good,0.29,1
40,15546,571,12635,Employed,12145,2,Good,0.37,1
63,2368,667,1596,Employed,1062,8,Good,0.39,1
25,19947,791,22457,Unemployed,10388,1,Good,0.28,1
25,19013,615,33415,Employed,2423,0,Excellent,0.52,1
43,5878,667,29321,Employed,10605,7,Excellent,0.32,1
64,16963,379,15834,Employed,14043,5,Fair,0.39,0
30,19818,471,38018,Employed,4551,3,Good,0.57,0
56,14746,557,21709,Employed,4371,9,Fair,0.16,1
54,2576,578,4371,Self-Employed,5674,8,Poor,0.26,0
66,19523,803,1157,Unemployed,3581,4,Fair,0.39,1
45,16669,790,17032,Self-Employed,13549,0,Good,0.55,1
42,7885,636,4318,Employed,6548,0,Good,0.33,1
33,9722,820,14462,Self-Employed,4258,6,Excellent,0.1,1
72,18587,625,46010,Employed,9834,0,Poor,0.69,1
19,6980,471,40989,Self-Employed,4895,5,Good,0.51,1
71,9277,383,9957,Employed,6947,6,Excellent,0.52,1
35,6862,823,12843,Self-Employed,7784,9,Excellent,0.35,1
34,2450,780,3612,Employed,7236,4,Fair,0.41,1
47,9750,843,21946,Self-Employed,5228,2,Excellent,0.7,1
56,4318,717,13020,Employed,12467,2,Excellent,0.44,1
30,5100,638,13773,Employed,14467,1,Good,0.19,0
49,12841,619,31247,Employed,1542,0,Fair,0.68,0
67,16553,603,1443,Employed,2899,7,Good,0.4,1
46,15833,571,39741,Employed,10226,8,Fair,0.06,1
63,7755,413,18288,Employed,1478,1,Fair,0.42,0
47,12407,706,3910,Employed,9203,3,Fair,0.1,1
35,17507,325,45169,Employed,9623,2,Good,0.39,0
30,15741,536,35569,Employed,13972,3,Good,0.59,1
60,13590,609,18309,Employed,11448,3,Excellent,0.4,1
38,13805,532,12913,Employed,8648,7,Excellent,0.29,1
47,19062,848,15265,Employed,5010,2,Good,0.62,1
38,14565,564,29963,Employed,11256,2,Excellent,0.65,1
65,14147,312,30905,Unemployed,4051,5,Good,0.28,1
72,10023,795,25235,Unemployed,3576,2,Excellent,0.37,1
34,7537,615,49824,Self-Employed,7835,4,Excellent,0.69,1
57,2027,683,10426,Employed,8095,3,Fair,0.17,1
36,19943,615,3922,Self-Employed,6653,3,Good,0.24,1
69,10790,555,41323,Employed,2292,1,Good,0.33,0
32,1711,740,31091,Employed,4879,8,Good,0.12,1
26,19598,414,28771,Unemployed,7205,4,Good,0.23,1
69,12022,598,10776,Student,1138,4,Good,0.4,1
27,16615,423,1919,Self-Employed,2545,6,Good,0.2,1
61,6649,555,38772,Employed,9552,2,Good,0.5,1
48,10724,346,21954,Employed,14794,5,Excellent,0.28,1
70,19216,762,21837,Employed,3190,0,Excellent,0.11,1
40,15121,649,10958,Employed,14979,4,Good,0.55,1
69,8320,422,6575,Self-Employed,8247,4,Good,0.42,1
47,16261,330,8945,Employed,4519,8,Fair,0.59,0
50,11532,354,47962,Employed,11383,4,Fair,0.28,0
74,15502,452,11863,Employed,12337,7,Good,0.06,1
69,11830,755,16857,Employed,11628,2,Good,0.08,1
26,14243,585,33309,Student,14708,5,Poor,0.57,0
71,18327,335,23954,Employed,10151,1,Fair,0.32,0
64,18810,555,34368,Employed,13673,8,Excellent,0.68,1
18,18506,477,28742,Employed,10321,5,Excellent,0.59,1
61,11171,847,13134,Employed,4977,4,Excellent,0.06,1
52,13077,553,49058,Self-Employed,6704,8,Good,0.62,1
28,18117,807,12580,Employed,6191,0,Good,0.19,1
51,11722,320,21966,Employed,5765,2,Good,0.37,0
33,1886,374,17037,Employed,8429,1,Fair,0.38,0
26,3134,759,3786,Unemployed,3039,8,Fair,0.09,1
49,9610,477,20079,Employed,8580,5,Good,0.13,1
32,5633,681,16231,Self-Employed,11598,5,Excellent,0.32,1
29,10876,336,12840,Employed,8876,4,Fair,0.47,0
50,7081,419,3052,Self-Employed,3983,3,Good,0.22,1
62,3467,300,34399,Employed,186,3,Fair,0.39,0
31,7267,610,4442,Employed,10935,1,Excellent,0.3,1
74,10253,507,2754,Employed,3428,6,Poor,0.46,0
74,19883,453,44993,Employed,10602,5,Good,0.33,1
25,6401,614,10770,Employed,7758,2,Excellent,0.6,1
25,11621,606,14499,Employed,11426,6,Good,0.69,1
44,16133,803,1025,Employed,14343,8,Fair,0.64,1
29,12207,819,25330,Employed,6754,9,Good,0.16,1
18,19561,396,11401,Employed,3388,0,Excellent,0.35,1
60,13833,789,41065,Self-Employed,14362,9,Good,0.35,1
57,13438,306,48636,Employed,5069,7,Fair,0.6,0
59,13048,311,7553,Unemployed,2934,1,Excellent,0.28,1
68,16615,813,6759,Employed,13270,0,Excellent,0.41,1
28,11343,648,8755,Employed,4371,8,Excellent,0.45,1
56,5677,306,14384,Employed,13112,1,Excellent,0.12,0
60,8711,799,30928,Employed,6934,6,Excellent,0.41,1
48,9373,774,28478,Employed,5987,6,Good,0.21,1
34,5341,823,34897,Self-Employed,6859,0,Good,0.18,1
50,7916,356,38764,Employed,3969,9,Fair,0.21,0
49,12133,532,46064,Unemployed,12186,0,Good,0.11,1
46,6385,329,33374,Employed,12764,6,Excellent,0.1,0
38,2094,666,21529,Employed,11441,5,Fair,0.47,0
38,15893,355,39409,Unemployed,2751,3,Good,0.66,0
57,4112,309,33368,Self-Employed,8173,2,Fair,0.5,0
40,13788,446,47669,Employed,1575,4,Good,0.25,1
73,19380,663,15371,Employed,6503,4,Excellent,0.27,1
23,6361,552,8369,Employed,1259,2,Good,0.4,1
39,6266,552,4895,Employed,1056,5,Excellent,0.61,1
67,4858,742,15453,Employed,5660,2,Poor,0.18,0
55,16346,639,5797,Student,8736,3,Fair,0.35,1
54,2414,815,46809,Employed,6243,2,Fair,0.37,0
62,19728,652,2828,Employed,6800,5,Good,0.66,1
68,3495,622,10727,Employed,329,8,Excellent,0.4,1
71,1594,439,13517,Employed,13376,2,Good,0.56,0
25,10184,744,17943,Self-Employed,2169,0,Good,0.11,1
58,16600,394,43838,Employed,9770,6,Excellent,0.26,1
66,1649,719,27831,Employed,3006,4,Good,0.45,1
52,18930,813,43044,Employed,14196,3,Fair,0.49,1
68,4303,449,25814,Employed,5840,2,Excellent,0.63,0
28,15966,650,9050,Employed,7145,6,Excellent,0.43,1
41,8776,415,10663,Unemployed,2523,1,Fair,0.24,0
66,2051,536,7900,Employed,10981,3,Excellent,0.4,1
38,16980,569,39355,Unemployed,4222,1,Excellent,0.51,1
68,9986,590,22796,Employed,2915,9,Good,0.56,1
19,19027,733,16784,Unemployed,13497,7,Good,0.66,1
57,18339,308,38380,Employed,9964,2,Poor,0.17,0
36,11245,774,4683,Employed,10330,4,Good,0.48,1
56,9860,821,9396,Employed,5674,3,Poor,0.18,1
45,14497,836,8347,Employed,1956,4,Good,0.26,1
34,19830,310,20984,Employed,6189,3,Good,0.14,1
23,8810,626,44097,Self-Employed,2072,7,Excellent,0.55,1
36,7317,575,24027,Employed,14177,5,Good,0.64,1
73,12068,669,18597,Employed,10588,0,Fair,0.07,1
55,9570,789,15072,Employed,13922,4,Good,0.58,1
45,2820,644,13026,Employed,11007,0,Excellent,0.21,1
19,7653,667,36859,Student,872,2,Good,0.37,1
55,8089,610,47813,Employed,7497,5,Good,0.54,1
72,17089,784,41966,Employed,6004,8,Excellent,0.38,1
54,5107,314,32041,Employed,6437,2,Poor,0.2,0
68,11817,303,31987,Employed,12533,3,Good,0.64,0
69,11932,675,4498,Employed,7333,9,Good,0.44,1
21,1900,668,33256,Employed,8448,0,Poor,0.66,0
39,18246,764,15905,Self-Employed,4917,9,Excellent,0.6,1
43,5351,832,39274,Unemployed,4032,1,Fair,0.62,1
66,11998,436,25839,Unemployed,14687,6,Excellent,0.29,1
60,1584,662,3137,Unemployed,13077,7,Excellent,0.69,1
53,3324,515,16946,Employed,3260,0,Good,0.6,0
30,13577,667,25508,Employed,7166,8,Good,0.27,1
69,17430,416,16620,Employed,8885,5,Good,0.63,1
49,14049,478,15823,Employed,7442,0,Excellent,0.54,1
34,11613,545,37633,Employed,13026,3,Excellent,0.52,1
58,16632,427,6460,Employed,4037,3,Good,0.05,1
53,10322,657,38264,Employed,7201,6,Fair,0.06,0
72,8918,377,40666,Employed,13006,0,Good,0.5,0
63,3871,592,36314,Employed,555,9,Excellent,0.23,1
36,8568,381,38697,Employed,12148,8,Good,0.09,0
52,13359,641,13722,Self-Employed,5609,0,Good,0.24,1
63,8964,637,25694,Unemployed,6642,9,Excellent,0.59,1
57,18610,395,8214,Employed,13556,2,Good,0.36,1
73,15048,444,32911,Self-Employed,9469,0,Good,0.45,1
45,8621,820,14310,Employed,5228,0,Good,0.57,1
18,11340,696,36163,Employed,14658,3,Good,0.26,1
59,5812,656,25055,Employed,12401,1,Good,0.06,1
35,9500,485,15874,Employed,9139,8,Poor,0.26,0
65,10961,842,28943,Employed,4580,0,Good,0.67,1
57,1818,450,32917,Employed,4373,2,Good,0.36,0
50,16829,618,2702,Self-Employed,14060,1,Excellent,0.42,1
29,17291,358,21058,Student,13340,0,Good,0.54,0
25,15872,309,42262,Employed,397,8,Excellent,0.12,1
41,17435,423,15537,Employed,221,4,Excellent,0.53,1
33,17201,655,13259,Employed,2365,5,Excellent,0.24,1
67,12750,645,16892,Self-Employed,14606,7,Good,0.3,1
21,3102,536,21635,Employed,1777,6,Good,0.23,1
55,10547,632,29544,Employed,4060,6,Fair,0.15,1
61,16734,316,1013,Unemployed,14733,8,Good,0.28,1
44,9032,723,45488,Employed,3954,2,Good,0.11,1
26,8866,623,43156,Employed,11714,9,Excellent,0.6,1
64,4148,322,38308,Student,5728,7,Fair,0.25,0
33,8403,758,9090,Employed,12630,5,Excellent,0.47,1
73,19742,759,3169,Employed,14716,7,Good,0.24,1
29,18986,820,45528,Employed,774,3,Excellent,0.19,1
48,15288,720,11423,Employed,339,0,Fair,0.51,1
41,3981,702,43803,Student,6,2,Good,0.46,0
72,3320,630,29452,Employed,1296,9,Fair,0.19,0
31,11771,756,9017,Self-Employed,287,2,Excellent,0.45,1
62,5184,782,44678,Employed,892,0,Good,0.05,1
42,5151,797,33948,Employed,6990,4,Good,0.16,1
51,11931,326,26993,Employed,8908,5,Excellent,0.52,0
20,11631,696,37232,Unemployed,4279,8,Good,0.32,1
41,6330,487,12611,Employed,1853,7,Excellent,0.18,1
71,8834,439,33219,Employed,569,3,Good,0.38,0
59,16119,820,31860,Employed,4718,5,Excellent,0.35,1
26,10804,391,22063,Self-Employed,14521,2,Excellent,0.46,1
43,16379,376,48574,Unemployed,8834,0,Excellent,0.1,1
37,18532,543,15065,Employed,3672,8,Good,0.58,1
57,16085,387,25324,Employed,12272,7,Excellent,0.09,1
27,1516,593,2286,Employed,14815,5,Fair,0.35,0
36,9808,394,35958,Employed,6991,2,Excellent,0.51,1
20,7976,552,42666,Employed,6773,4,Excellent,0.27,1
41,7442,698,45177,Employed,11520,8,Good,0.64,1
22,19429,353,25869,Self-Employed,2551,6,Poor,0.54,0
20,4193,542,6628,Employed,109,1,Fair,0.33,0
44,17062,409,30093,Employed,3650,5,Excellent,0.17,1
33,7759,520,47650,Unemployed,3219,8,Excellent,0.08,1
66,17079,461,1660,Student,731,9,Good,0.57,1
32,10968,334,49016,Employed,12501,0,Excellent,0.18,1
52,6442,336,20562,Employed,11235,4,Good,0.23,0
29,16151,669,4389,Employed,5693,8,Good,0.06,1
58,5288,476,44066,Employed,8759,2,Good,0.06,1
70,1871,820,36831,Employed,11240,2,Poor,0.2,0
61,8620,574,36608,Student,5556,9,Excellent,0.62,1
43,7202,404,11770,Employed,7104,8,Good,0.56,0
64,9847,455,27627,Self-Employed,11063,2,Good,0.55,1
51,4161,635,7146,Employed,9549,8,Good,0.59,1
40,8151,325,23945,Employed,13740,9,Good,0.17,1
48,6378,595,44913,Employed,13134,2,Poor,0.69,0
67,14591,836,25944,Unemployed,7263,7,Fair,0.2,1
37,5815,654,18280,Employed,14993,9,Good,0.15,1
29,11465,368,24251,Employed,1071,8,Good,0.24,1
40,9808,626,30235,Employed,7973,2,Good,0.39,1
21,7974,450,32896,Employed,7445,0,Fair,0.13,0
40,2874,619,40113,Employed,5071,8,Excellent,0.53,1
65,12895,751,14322,Employed,7370,6,Good,0.29,1
72,8893,411,8747,Employed,2246,5,Good,0.42,1
65,5903,761,33212,Employed,10747,3,Good,0.53,1
18,5046,661,45088,Employed,10568,4,Excellent,0.64,1
71,5477,502,36903,Student,1920,6,Good,0.58,1
42,10888,786,3277,Employed,14249,8,Good,0.4,1
19,10488,779,41970,Unemployed,6012,5,Excellent,0.69,1
47,5392,303,2656,Employed,8315,3,Good,0.39,0
20,15508,428,43207,Employed,6343,3,Good,0.4,1
38,4749,325,47816,Employed,74,9,Poor,0.15,0
42,1611,326,33403,Employed,1988,2,Excellent,0.15,0
37,18566,341,35531,Employed,8348,1,Excellent,0.16,1
66,19045,363,16413,Employed,13445,3,Excellent,0.43,1
69,8900,324,41633,Employed,14647,5,Poor,0.32,0
39,3879,371,7910,Employed,7287,0,Fair,0.3,0
38,14680,781,36385,Employed,3083,1,Good,0.13,1
50,9852,567,48508,Employed,3818,7,Excellent,0.3,1
69,19309,394,36522,Employed,12230,2,Good,0.3,1
55,9969,694,26504,Employed,3691,0,Fair,0.45,1
32,11248,663,9101,Employed,12171,1,Fair,0.3,0
63,11607,614,9067,Employed,13856,2,Good,0.32,1
69,14442,416,29235,Employed,5239,1,Poor,0.23,0
32,18186,463,6208,Employed,8274,3,Excellent,0.14,1
63,6033,605,47945,Employed,12980,3,Good,0.25,1
42,5781,499,15928,Employed,13539,9,Fair,0.08,1
38,6268,479,11425,Employed,3065,1,Good,0.18,0
41,18884,657,29485,Self-Employed,7954,0,Fair,0.26,1
74,13698,551,33523,Employed,2233,2,Poor,0.14,0
22,19602,598,14182,Employed,14164,3,Good,0.48,1
23,8669,729,7222,Employed,9976,5,Excellent,0.23,1
66,8861,303,15480,Student,2090,4,Good,0.45,0
60,5330,553,46057,Unemployed,5628,1,Good,0.47,1
65,4382,395,36331,Employed,4168,3,Fair,0.34,0
61,2498,466,36571,Employed,4012,5,Good,0.34,0
64,17442,630,39977,Employed,1877,3,Fair,0.43,1
40,18168,361,36061,Employed,7186,6,Poor,0.22,0
21,17746,473,19009,Employed,6308,5,Fair,0.06,1
44,4565,552,16789,Employed,2314,5,Fair,0.47,0
35,11967,760,34339,Employed,9655,9,Good,0.45,1
38,19378,514,41167,Self-Employed,5247,1,Good,0.36,1
45,13576,538,30107,Unemployed,3992,6,Poor,0.62,0
52,4043,714,27287,Employed,2914,8,Good,0.38,1
39,11533,425,16014,Self-Employed,11716,5,Fair,0.25,1
57,2901,552,9574,Employed,11564,7,Good,0.51,1
40,18329,496,39597,Employed,9533,5,Good,0.68,1
20,6022,712,18467,Employed,3934,5,Good,0.53,1
57,4051,755,44477,Unemployed,2701,3,Fair,0.64,1
67,6316,353,22914,Employed,4044,5,Good,0.12,1
27,9199,638,13361,Self-Employed,33,9,Good,0.13,1
42,4129,658,20881,Employed,2145,3,Excellent,0.15,1
69,9187,450,22880,Self-Employed,13521,9,Good,0.51,0
66,11656,399,28251,Self-Employed,6459,5,Excellent,0.3,1
25,18941,533,45016,Self-Employed,7487,0,Good,0.36,1
72,8334,843,41561,Student,12997,6,Fair,0.22,1
28,19679,361,27889,Employed,9471,1,Poor,0.53,0
22,6349,495,36365,Employed,5673,5,Good,0.6,1
62,17282,841,26979,Employed,404,8,Excellent,0.15,1
70,17327,405,49741,Employed,4711,9,Good,0.18,1
72,10931,594,14360,Self-Employed,1924,2,Good,0.27,1
54,5650,750,33602,Employed,10049,3,Good,0.23,1
73,12789,833,2403,Self-Employed,7621,4,Excellent,0.4,1
62,10996,455,37088,Self-Employed,881,7,Excellent,0.54,1
55,7970,705,41007,Employed,13500,9,Good,0.57,1
46,14757,674,15782,Employed,6023,5,Excellent,0.19,1
22,5212,754,40417,Employed,11073,7,Excellent,0.16,1
26,14221,501,15020,Self-Employed,2902,2,Fair,0.29,0
65,13995,751,8420,Employed,9789,2,Fair,0.15,1
19,13920,486,24523,Employed,10131,8,Excellent,0.11,1
18,6815,667,34637,Employed,1245,5,Good,0.21,1
57,6881,639,40210,Employed,8631,7,Good,0.31,1
68,10997,561,32453,Employed,12819,3,Excellent,0.43,1
47,14994,842,10275,Unemployed,13591,4,Good,0.52,1
28,18450,605,31052,Employed,11016,8,Good,0.19,1
45,17252,464,32061,Employed,5367,6,Good,0.58,1
61,6122,387,34741,Employed,115,4,Excellent,0.07,1
29,5632,499,32613,Employed,4500,6,Good,0.34,0
56,10330,570,26801,Employed,14309,8,Fair,0.46,1
43,8495,350,43762,Employed,9470,2,Fair,0.24,0
30,4170,788,49162,Employed,296,2,Poor,0.49,0
25,10864,497,47846,Employed,7692,3,Good,0.61,1
71,19566,322,31230,Employed,2948,9,Good,0.11,0
45,11541,522,33199,Employed,8127,6,Excellent,0.38,1
47,10554,520,18572,Employed,2605,4,Good,0.06,1
26,13137,565,6147,Unemployed,6477,4,Poor,0.23,0
56,12257,372,4443,Employed,7921,3,Excellent,0.14,1
48,9990,376,45894,Employed,1094,7,Good,0.46,0
38,13829,843,29985,Unemployed,13253,2,Excellent,0.21,1
73,2270,734,6684,Employed,14394,1,Fair,0.23,0
64,5354,364,14595,Employed,13003,3,Good,0.18,0
51,4618,656,2321,Employed,5101,7,Fair,0.21,1
72,11401,317,15810,Employed,1074,3,Excellent,0.2,1
48,18874,735,7740,Employed,15,7,Poor,0.5,1
69,18594,740,33712,Self-Employed,1527,4,Excellent,0.67,1
42,15022,308,6468,Employed,8242,8,Excellent,0.37,1
29,1538,769,14518,Employed,3199,1,Excellent,0.44,1
18,19159,647,13704,Employed,11433,7,Excellent,0.58,1
72,17502,671,1438,Self-Employed,14090,6,Excellent,0.36,1
39,6357,474,1164,Employed,9795,1,Good,0.25,1
57,17812,814,6678,Student,7800,4,Fair,0.67,1
54,2936,429,37105,Employed,11228,5,Fair,0.64,0
64,19983,592,37118,Employed,13491,8,Good,0.19,1
18,9193,652,18371,Employed,10977,7,Excellent,0.51,1
18,14718,523,36297,Self-Employed,1992,6,Excellent,0.47,1
74,5751,823,21996,Employed,2953,0,Good,0.47,1
59,10805,808,29753,Self-Employed,6471,9,Fair,0.59,1
71,12090,667,46174,Employed,5822,2,Good,0.49,1
59,9162,799,21229,Unemployed,931,0,Good,0.39,1
38,4623,389,6756,Self-Employed,2015,9,Excellent,0.6,0
32,18537,371,41873,Employed,6444,5,Good,0.22,1
34,5658,732,25603,Unemployed,7418,2,Good,0.49,1
39,10200,647,43984,Unemployed,12805,1,Good,0.51,1
55,12031,562,24308,Employed,6405,9,Excellent,0.62,1
52,11379,570,38361,Unemployed,2138,1,Excellent,0.7,1
62,7043,808,32256,Employed,4289,7,Poor,0.41,1
33,15480,807,33961,Self-Employed,3400,0,Good,0.36,1
25,16656,719,26167,Employed,9279,8,Fair,0.44,1
64,11080,371,27433,Employed,13605,6,Good,0.48,0
34,5411,373,30731,Self-Employed,12228,0,Good,0.51,0
34,15082,802,7401,Employed,8417,4,Good,0.23,1
71,12620,445,35505,Employed,8636,4,Excellent,0.37,1
43,6735,345,19445,Employed,10573,1,Good,0.29,0
30,6299,404,10882,Unemployed,12233,0,Good,0.08,0
34,15725,408,49014,Employed,11326,6,Good,0.45,1
55,18209,616,7283,Employed,1902,8,Excellent,0.62,1
34,5266,420,26970,Employed,12784,7,Good,0.65,0
65,5611,798,12360,Employed,11846,6,Good,0.39,1
31,8515,342,33235,Employed,3603,3,Excellent,0.55,0
62,8356,398,16859,Employed,9674,9,Fair,0.51,0
23,17990,610,8599,Employed,5452,6,Fair,0.2,0
52,3926,513,11428,Student,8436,7,Fair,0.09,0
63,15997,762,48185,Unemployed,10303,8,Good,0.54,1
31,12836,722,4883,Unemployed,4048,8,Excellent,0.23,1
64,6816,688,20635,Self-Employed,804,4,Fair,0.41,1
25,6862,411,38821,Employed,8043,4,Excellent,0.39,0
32,6193,571,49001,Employed,9123,5,Good,0.58,0
71,10490,401,13124,Self-Employed,1760,7,Excellent,0.47,0
44,16633,509,20398,Employed,13577,2,Good,0.6,1
30,15678,321,29062,Employed,6305,2,Fair,0.54,1
66,12129,458,34896,Employed,11308,4,Good,0.7,1
48,19895,642,48484,Employed,7998,0,Good,0.61,1
70,16251,699,40633,Employed,14092,4,Poor,0.19,1
73,1925,753,23856,Employed,8216,8,Excellent,0.67,1
52,4544,442,15407,Unemployed,14206,4,Good,0.27,1
23,12980,696,19080,Employed,4395,6,Poor,0.45,1
22,12606,835,9324,Employed,5344,9,Good,0.66,1
39,7729,440,8407,Employed,8265,8,Good,0.19,0
66,2739,539,41013,Unemployed,13427,7,Good,0.61,0
40,8066,591,38433,Employed,12439,4,Good,0.67,1
42,5713,381,5220,Employed,14916,1,Excellent,0.6,1
51,4506,470,12731,Employed,7881,4,Excellent,0.58,1
43,8525,825,12180,Employed,12262,9,Good,0.22,1
64,8058,841,23554,Employed,7982,7,Good,0.31,1
22,2684,409,13494,Employed,11354,0,Good,0.54,0
43,15930,511,12485,Employed,13873,9,Good,0.13,1
37,9602,737,1311,Employed,14195,3,Excellent,0.63,1
23,15369,621,28005,Employed,14243,0,Excellent,0.19,1
23,8616,383,27361,Employed,7456,4,Good,0.42,1
67,14437,675,39202,Employed,4187,1,Good,0.12,1
35,5883,352,16567,Self-Employed,11111,1,Good,0.17,0
21,19583,795,16980,Student,10986,6,Good,0.43,1
34,6007,555,22938,Employed,1410,3,Good,0.46,1
74,16235,519,1121,Employed,11678,1,Excellent,0.23,1
31,18019,399,34518,Student,3612,2,Fair,0.13,0
31,3525,428,7934,Self-Employed,7339,2,Excellent,0.41,0
30,6354,518,10251,Unemployed,4780,1,Poor,0.6,0
24,6867,776,31245,Employed,4467,6,Poor,0.18,1
61,4390,757,13359,Employed,13809,0,Good,0.5,1
72,5273,321,13855,Unemployed,5355,8,Good,0.3,0
32,17319,628,18628,Employed,9257,4,Fair,0.66,1
36,3028,779,25651,Employed,13460,3,Fair,0.1,1
60,13320,638,24249,Self-Employed,3995,2,Fair,0.08,1
64,6549,478,42969,Self-Employed,6868,2,Excellent,0.13,1
61,2348,720,37050,Student,11950,2,Excellent,0.56,1
52,11619,781,3275,Employed,8802,0,Excellent,0.65,1
34,11857,348,21192,Employed,7645,1,Excellent,0.58,1
52,17667,329,1765,Employed,4215,6,Excellent,0.52,1
36,13978,384,36483,Unemployed,1838,2,Good,0.09,1
37,3621,801,18881,Employed,5648,5,Good,0.19,1
53,14410,845,45906,Employed,6684,3,Fair,0.66,1
52,6181,628,45692,Unemployed,10287,9,Excellent,0.45,1
49,16255,733,30501,Employed,13697,4,Excellent,0.35,1
65,1972,548,38834,Self-Employed,6944,7,Good,0.47,0
61,19671,433,34257,Employed,7295,1,Good,0.17,1
57,1613,664,27999,Employed,3573,9,Good,0.63,0
41,15190,724,40142,Employed,7614,4,Good,0.48,1
34,7973,714,35703,Employed,5699,1,Fair,0.36,1
24,10030,811,36517,Employed,8185,8,Good,0.35,1
60,2696,684,45256,Employed,7152,1,Good,0.58,1
67,17962,687,12883,Employed,6182,0,Excellent,0.25,1
18,7517,748,10295,Employed,472,3,Fair,0.14,1
52,4152,602,28857,Employed,9348,6,Good,0.17,1
49,12332,398,41232,Self-Employed,11382,1,Excellent,0.1,1
53,6885,605,30867,Student,4419,9,Fair,0.38,0
30,16208,341,45905,Employed,8243,8,Good,0.49,1
23,18711,767,7286,Employed,7091,0,Excellent,0.66,1
31,16071,739,46763,Self-Employed,13220,0,Fair,0.54,1
54,12502,626,27290,Employed,10375,7,Good,0.43,1
65,4885,332,5149,Student,9619,4,Fair,0.61,0
32,3465,711,39616,Employed,5878,8,Fair,0.63,0
64,3927,413,41424,Employed,10408,7,Excellent,0.51,1
21,4341,807,3345,Student,10015,5,Good,0.09,1
57,8063,355,22933,Employed,6660,3,Good,0.24,0
33,15887,651,40448,Employed,4455,5,Good,0.27,1
45,7340,628,9770,Employed,5779,1,Excellent,0.7,1
33,16654,845,19082,Employed,7404,4,Good,0.35,1
21,15593,569,46555,Self-Employed,67,9,Fair,0.55,1
62,5852,495,11863,Employed,12006,2,Poor,0.58,0
43,1684,712,7984,Employed,9365,2,Good,0.47,1
45,11884,378,28503,Self-Employed,4576,0,Excellent,0.06,1
49,15819,382,39024,Employed,13726,7,Good,0.06,1
62,9937,436,40319,Employed,6056,9,Excellent,0.58,1
19,11926,838,2468,Employed,12508,2,Good,0.53,1
48,9004,605,10132,Self-Employed,8452,0,Poor,0.4,0
20,19971,610,36086,Employed,10505,3,Excellent,0.21,1
71,2100,687,38304,Self-Employed,11722,0,Good,0.11,1
25,9304,848,39115,Employed,1649,0,Good,0.16,1
41,14749,805,15462,Employed,676,0,Excellent,0.43,1
32,7037,687,47349,Self-Employed,7223,1,Good,0.4,1
60,19940,592,23323,Employed,6551,0,Poor,0.66,1
48,16185,478,19167,Employed,14804,5,Excellent,0.67,1
26,10224,728,11067,Unemployed,3939,6,Good,0.42,1
56,6584,823,4226,Employed,4338,0,Excellent,0.6,1
62,3542,611,12920,Self-Employed,10127,9,Good,0.58,0
19,18241,379,26561,Employed,6657,0,Excellent,0.54,1
25,18261,313,49040,Employed,9870,9,Excellent,0.33,1
24,14836,353,36587,Employed,9384,8,Excellent,0.3,1
73,14914,746,37738,Unemployed,10814,8,Excellent,0.22,1
61,6297,364,11258,Employed,13744,0,Poor,0.66,0
68,4807,671,32655,Employed,665,7,Good,0.59,1
56,15221,802,35873,Employed,14173,2,Fair,0.17,1
59,4096,395,19854,Self-Employed,4862,6,Poor,0.21,0
74,18667,832,49675,Unemployed,9793,0,Excellent,0.43,1
33,13295,559,21178,Self-Employed,1909,6,Fair,0.32,1
52,16484,547,20275,Self-Employed,7452,0,Fair,0.19,0
47,13634,426,10875,Employed,6597,2,Good,0.56,0
27,12282,798,45133,Self-Employed,187,6,Fair,0.05,1
55,10734,345,36915,Employed,8896,0,Excellent,0.27,1
35,16118,567,13253,Self-Employed,11559,8,Excellent,0.65,1
67,18745,841,29737,Employed,7690,4,Excellent,0.54,1
22,19760,393,46870,Employed,12979,1,Fair,0.31,1
70,11527,615,8901,Employed,11645,3,Excellent,0.65,1
46,15486,370,18558,Self-Employed,9558,7,Poor,0.64,0
56,13900,748,20333,Unemployed,10841,3,Excellent,0.08,1
51,5026,666,11001,Employed,7390,9,Good,0.13,1
60,13093,709,26012,Employed,334,4,Good,0.3,1
62,3122,390,30461,Student,6600,1,Poor,0.65,0
40,7018,808,32811,Employed,7615,4,Good,0.6,1
22,4157,827,34002,Employed,13025,6,Good,0.08,1
47,19816,409,31410,Student,10576,8,Fair,0.38,0
23,10199,388,38538,Unemployed,14690,7,Poor,0.52,0
73,15455,571,38896,Employed,355,9,Excellent,0.23,1
63,4156,546,30598,Employed,1922,5,Good,0.52,1
61,18173,660,41927,Employed,4327,8,Excellent,0.29,1
21,7358,677,36242,Employed,3338,6,Fair,0.23,1
46,11901,505,33994,Employed,795,2,Fair,0.31,0
40,10258,644,31448,Self-Employed,189,0,Fair,0.67,0
23,2973,754,33330,Employed,12335,4,Good,0.64,1
49,14781,366,7160,Employed,7451,8,Excellent,0.64,1
59,17464,342,44570,Employed,9005,7,Good,0.65,1
35,19871,528,27851,Employed,14271,5,Fair,0.17,1
32,13557,743,22185,Employed,10294,7,Poor,0.63,0
57,9173,533,11007,Self-Employed,11602,7,Good,0.19,0
49,15781,498,6357,Employed,2166,2,Excellent,0.59,1
26,4751,796,18794,Self-Employed,14559,5,Excellent,0.4,1
54,6554,331,5764,Employed,10442,6,Fair,0.21,0
27,3216,563,15589,Employed,9871,1,Good,0.31,0
37,10704,412,11037,Employed,2058,6,Good,0.33,1
23,15606,758,35105,Employed,12546,9,Excellent,0.53,1
65,2810,575,6420,Employed,6070,5,Excellent,0.44,1
73,18501,445,17501,Employed,4393,1,Poor,0.58,0
20,17382,656,35581,Employed,9412,1,Fair,0.31,1
59,5757,305,10779,Employed,9819,5,Good,0.53,0
28,17346,639,12444,Employed,13726,2,Good,0.57,1
60,11920,793,26118,Employed,2380,5,Poor,0.09,1
34,14512,407,36142,Employed,14488,8,Excellent,0.29,1
49,1968,370,2526,Employed,9591,9,Fair,0.63,0
21,7405,639,45527,Employed,8325,0,Excellent,0.51,1
21,13808,399,8087,Employed,5051,2,Fair,0.32,0
34,17134,626,9793,Employed,10355,1,Good,0.17,1
58,16301,332,37382,Self-Employed,2709,2,Good,0.11,0
36,19023,442,3149,Employed,1279,1,Fair,0.2,1
22,11128,543,20685,Employed,552,2,Excellent,0.21,1
49,10228,516,42347,Self-Employed,12980,3,Excellent,0.29,1
39,18835,733,27178,Employed,6331,6,Good,0.16,1
73,12505,353,15015,Employed,10278,1,Good,0.14,1
23,9390,450,20666,Unemployed,12086,1,Excellent,0.6,1
52,8577,354,3696,Employed,12767,1,Good,0.21,0
39,3471,816,33173,Employed,11165,5,Excellent,0.42,1
18,15068,747,13626,Self-Employed,6872,7,Good,0.18,1
37,2691,334,48287,Employed,1153,3,Poor,0.37,0
39,14320,418,16314,Employed,6919,9,Excellent,0.23,1
65,9265,496,45793,Employed,4158,2,Excellent,0.11,1
72,11754,813,35073,Self-Employed,954,8,Good,0.69,1
28,4546,721,32291,Employed,14432,0,Good,0.35,1
30,13250,816,47207,Self-Employed,13723,9,Fair,0.31,1
59,14203,438,34484,Employed,14153,1,Excellent,0.18,1
20,18188,343,23229,Employed,10769,6,Good,0.37,0
26,9543,518,6758,Employed,5565,2,Good,0.46,1
29,6408,557,33251,Employed,11980,8,Excellent,0.25,1
40,12127,812,32833,Self-Employed,6868,0,Fair,0.36,1
31,4304,676,12183,Employed,13920,8,Fair,0.2,0
50,11676,588,42273,Employed,14102,5,Good,0.39,1
35,5436,769,36048,Employed,11260,0,Good,0.56,1
66,18596,402,16080,Self-Employed,235,8,Excellent,0.09,1
58,11373,448,10079,Employed,11943,8,Fair,0.39,0
26,12890,383,21726,Employed,11835,9,Excellent,0.31,1
40,9866,325,19306,Self-Employed,1108,4,Excellent,0.1,1
27,16114,474,7278,Employed,1796,6,Poor,0.66,0
36,8006,721,37797,Employed,14690,2,Good,0.22,1
64,19656,645,4063,Self-Employed,3473,7,Good,0.42,1
22,18958,601,47081,Employed,5285,2,Fair,0.29,1
64,10283,597,42120,Self-Employed,7395,9,Good,0.23,1
69,12670,434,44147,Employed,9582,6,Good,0.39,1
40,16109,354,44311,Employed,5529,3,Good,0.5,0
47,8822,355,4892,Employed,11323,4,Poor,0.56,0
42,13674,673,19121,Employed,2211,6,Excellent,0.46,1
45,17708,638,21604,Employed,13541,1,Fair,0.39,1
51,3910,756,27484,Employed,13169,3,Fair,0.56,1
62,15136,654,43330,Employed,2641,6,Good,0.39,1
73,10539,431,37163,Employed,3228,2,Good,0.68,1
65,16490,792,36222,Employed,926,3,Excellent,0.39,1
64,7941,409,16828,Employed,5822,9,Good,0.26,0
42,10185,425,5957,Employed,2921,7,Fair,0.34,0
27,15278,595,19671,Employed,11148,2,Fair,0.37,1
31,14691,478,40060,Self-Employed,3827,8,Good,0.23,1
59,11232,496,32303,Employed,11637,4,Poor,0.15,0
74,5456,400,9696,Unemployed,13553,1,Poor,0.33,0
63,8053,482,45727,Employed,12230,7,Good,0.63,0
47,3865,308,13812,Employed,7335,9,Excellent,0.22,0
72,8168,712,10595,Employed,8312,7,Good,0.29,1
58,6500,403,10959,Employed,965,0,Fair,0.54,0
42,5175,425,16383,Unemployed,10241,8,Good,0.1,0
31,14407,845,9892,Employed,4213,1,Good,0.59,1
52,18836,569,28780,Employed,3719,3,Fair,0.52,1
69,16636,765,29721,Employed,3913,5,Good,0.41,1
65,12655,417,20389,Unemployed,12926,8,Poor,0.19,0
51,13719,391,46081,Employed,12016,0,Good,0.11,0
27,4747,784,32369,Employed,12661,8,Poor,0.2,1
52,5915,386,33778,Unemployed,3179,7,Excellent,0.54,1
28,7972,533,14095,Unemployed,3370,6,Fair,0.66,0
28,6348,423,6221,Employed,11696,1,Good,0.53,0
38,2537,502,27634,Employed,14447,6,Fair,0.39,0
38,17134,331,49239,Employed,12233,1,Poor,0.67,0
39,9762,656,4677,Employed,14835,8,Good,0.59,1
62,12566,762,44779,Employed,6818,3,Fair,0.48,1
24,17054,393,48873,Self-Employed,5906,1,Poor,0.07,0
72,8508,821,26548,Employed,10115,4,Good,0.24,1
34,16763,707,8334,Self-Employed,5138,8,Good,0.25,1
19,17738,399,45752,Employed,12008,3,Fair,0.28,1
29,7142,543,38932,Self-Employed,3091,4,Good,0.3,0
74,17989,357,10033,Employed,9968,7,Fair,0.66,0
59,18653,656,48657,Unemployed,8963,2,Good,0.53,1
35,16031,790,1284,Employed,4656,5,Fair,0.5,1
71,11884,619,40311,Employed,3577,0,Excellent,0.33,1
28,17836,318,39338,Employed,6297,2,Good,0.27,1
33,15161,656,23115,Unemployed,1538,7,Fair,0.13,1
66,13187,416,19819,Employed,2867,9,Good,0.34,1
68,14904,435,41291,Self-Employed,3549,9,Good,0.18,1
35,5855,595,44791,Employed,6527,5,Poor,0.3,0
52,2433,824,13712,Self-Employed,8995,9,Good,0.15,1
70,10266,400,34797,Unemployed,4776,3,Excellent,0.27,1
43,7406,679,33297,Employed,11461,7,Good,0.08,1
33,14072,454,31591,Employed,178,2,Good,0.05,1
23,13779,404,23968,Employed,8806,1,Poor,0.62,0
74,12223,825,25475,Employed,1754,9,Fair,0.47,1
61,12111,427,20350,Employed,7695,7,Good,0.43,0
60,9761,700,32484,Employed,8238,3,Good,0.38,1
64,5974,828,8755,Employed,8015,8,Poor,0.52,1
64,18138,849,34321,Employed,6701,2,Good,0.53,1
65,6287,423,17651,Employed,11875,8,Good,0.66,1
59,15075,659,15203,Employed,6326,9,Good,0.21,1
29,9362,363,24519,Employed,6497,5,Excellent,0.56,0
30,12456,401,2240,Self-Employed,2534,4,Poor,0.69,0
21,12163,576,5159,Employed,8407,1,Fair,0.07,0
56,17620,526,19873,Employed,2939,5,Good,0.29,1
71,5242,322,11780,Employed,13734,3,Excellent,0.33,1
19,3535,363,9661,Employed,5765,4,Excellent,0.58,0
43,3467,456,37055,Employed,2899,5,Good,0.06,0
44,3352,689,29512,Employed,2876,6,Good,0.44,1
44,12047,448,19403,Employed,13296,3,Good,0.63,1
32,8118,662,43983,Employed,9428,7,Fair,0.15,1
25,15359,763,43549,Employed,1007,4,Poor,0.13,1
24,9803,698,30549,Employed,4829,6,Good,0.7,1
64,12850,704,49719,Self-Employed,6464,5,Excellent,0.59,1
72,18066,431,6313,Employed,10330,4,Fair,0.5,0
63,1664,496,48815,Employed,8057,6,Good,0.31,0
57,8458,334,11252,Employed,12602,3,Excellent,0.61,0
29,3637,719,5317,Self-Employed,2159,6,Excellent,0.65,1
30,11715,676,43379,Employed,3184,2,Excellent,0.53,1
60,18338,698,26456,Employed,8565,7,Excellent,0.31,1
34,18425,519,34606,Employed,1286,9,Poor,0.43,0
34,7533,816,9461,Student,8559,3,Good,0.11,1
73,4165,641,28945,Employed,4473,3,Excellent,0.15,1
53,14629,715,47690,Employed,13116,0,Excellent,0.56,1
38,13625,755,5827,Employed,4920,7,Good,0.07,1
25,7689,596,24371,Employed,3925,4,Good,0.08,1
22,15208,630,13903,Employed,4769,8,Fair,0.38,1
43,19572,638,20887,Employed,13907,2,Good,0.16,1
33,6595,597,29536,Self-Employed,14892,4,Poor,0.24,0
53,15909,611,31103,Employed,3116,3,Fair,0.31,1
45,9083,354,15400,Unemployed,1294,6,Fair,0.39,0
71,3137,833,35843,Employed,14830,9,Good,0.23,1
46,16170,404,15190,Employed,3976,4,Good,0.36,1
64,7466,474,19668,Employed,6865,1,Good,0.29,1
29,6170,593,32869,Employed,6390,5,Good,0.1,1
54,6703,674,48852,Unemployed,173,3,Excellent,0.61,1
47,19774,749,46301,Employed,12323,5,Poor,0.23,1
40,10169,744,48491,Unemployed,12589,0,Fair,0.45,1
33,16468,359,49032,Employed,7325,0,Excellent,0.42,1
31,3866,691,48369,Employed,7818,3,Fair,0.18,0
27,1866,689,9995,Employed,4981,6,Good,0.07,1
24,17147,511,48331,Self-Employed,10272,6,Excellent,0.61,1
62,11407,834,29911,Employed,3834,0,Good,0.37,1
69,8106,539,45702,Student,2429,4,Excellent,0.32,1
54,1512,787,46443,Self-Employed,14189,5,Excellent,0.55,1
46,3817,421,7521,Employed,6567,4,Excellent,0.07,0
20,16929,552,40123,Unemployed,8005,6,Good,0.55,1
32,8985,440,32514,Employed,13994,5,Good,0.32,0
53,18259,751,38539,Student,7789,4,Excellent,0.41,1
64,1756,452,36464,Self-Employed,13990,4,Good,0.54,0
63,18333,607,46226,Employed,10965,8,Good,0.41,1
69,17403,616,47231,Employed,7462,2,Good,0.09,1
36,4712,828,6796,Self-Employed,8884,8,Excellent,0.52,1
30,7675,595,34576,Employed,12882,1,Good,0.56,1
59,15071,644,44111,Employed,11221,9,Excellent,0.35,1
38,17587,581,4293,Employed,14750,6,Good,0.34,1
54,8946,507,43265,Employed,873,5,Fair,0.21,1
44,19192,395,4459,Unemployed,12606,7,Good,0.47,1
72,16377,751,19803,Employed,3096,8,Good,0.62,1
69,14443,672,5224,Student,8949,5,Excellent,0.48,1
46,11806,372,8571,Employed,3624,1,Good,0.55,0
37,5516,632,23747,Employed,5553,9,Poor,0.59,0
42,7412,692,26772,Employed,10298,3,Excellent,0.2,1
23,1942,405,15171,Unemployed,12464,2,Good,0.31,0
53,4444,400,49091,Employed,1565,2,Good,0.33,0
19,5436,658,40519,Employed,3116,4,Excellent,0.41,1
39,1898,628,10717,Self-Employed,11715,9,Poor,0.08,0
49,17196,694,16411,Self-Employed,8500,0,Good,0.43,1
33,4495,334,7237,Self-Employed,8345,8,Excellent,0.11,1
35,7829,456,43559,Unemployed,9158,3,Good,0.57,0
22,3716,572,10236,Unemployed,14319,6,Good,0.68,0
71,19591,695,44113,Self-Employed,1163,6,Good,0.24,1
53,13023,506,47927,Employed,2816,6,Good,0.38,1
47,4068,605,39087,Employed,8576,4,Good,0.59,1
62,1660,835,19251,Employed,11911,3,Good,0.25,1
36,17148,761,35143,Self-Employed,2795,3,Good,0.15,1
40,9567,551,41898,Employed,12911,4,Fair,0.53,0
51,5404,566,22785,Self-Employed,1056,5,Good,0.5,0
30,5073,508,26187,Employed,9923,9,Excellent,0.42,1
60,3325,838,40760,Student,11634,6,Good,0.66,1
71,15286,802,14850,Employed,7345,4,Excellent,0.67,1
46,11315,813,20700,Self-Employed,9861,8,Poor,0.61,0
53,15294,447,47003,Employed,4076,8,Good,0.24,1
39,2676,382,18982,Unemployed,12219,0,Excellent,0.2,0
69,9320,341,5949,Employed,3774,4,Poor,0.59,0
69,18014,455,31581,Employed,1459,1,Excellent,0.47,1
64,2999,752,7572,Employed,14210,3,Fair,0.31,1
53,9126,583,27553,Employed,14158,6,Good,0.32,1
26,17637,487,30733,Employed,8133,9,Good,0.6,1
56,5208,773,47498,Student,5,5,Good,0.16,1
68,3269,806,13589,Employed,14116,6,Fair,0.66,0
36,11010,432,37934,Employed,4786,2,Good,0.46,1
55,15726,570,11114,Employed,6938,4,Good,0.56,1
23,17134,372,1645,Employed,9833,5,Good,0.29,1
69,8231,735,6884,Student,8168,5,Excellent,0.43,1
64,12465,592,24052,Employed,8109,5,Good,0.54,1
32,1875,736,13461,Unemployed,3829,8,Excellent,0.33,1
74,17017,359,27574,Self-Employed,14148,5,Excellent,0.37,1
37,7718,626,17473,Self-Employed,7034,1,Good,0.43,1
26,18624,481,48471,Employed,5350,8,Good,0.09,1
49,9995,733,48904,Unemployed,5520,3,Excellent,0.61,1
21,2585,818,45238,Employed,6870,6,Excellent,0.61,1
67,14573,382,16421,Employed,4880,5,Excellent,0.23,1
35,12871,327,34318,Employed,8808,8,Good,0.62,0
22,19094,565,6224,Employed,9077,9,Good,0.53,1
37,12726,582,47318,Student,2070,2,Excellent,0.36,1
40,11546,696,39349,Employed,6950,7,Fair,0.28,1
28,18151,682,10435,Self-Employed,160,4,Excellent,0.31,1
54,12541,618,4479,Employed,9409,5,Excellent,0.4,1
39,5849,492,10137,Student,14601,2,Poor,0.32,0
21,6465,526,27528,Employed,4178,2,Good,0.32,1
46,14992,750,39859,Unemployed,167,6,Excellent,0.18,1
61,14836,481,36401,Unemployed,3912,5,Fair,0.51,0
51,18873,626,40558,Employed,2702,1,Excellent,0.45,1
30,14184,502,4501,Employed,2602,9,Poor,0.69,0
59,18821,701,1889,Self-Employed,4439,7,Excellent,0.14,1
26,8154,771,9765,Employed,4107,4,Fair,0.12,1
59,8842,478,15197,Employed,3605,6,Excellent,0.39,1
48,3858,317,37928,Self-Employed,9745,2,Poor,0.15,0
24,7860,762,43924,Employed,449,9,Good,0.45,1
21,5243,845,37819,Employed,4669,4,Excellent,0.18,1
36,8659,702,49995,Employed,14012,2,Fair,0.36,1
59,2018,692,7197,Employed,4027,2,Good,0.45,0
47,18152,599,14532,Employed,6734,0,Fair,0.35,1
48,14425,650,3283,Self-Employed,2537,2,Good,0.26,1
52,16310,486,38752,Self-Employed,13478,6,Fair,0.56,1
74,17739,646,17995,Employed,2709,8,Good,0.61,1
38,6975,708,32723,Employed,12752,0,Poor,0.23,0
48,5685,370,47182,Employed,2957,3,Good,0.58,0
36,6661,626,40605,Student,14046,9,Excellent,0.3,1
48,11080,511,24490,Employed,2664,6,Excellent,0.37,1
70,11386,608,47500,Student,1789,5,Fair,0.2,1
49,12965,407,41043,Employed,4102,3,Fair,0.46,0
19,12721,476,9715,Employed,3234,2,Good,0.12,1
69,3835,726,37345,Employed,13506,5,Excellent,0.43,1
27,5174,830,15739,Employed,318,3,Excellent,0.69,1
19,6076,717,23870,Employed,2177,4,Good,0.54,1
19,16472,547,33341,Self-Employed,10348,1,Excellent,0.63,1
41,2000,508,30471,Student,14554,8,Good,0.35,1
34,9583,515,12590,Student,10745,1,Good,0.14,1
49,9794,737,19645,Employed,428,3,Excellent,0.24,1
33,17220,610,2023,Employed,14142,7,Good,0.08,1
33,7043,682,27155,Employed,14977,6,Good,0.38,1
63,4776,570,25897,Employed,12531,3,Good,0.47,1
56,8113,420,16437,Employed,10677,7,Good,0.33,0
70,13229,706,12318,Employed,12594,5,Fair,0.42,1
48,2827,544,44791,Unemployed,14120,7,Good,0.26,0
60,9272,365,32575,Employed,900,3,Excellent,0.11,0
41,12166,527,49198,Unemployed,9812,4,Fair,0.33,0
18,17789,436,41003,Student,7422,3,Good,0.41,1
28,7269,493,11619,Employed,11590,6,Poor,0.69,0
72,15163,788,21141,Self-Employed,14744,3,Poor,0.28,1
38,7418,653,41836,Employed,748,4,Good,0.49,1
21,18973,456,2284,Employed,6144,8,Poor,0.58,0
24,6055,775,29094,Employed,4872,7,Good,0.27,1
43,3894,315,15466,Employed,4289,1,Excellent,0.65,0
64,2166,377,39121,Employed,7531,6,Excellent,0.27,0
67,13855,351,1903,Employed,14180,1,Good,0.68,0
29,3734,813,43137,Self-Employed,14457,9,Good,0.05,1
48,7835,803,42289,Unemployed,10603,2,Poor,0.46,1
34,19120,360,43849,Employed,1027,0,Good,0.56,1
50,19507,431,17365,Employed,12436,1,Fair,0.23,1
28,19258,681,23394,Employed,11324,2,Fair,0.13,1
45,13003,842,16971,Employed,11033,4,Good,0.07,1
49,7859,709,43827,Employed,1140,5,Excellent,0.1,1
18,18060,454,44475,Employed,8100,6,Fair,0.4,1
64,15376,350,32359,Employed,8429,4,Good,0.6,1
45,4428,394,34180,Employed,13449,4,Fair,0.09,0
70,9117,822,7639,Employed,4825,7,Good,0.12,1
59,9114,823,31212,Employed,4553,0,Excellent,0.05,1
24,5774,654,37601,Employed,10724,8,Excellent,0.23,1
19,6471,344,19970,Self-Employed,14330,2,Excellent,0.65,0
59,9889,504,32356,Self-Employed,1754,5,Excellent,0.23,1
41,18852,730,22955,Employed,6992,3,Fair,0.34,1
21,4004,555,27140,Employed,13001,1,Good,0.17,0
61,7506,547,46570,Employed,1610,5,Excellent,0.13,1
36,9443,832,40325,Employed,11310,9,Good,0.17,1
43,19153,340,11467,Self-Employed,4439,7,Good,0.19,0
28,19248,758,13032,Employed,13650,3,Excellent,0.13,1
57,2423,576,16126,Self-Employed,14571,7,Excellent,0.56,1
67,18354,494,3882,Employed,9679,6,Good,0.36,1
60,11746,370,45703,Self-Employed,4758,0,Good,0.4,1
28,13975,569,36287,Employed,6519,4,Poor,0.29,0
62,19032,634,13805,Employed,11386,7,Poor,0.19,1
20,4586,607,5400,Employed,245,5,Good,0.11,0
29,16360,726,42614,Self-Employed,9469,8,Good,0.1,1
20,18513,498,27553,Employed,14901,6,Good,0.17,1
59,8907,375,17564,Employed,6842,1,Excellent,0.6,1
44,2274,824,21509,Self-Employed,7058,0,Excellent,0.19,1
66,10209,529,36787,Employed,10520,8,Excellent,0.28,1
71,17811,384,1764,Employed,14402,4,Excellent,0.42,1
19,2843,461,21519,Student,1556,1,Excellent,0.38,1
66,11661,696,11558,Employed,1557,3,Good,0.48,1
33,12919,670,17175,Employed,2222,9,Excellent,0.18,1
19,9297,514,27947,Employed,13502,5,Excellent,0.39,1
71,2434,300,15214,Employed,2332,8,Good,0.55,0
47,3486,676,22422,Employed,8496,7,Good,0.3,1
37,15516,711,7799,Employed,11114,5,Excellent,0.68,1
55,6965,499,33021,Employed,8984,3,Fair,0.43,0
45,11466,482,15509,Employed,8598,9,Good,0.49,1
42,17221,709,10974,Self-Employed,12619,4,Good,0.35,1
49,3005,697,30356,Self-Employed,10544,3,Poor,0.61,0
27,6863,515,19840,Self-Employed,10229,3,Excellent,0.34,1
59,17440,648,39449,Employed,2966,7,Good,0.66,1
57,12346,340,7997,Self-Employed,14084,3,Excellent,0.25,1
50,2510,302,10374,Employed,10908,2,Good,0.61,0
30,16424,393,37900,Employed,11012,1,Excellent,0.47,1
73,14982,358,3453,Employed,12838,9,Good,0.57,1
58,10869,706,1538,Unemployed,11234,0,Good,0.07,1
71,5357,317,11615,Employed,4002,4,Poor,0.23,0
59,11364,793,31593,Employed,1360,3,Good,0.6,1
64,11620,807,3303,Self-Employed,9245,9,Poor,0.26,0
54,12870,631,19556,Self-Employed,439,8,Excellent,0.51,1
71,4053,468,35103,Employed,4353,8,Good,0.69,0
33,16989,505,36027,Employed,782,4,Good,0.17,1
62,5889,820,7615,Employed,2610,4,Fair,0.32,1
39,18435,804,32468,Employed,10006,5,Excellent,0.16,1
74,12589,645,9691,Self-Employed,233,3,Poor,0.15,0
37,10731,603,34578,Unemployed,10265,5,Excellent,0.46,1
67,4551,414,24732,Employed,6666,7,Fair,0.17,0
60,6822,386,24940,Employed,10623,4,Good,0.36,0
44,13289,394,37481,Employed,4488,7,Good,0.69,1
58,4055,727,4704,Employed,8653,7,Poor,0.27,0
33,18973,749,34978,Employed,1751,2,Fair,0.62,1
51,14267,840,15211,Employed,838,5,Poor,0.31,1
49,1958,301,49866,Employed,3209,0,Good,0.22,0
43,17201,377,37513,Employed,2784,4,Poor,0.27,0
42,17566,623,11178,Self-Employed,12397,6,Good,0.13,1
19,6221,397,25175,Employed,5594,4,Fair,0.49,0
29,13946,409,18875,Employed,1351,2,Fair,0.38,0
57,7804,756,16816,Employed,205,1,Fair,0.45,1
26,15065,787,33441,Employed,1094,1,Good,0.25,1
29,11699,670,29846,Self-Employed,12497,8,Fair,0.47,1
43,3420,636,16620,Employed,184,1,Good,0.16,1
26,14727,321,23844,Student,6745,6,Fair,0.47,0
27,9194,604,32589,Employed,6902,8,Excellent,0.1,1
49,7798,571,46986,Employed,5502,2,Good,0.31,1
74,8129,789,7110,Employed,10984,6,Good,0.45,1
51,14219,745,29940,Unemployed,13178,0,Fair,0.61,1
65,6646,577,35585,Self-Employed,12686,5,Good,0.58,0
37,18887,676,7613,Employed,6688,1,Good,0.39,1
56,11806,531,38087,Employed,5778,9,Good,0.62,1
19,4089,725,8231,Employed,2729,0,Fair,0.38,1
18,5810,354,12214,Self-Employed,13265,4,Excellent,0.39,0
68,3741,740,3877,Employed,7893,5,Fair,0.52,1
53,15101,333,33207,Employed,313,1,Good,0.62,0
41,9211,628,37855,Self-Employed,8419,3,Excellent,0.44,1
71,2438,753,2147,Employed,6801,2,Poor,0.66,0
44,5801,687,49709,Student,13457,0,Good,0.2,1
19,5470,729,8609,Unemployed,3093,0,Excellent,0.65,1
48,5499,775,10737,Self-Employed,12149,2,Good,0.19,1
74,4908,424,37751,Unemployed,4095,1,Poor,0.39,0
31,15307,822,46323,Employed,2739,1,Fair,0.57,1
19,10462,781,41902,Employed,14635,9,Poor,0.57,0
46,18132,616,6606,Employed,926,4,Excellent,0.23,1
32,14885,421,45686,Unemployed,3336,4,Excellent,0.69,1
29,7450,846,49581,Employed,3121,6,Good,0.1,1
54,4426,612,45861,Employed,6885,4,Good,0.07,1
45,9475,786,2095,Unemployed,7542,2,Fair,0.6,1
37,8466,311,21211,Self-Employed,10300,9,Good,0.58,0
56,10633,424,21669,Employed,2355,5,Good,0.51,0
41,8087,376,18379,Employed,14134,2,Excellent,0.6,0
38,6591,535,23065,Employed,8728,7,Good,0.14,1
27,10485,553,49844,Employed,7374,5,Excellent,0.11,1
63,18561,705,38429,Employed,4170,6,Poor,0.68,0
31,3061,542,17181,Employed,5772,2,Poor,0.46,0
54,10144,760,20167,Employed,9633,6,Fair,0.65,1
35,16285,576,11087,Employed,3399,8,Excellent,0.64,1
41,5156,768,6682,Employed,11544,7,Excellent,0.47,1
31,17639,519,39729,Self-Employed,13914,1,Good,0.46,1
51,1709,524,22152,Employed,11338,9,Fair,0.28,0
29,6483,400,38972,Employed,5695,9,Poor,0.15,0
39,8641,806,8552,Employed,6737,1,Fair,0.5,1
73,11618,630,17468,Unemployed,7929,6,Excellent,0.58,1
23,17761,536,25531,Unemployed,608,9,Poor,0.4,0
53,5466,638,8084,Employed,611,3,Excellent,0.08,1
62,11569,805,44848,Unemployed,1020,8,Fair,0.14,1
53,10318,464,46647,Employed,13072,5,Good,0.12,1
39,12418,517,20163,Employed,240,8,Good,0.48,1
31,11150,675,7055,Employed,2052,2,Good,0.42,1
33,2750,311,3669,Employed,5334,5,Fair,0.35,0
53,6258,731,13028,Employed,1602,5,Good,0.4,1
73,5863,382,2008,Employed,14822,7,Fair,0.23,0
42,3663,730,16523,Employed,10596,6,Excellent,0.57,1
49,11315,777,46307,Employed,4489,2,Fair,0.26,1
50,3353,668,3199,Employed,9606,0,Poor,0.47,0
62,18637,440,43319,Employed,368,1,Good,0.3,1
53,3368,755,37207,Employed,2076,9,Poor,0.1,0
37,18065,801,39650,Self-Employed,14128,1,Excellent,0.22,1
35,19397,702,20297,Self-Employed,9638,0,Fair,0.68,1
55,17068,587,5695,Employed,7109,3,Excellent,0.17,1
20,10594,654,2006,Employed,8200,5,Good,0.12,1
40,6738,642,8114,Employed,3516,3,Good,0.24,1
49,8589,448,45012,Student,4429,3,Good,0.62,0
62,6780,509,30795,Employed,5045,8,Good,0.25,0
33,5744,411,18527,Employed,10469,1,Good,0.32,0
22,3664,835,41320,Employed,8584,0,Poor,0.25,0
21,16649,348,15027,Employed,1851,6,Excellent,0.69,1
38,15588,630,28796,Student,5427,4,Good,0.7,1
57,19905,664,34992,Employed,8970,4,Fair,0.36,1
68,4321,310,29454,Student,3431,1,Fair,0.56,0
31,11973,487,38263,Self-Employed,9890,5,Fair,0.19,0
56,15186,808,13441,Self-Employed,11446,4,Good,0.29,1
48,11262,744,31189,Self-Employed,4482,4,Good,0.49,1
31,7469,389,1181,Employed,6252,5,Good,0.24,1
23,13678,747,13812,Employed,6482,1,Good,0.2,1
29,7668,331,23716,Employed,3271,4,Good,0.65,0
33,18597,626,41218,Employed,11444,0,Fair,0.21,1
34,15596,373,36713,Employed,11803,7,Good,0.09,1
62,8703,550,27633,Employed,10804,0,Fair,0.54,0
40,5045,749,11939,Employed,14071,6,Good,0.21,1
31,2363,654,11072,Employed,10037,5,Excellent,0.34,1
24,17648,832,45562,Employed,3508,7,Fair,0.12,1
63,19309,595,9846,Unemployed,6976,4,Fair,0.09,0
49,2153,597,4686,Self-Employed,3892,5,Excellent,0.35,1
32,9629,627,30998,Self-Employed,3111,3,Fair,0.27,1
61,1943,601,27775,Employed,4317,9,Good,0.38,0
34,6606,811,20215,Employed,14632,9,Excellent,0.68,1
58,5936,637,28984,Employed,1866,0,Good,0.31,1
71,10972,673,44195,Employed,9244,6,Excellent,0.44,1
64,4539,393,26297,Employed,926,1,Fair,0.11,0
61,9791,431,32619,Self-Employed,3772,0,Excellent,0.63,1
51,11778,352,43160,Employed,13513,0,Excellent,0.57,0
22,17785,795,30552,Employed,11234,0,Excellent,0.39,1
62,15444,528,44422,Student,5927,1,Excellent,0.17,1
44,4237,511,25885,Self-Employed,14820,0,Good,0.33,0
69,3107,803,18409,Self-Employed,12417,3,Good,0.24,1
40,4453,794,5412,Employed,2095,9,Excellent,0.7,1
57,13673,532,47075,Unemployed,12032,9,Fair,0.37,1
31,7433,370,21027,Employed,9018,6,Good,0.32,0
32,12886,488,9559,Employed,11679,9,Good,0.16,0
60,16721,307,5650,Employed,4695,2,Excellent,0.21,1
50,6182,631,11844,Employed,769,8,Fair,0.51,0
70,16353,315,18633,Unemployed,6714,1,Good,0.4,1
48,12784,392,36751,Unemployed,12162,1,Good,0.28,0
52,12654,561,38343,Employed,8648,6,Good,0.24,1
34,10547,848,31493,Employed,9264,8,Excellent,0.18,1
45,11838,460,24831,Employed,2775,5,Fair,0.07,0
36,15823,650,37877,Employed,5367,0,Good,0.69,1
63,6425,473,48131,Employed,14141,5,Good,0.54,0
71,7283,616,46197,Employed,6433,3,Excellent,0.65,1
40,13843,317,2782,Employed,4630,4,Good,0.32,1
49,11417,785,21952,Self-Employed,7698,3,Excellent,0.62,1
57,11645,666,31219,Employed,10675,2,Good,0.22,1
30,8223,650,43167,Unemployed,5502,1,Excellent,0.38,1
37,18068,827,5412,Employed,13407,1,Fair,0.18,1
52,18405,734,31056,Employed,10490,9,Excellent,0.55,1
22,19132,569,30116,Self-Employed,14576,3,Fair,0.37,0
26,14849,367,48507,Employed,2971,2,Fair,0.4,0
46,2502,329,48855,Self-Employed,12121,5,Poor,0.61,0
23,7766,615,31633,Self-Employed,4400,9,Poor,0.53,0
42,12830,463,15598,Employed,14892,2,Poor,0.68,0
48,16480,619,11616,Employed,13899,2,Fair,0.31,1
39,8517,313,38448,Self-Employed,1642,3,Excellent,0.35,0
19,10085,578,34238,Employed,1017,4,Good,0.45,0
62,17511,731,13101,Employed,13278,8,Excellent,0.34,1
22,19501,562,38595,Self-Employed,13883,4,Good,0.32,1
44,18544,821,38835,Employed,4042,0,Good,0.27,1
42,7024,471,11286,Employed,9655,8,Poor,0.59,0
25,6750,657,36762,Employed,1511,1,Poor,0.4,0
72,9012,312,12070,Employed,5617,3,Excellent,0.44,0
18,1819,531,29091,Employed,6275,9,Good,0.18,0
37,11916,775,41702,Employed,11665,5,Good,0.21,1
61,5100,770,47739,Employed,4471,8,Good,0.27,1
40,6779,459,47707,Employed,14246,1,Good,0.35,1
49,19651,560,22742,Unemployed,11830,8,Poor,0.08,1
28,16994,658,34050,Employed,1721,8,Fair,0.63,1
56,19682,554,41377,Unemployed,686,0,Excellent,0.64,1
64,13898,814,15428,Employed,4466,5,Good,0.48,1
71,1782,579,45608,Self-Employed,11675,5,Fair,0.26,0
41,15530,416,3733,Employed,4250,8,Good,0.3,1
28,16802,461,5067,Employed,6388,5,Good,0.53,1
46,6666,597,19741,Student,14877,1,Poor,0.24,0
71,8621,596,12127,Employed,11824,7,Good,0.45,1
43,16177,657,13010,Self-Employed,12969,0,Good,0.64,1
33,17873,817,37006,Employed,3277,4,Poor,0.32,1
52,6396,677,10964,Self-Employed,5955,9,Good,0.43,1
37,18014,725,29653,Employed,12131,2,Good,0.65,1
63,2793,836,25373,Employed,11136,5,Excellent,0.27,1
20,8457,468,8210,Employed,3499,4,Excellent,0.54,1
18,17944,814,1787,Employed,11110,9,Good,0.54,1
70,11240,663,49467,Employed,1444,3,Good,0.65,1
64,14059,729,25618,Employed,8279,2,Good,0.61,1
18,11473,382,16060,Unemployed,1529,0,Poor,0.54,0
34,7776,629,46256,Employed,11431,7,Excellent,0.46,1
19,9652,432,28518,Student,3185,4,Excellent,0.21,1
46,9473,756,48770,Self-Employed,12,7,Excellent,0.49,1
37,16833,652,23168,Employed,11120,8,Fair,0.23,1
23,1537,643,38411,Employed,13989,7,Poor,0.34,0
25,7490,393,29481,Employed,5276,5,Fair,0.51,0
46,6938,681,22112,Employed,8511,9,Fair,0.49,0
65,17235,594,6640,Unemployed,4387,7,Excellent,0.31,1
68,12356,497,4410,Employed,13927,4,Good,0.17,1
50,1973,378,35126,Employed,14958,8,Fair,0.36,0
20,1558,513,26780,Employed,4868,5,Good,0.23,1
52,4136,458,45564,Employed,9875,1,Excellent,0.22,1
22,16334,500,12185,Employed,5596,6,Good,0.26,1
44,17077,321,16631,Employed,5770,0,Excellent,0.51,1
61,8796,638,44201,Student,13211,9,Good,0.37,1
29,14170,541,17921,Employed,13744,0,Poor,0.29,0
37,11225,537,29587,Employed,10641,7,Excellent,0.64,1
62,4174,448,38344,Unemployed,4253,4,Good,0.51,0
37,17296,306,21909,Employed,8575,9,Excellent,0.37,1
26,12565,532,20967,Employed,12685,8,Poor,0.32,0
56,12526,376,8898,Employed,6199,5,Excellent,0.58,1
21,3576,788,42904,Employed,1096,0,Good,0.16,1
68,6287,386,15216,Employed,969,5,Excellent,0.48,1
71,8994,521,27399,Employed,6903,0,Fair,0.06,0
36,4081,712,29474,Employed,2520,4,Excellent,0.05,1
55,17100,501,13398,Employed,3251,2,Good,0.66,1
44,15833,575,47762,Employed,11866,9,Excellent,0.38,1
62,11904,520,42810,Employed,193,9,Fair,0.25,1
60,12666,456,20309,Student,14018,8,Good,0.57,1
30,2432,480,30658,Self-Employed,11036,0,Excellent,0.69,0
30,19547,428,42955,Self-Employed,7551,5,Fair,0.07,1
74,10248,542,40482,Employed,13047,2,Fair,0.07,0
39,17077,471,24581,Employed,1252,8,Good,0.61,1
45,16515,802,33010,Employed,794,1,Good,0.41,1
69,17608,779,15287,Self-Employed,10914,6,Good,0.62,1
64,2604,569,23390,Employed,1626,8,Good,0.5,0
70,19154,720,46721,Self-Employed,14601,2,Good,0.36,1
62,14436,462,9541,Student,13950,2,Excellent,0.15,1
39,11101,323,18921,Employed,11033,2,Poor,0.3,0
60,5146,796,44937,Employed,5190,0,Excellent,0.56,1
36,16460,492,41149,Employed,8282,8,Good,0.2,1
25,16378,689,31238,Employed,11869,8,Excellent,0.51,1
69,19938,796,3366,Employed,7243,5,Poor,0.21,1
25,10645,428,14494,Employed,13927,8,Fair,0.35,0
59,19726,842,40796,Employed,14780,8,Fair,0.11,1
43,4302,335,44196,Employed,7364,0,Excellent,0.35,0
65,17865,756,12286,Unemployed,4172,2,Good,0.45,1
68,7605,660,7041,Student,11711,2,Excellent,0.42,1
43,4249,514,20985,Unemployed,1320,0,Poor,0.31,0
40,18474,586,5174,Employed,3459,5,Good,0.29,1
60,19252,668,34691,Employed,2369,3,Good,0.23,1
30,11681,768,23726,Employed,2468,7,Good,0.55,1
45,2861,485,28838,Employed,10785,5,Good,0.56,0
26,5273,773,4303,Employed,9849,3,Fair,0.36,0
37,14995,360,47653,Employed,11569,4,Good,0.3,0
73,3564,561,28177,Employed,4037,1,Good,0.46,0
36,7116,410,43007,Employed,345,9,Good,0.41,0
65,9475,440,10890,Employed,12073,0,Fair,0.48,0
56,12460,834,22964,Self-Employed,1664,6,Fair,0.25,1
68,16824,378,27806,Unemployed,3873,9,Excellent,0.56,1
29,7743,793,8600,Student,10964,2,Excellent,0.26,1
32,11060,330,27444,Employed,649,2,Good,0.32,1
48,16184,815,28230,Unemployed,5380,5,Good,0.14,1
72,9830,808,41890,Employed,13657,2,Excellent,0.61,1
31,6423,365,17466,Employed,7851,6,Excellent,0.47,0
28,7967,809,17476,Unemployed,10898,6,Good,0.2,1
43,7576,670,33021,Employed,6292,4,Good,0.6,1
59,9501,586,28732,Unemployed,1912,0,Good,0.51,1
44,16803,475,8375,Employed,14753,8,Poor,0.34,0
28,19199,422,8837,Employed,7196,1,Fair,0.69,0
55,17957,530,24108,Employed,11877,3,Fair,0.27,1
51,10175,303,18851,Self-Employed,13774,9,Excellent,0.11,1
60,13803,711,27600,Employed,6095,9,Good,0.53,1
36,19433,549,16188,Self-Employed,8050,1,Excellent,0.54,1
23,19243,786,45777,Employed,13053,0,Poor,0.09,1
63,16628,644,6489,Employed,10001,0,Good,0.58,1
69,19780,632,20082,Self-Employed,8058,0,Excellent,0.55,1
55,8159,752,9983,Employed,5680,6,Good,0.65,1
66,6746,457,34243,Employed,3260,8,Excellent,0.13,1
59,8467,569,9695,Employed,2112,0,Good,0.44,1
45,8161,717,1230,Employed,9674,9,Excellent,0.19,1
18,13916,739,40789,Employed,8867,5,Excellent,0.31,1
52,2010,328,33103,Employed,14559,4,Good,0.22,0
57,10114,634,43546,Unemployed,475,2,Excellent,0.34,1
25,3932,537,27350,Employed,325,1,Fair,0.12,0
69,3406,452,12282,Self-Employed,7686,1,Good,0.25,0
71,17054,414,21354,Employed,3263,1,Excellent,0.1,1
64,17948,698,29802,Employed,8039,6,Good,0.37,1
73,6428,331,12355,Employed,2135,3,Excellent,0.24,0
24,6210,831,31238,Employed,4253,6,Good,0.43,1
28,13040,352,44369,Employed,9488,9,Excellent,0.35,1
56,7624,494,18144,Employed,5035,0,Excellent,0.21,1
21,9337,604,6243,Employed,8135,9,Excellent,0.12,1
42,17083,644,21336,Employed,281,3,Good,0.54,1
29,18684,381,18680,Employed,656,8,Poor,0.46,0
43,7609,300,11594,Self-Employed,2210,6,Good,0.07,0
55,11409,466,19531,Self-Employed,11437,9,Excellent,0.69,1
63,8159,616,27215,Unemployed,9092,5,Excellent,0.47,1
29,2738,482,38164,Employed,7468,6,Good,0.18,0
60,16564,572,17992,Student,12618,1,Excellent,0.6,1
68,7120,672,31523,Self-Employed,143,0,Excellent,0.62,1
70,2986,661,34649,Employed,3369,9,Fair,0.42,0
54,6181,500,11442,Self-Employed,3933,8,Excellent,0.63,1
63,12990,491,30893,Employed,7355,1,Fair,0.07,1
70,5970,640,24700,Employed,10679,1,Excellent,0.66,1
41,13223,598,44388,Employed,2535,2,Excellent,0.09,1
33,15388,805,14042,Employed,9605,2,Fair,0.47,1
74,8677,439,28577,Employed,9235,2,Fair,0.27,0
30,14701,605,14494,Unemployed,13523,3,Good,0.08,1
42,6941,495,22275,Employed,10775,0,Excellent,0.65,0
71,19724,360,40248,Employed,11866,0,Good,0.14,1
71,13219,659,24889,Employed,13875,3,Excellent,0.6,1
74,6897,606,35762,Employed,649,0,Poor,0.26,0
69,3121,779,17173,Unemployed,4760,3,Good,0.53,1
71,19445,632,8768,Employed,3291,1,Poor,0.22,0
21,19300,382,13509,Employed,7121,6,Good,0.43,1
28,5690,633,2011,Self-Employed,11113,5,Good,0.57,1
49,6554,816,24287,Employed,8364,1,Excellent,0.42,1
66,2630,773,33152,Unemployed,3021,1,Fair,0.25,1
24,15571,693,18072,Employed,2048,0,Excellent,0.2,1
63,13436,679,37836,Employed,12270,3,Good,0.16,1
28,3618,320,37215,Self-Employed,11288,1,Good,0.6,0
45,2163,476,25281,Employed,5323,4,Good,0.45,0
71,17235,662,32038,Employed,11119,3,Good,0.38,1
58,11263,321,16948,Self-Employed,1894,0,Fair,0.21,0
40,19407,847,24639,Employed,5320,4,Excellent,0.33,1
62,9553,549,11236,Employed,3976,4,Good,0.45,1
40,18871,372,25459,Student,13225,4,Good,0.1,1
67,5345,390,26016,Employed,11454,1,Excellent,0.28,1
45,14996,475,26800,Employed,408,3,Good,0.21,1
60,7801,425,31271,Employed,11741,4,Poor,0.47,0
64,13385,503,36230,Employed,3375,5,Poor,0.44,0
74,17982,545,38891,Self-Employed,12214,6,Excellent,0.24,1
43,3788,570,30621,Employed,6887,9,Fair,0.08,1
42,9296,343,5178,Employed,7899,2,Fair,0.17,0
71,8763,847,33448,Unemployed,577,2,Excellent,0.15,1
46,14277,467,14276,Self-Employed,14296,9,Good,0.42,1
36,10270,734,15828,Employed,8145,1,Fair,0.16,1
50,8885,329,7149,Employed,11799,8,Good,0.36,0
53,16362,656,28328,Unemployed,4177,0,Good,0.45,1
31,9964,790,19136,Employed,602,2,Good,0.62,1
31,6381,547,30018,Employed,3755,2,Excellent,0.21,1
52,17518,552,32376,Employed,14263,7,Excellent,0.17,1
47,17191,681,44962,Employed,6690,5,Fair,0.16,1
45,10867,835,6916,Unemployed,4069,2,Excellent,0.28,1
34,1913,718,5546,Self-Employed,6320,0,Fair,0.47,1
20,19434,422,16361,Employed,14991,2,Excellent,0.49,1
33,16214,593,4359,Self-Employed,5334,3,Good,0.19,1
63,8641,442,13134,Employed,9179,0,Good,0.14,1
47,14682,810,45256,Employed,4236,2,Fair,0.34,1
69,17725,356,30625,Self-Employed,10507,3,Fair,0.14,0
46,3446,341,41372,Employed,4234,6,Fair,0.58,0
62,1691,420,46269,Unemployed,3118,3,Good,0.1,0
32,17924,642,37782,Employed,1083,0,Good,0.54,1
63,15675,631,1899,Employed,10800,8,Good,0.08,1
73,11551,755,34957,Unemployed,9779,5,Excellent,0.57,1
42,7392,736,32092,Employed,1084,8,Excellent,0.46,1
68,4949,640,34420,Employed,1749,6,Good,0.26,1
55,9827,640,1982,Employed,3166,3,Good,0.31,1
59,7409,715,34343,Self-Employed,9847,0,Excellent,0.49,1
64,13893,481,9524,Employed,3546,6,Excellent,0.17,1
70,3441,563,5307,Unemployed,8231,8,Good,0.63,1
71,5721,509,7753,Employed,13657,5,Excellent,0.36,1
69,8043,822,44173,Employed,1350,0,Excellent,0.54,1
55,19442,481,44133,Student,1994,8,Good,0.38,1
40,15512,743,32900,Employed,6580,6,Excellent,0.34,1
42,3621,550,45793,Employed,14140,0,Excellent,0.36,1
59,18912,437,41508,Unemployed,10645,3,Good,0.29,1
24,13226,517,18439,Employed,743,4,Good,0.53,1
39,7156,753,39794,Employed,3282,1,Poor,0.6,0
34,10467,386,21753,Self-Employed,4133,2,Excellent,0.61,0
35,17264,592,35092,Self-Employed,6611,1,Good,0.13,1
66,17373,391,49148,Employed,10556,3,Good,0.54,1
58,12579,507,4595,Employed,9298,6,Excellent,0.18,1
27,19762,503,21211,Unemployed,3427,4,Good,0.06,1
27,3771,485,28238,Employed,8821,6,Good,0.23,1
74,3107,384,19707,Employed,4910,0,Good,0.24,0
24,17179,455,47086,Employed,12826,2,Fair,0.58,0
65,18489,592,2882,Employed,10448,1,Fair,0.53,1
67,5165,832,28639,Self-Employed,3985,0,Excellent,0.11,1
55,17808,460,14766,Employed,5756,4,Excellent,0.26,1
44,7352,685,2153,Employed,7443,2,Good,0.21,1
69,6962,784,17660,Unemployed,491,7,Good,0.44,1
50,5770,802,39172,Self-Employed,6441,4,Fair,0.4,1
18,17197,455,39060,Employed,7976,4,Poor,0.49,0
61,19260,442,25907,Employed,12871,6,Excellent,0.64,1
70,4962,583,44212,Self-Employed,4153,7,Fair,0.32,0
51,16974,334,12243,Student,9674,0,Good,0.48,0
21,1847,523,47010,Employed,13942,4,Good,0.65,0
34,17884,692,44367,Employed,1949,8,Excellent,0.4,1
21,1562,707,20586,Employed,10635,8,Excellent,0.25,1
60,3283,687,17690,Employed,5493,6,Good,0.31,1
71,9917,596,7663,Employed,3133,3,Good,0.54,1
43,8066,622,48981,Self-Employed,11709,1,Poor,0.52,0
21,18926,787,7189,Employed,2134,4,Good,0.54,1
18,12372,338,21673,Employed,10053,3,Good,0.53,0
24,16818,804,4589,Employed,610,0,Poor,0.65,1
47,2734,802,37409,Employed,7566,6,Good,0.55,1
67,3484,836,41104,Employed,9339,2,Excellent,0.61,1
26,19478,615,16481,Employed,6117,5,Good,0.42,1
52,3452,795,22492,Employed,4741,4,Excellent,0.47,1
25,19579,416,48310,Student,10522,3,Poor,0.68,0
41,18838,641,3162,Self-Employed,2561,2,Good,0.62,1
36,4791,539,15574,Employed,7045,8,Excellent,0.56,1
53,10048,744,24093,Self-Employed,828,4,Excellent,0.5,1
67,16004,786,30864,Employed,1695,9,Good,0.28,1
69,13287,710,6167,Unemployed,10396,6,Good,0.41,1
60,2468,597,44743,Student,10465,3,Good,0.09,0
44,18125,351,20525,Employed,11072,0,Good,0.32,1
49,5734,603,21987,Student,5774,1,Excellent,0.12,1
31,9838,587,17538,Employed,3465,9,Excellent,0.52,1
74,8849,417,4630,Employed,265,4,Good,0.63,1
35,14868,723,9652,Employed,1289,7,Excellent,0.16,1
45,16701,508,26366,Student,11812,7,Poor,0.21,0
46,17570,426,47281,Employed,13599,7,Excellent,0.61,1
33,10234,592,40565,Employed,5411,8,Good,0.43,1
52,10383,818,32036,Employed,11583,1,Excellent,0.43,1
64,2525,521,40362,Employed,472,3,Excellent,0.42,1
48,13697,376,2867,Unemployed,6542,9,Fair,0.19,0
21,4859,637,27264,Employed,5192,5,Good,0.21,1
54,6757,574,1576,Employed,10767,5,Good,0.67,1
34,4451,416,8263,Employed,1896,4,Excellent,0.52,0
56,8889,591,47999,Employed,3154,1,Excellent,0.11,1
65,16166,570,4764,Employed,6317,7,Good,0.19,1
63,16452,746,25937,Self-Employed,9081,0,Fair,0.46,1
43,15727,456,34224,Employed,11691,0,Excellent,0.23,1
65,19034,483,28825,Employed,1611,0,Good,0.21,1
56,17124,723,29800,Employed,6434,8,Fair,0.18,1
58,3235,315,36878,Employed,4476,4,Fair,0.17,0
21,18922,397,38675,Self-Employed,14898,1,Excellent,0.45,1
47,7869,599,5968,Employed,8377,0,Good,0.64,1
47,8627,721,25925,Employed,13316,3,Fair,0.28,1
39,4412,606,28268,Employed,12197,1,Fair,0.13,1
28,16964,573,15202,Employed,3333,2,Excellent,0.13,1
19,14106,560,21931,Employed,2226,1,Good,0.66,1
61,2742,538,5083,Employed,3213,7,Poor,0.39,0
29,17136,631,17492,Employed,4015,2,Good,0.35,1
47,11608,414,2231,Employed,1291,1,Fair,0.63,0
53,9598,567,34344,Self-Employed,10865,5,Excellent,0.38,1
35,4912,311,1240,Unemployed,2517,6,Fair,0.36,0
43,13132,372,11830,Employed,13292,8,Good,0.65,0
70,14731,705,49215,Unemployed,11955,9,Excellent,0.36,1
24,16683,477,24950,Self-Employed,11240,3,Good,0.3,1
18,8660,558,39577,Employed,8049,4,Excellent,0.43,1
43,19097,699,27617,Self-Employed,13379,5,Fair,0.69,1
40,12623,569,14573,Employed,2154,2,Fair,0.68,0
43,18302,785,27728,Unemployed,14906,2,Good,0.55,1
62,6460,358,43908,Employed,7604,2,Good,0.37,0
23,2288,565,41924,Employed,3102,4,Good,0.62,1
23,19755,374,27071,Student,3618,5,Excellent,0.32,1
61,14850,389,11285,Employed,3843,8,Good,0.47,1
25,19909,804,28513,Employed,520,8,Excellent,0.17,1
41,3946,656,11270,Self-Employed,1644,4,Excellent,0.48,1
39,17683,453,19839,Employed,654,7,Poor,0.23,0
36,10252,517,20830,Self-Employed,41,6,Excellent,0.55,1
54,14940,785,43365,Employed,14932,3,Good,0.32,1
35,13596,839,17270,Employed,11103,0,Fair,0.31,1
48,18423,429,38579,Employed,3784,2,Good,0.54,1
54,7999,365,8827,Employed,3951,9,Good,0.33,1
47,16267,443,44705,Employed,10015,4,Excellent,0.51,1
74,12837,679,28324,Employed,13135,9,Excellent,0.61,1
59,17319,612,27088,Employed,5420,2,Good,0.14,1
50,17284,706,41574,Employed,10500,3,Good,0.36,1
27,6811,706,3923,Employed,1513,8,Excellent,0.66,1
54,12952,576,38769,Employed,4766,8,Good,0.58,1
29,16074,708,18192,Employed,3736,8,Fair,0.68,1
71,19779,613,41244,Employed,9472,8,Excellent,0.61,1
47,17452,848,13886,Employed,4924,0,Excellent,0.25,1
44,4000,548,32352,Employed,11330,8,Excellent,0.17,1
56,16218,760,39731,Employed,7892,1,Good,0.19,1
26,4329,698,39703,Employed,8411,7,Fair,0.19,1
71,1547,750,21614,Employed,11586,8,Excellent,0.1,1
38,3864,770,17711,Employed,4009,7,Fair,0.64,0
29,14364,733,29870,Employed,4959,8,Good,0.38,1
72,9677,745,18066,Employed,11999,4,Good,0.12,1
46,14847,402,45291,Employed,10224,9,Excellent,0.55,1
50,9431,627,33891,Employed,1629,6,Good,0.26,1
60,14341,545,1753,Self-Employed,7226,2,Poor,0.1,0
70,13344,357,41882,Employed,3249,3,Poor,0.17,0
32,10094,404,35374,Self-Employed,460,3,Good,0.48,0
19,14918,368,40293,Employed,289,9,Good,0.57,0
69,3586,601,4578,Self-Employed,9327,3,Excellent,0.21,1
56,11919,452,22050,Employed,14517,7,Poor,0.43,0
70,13102,836,16468,Employed,10705,1,Fair,0.05,1
61,12682,334,20229,Employed,223,1,Good,0.23,1
71,14335,314,3938,Employed,2445,4,Fair,0.17,0
35,19033,405,49925,Employed,7327,5,Excellent,0.1,1
20,17946,373,43886,Employed,453,3,Excellent,0.36,1
24,4653,584,14875,Employed,12650,6,Fair,0.46,0
60,10700,849,36195,Employed,2046,9,Good,0.08,1
35,11723,496,25740,Employed,14160,3,Good,0.14,1
61,11773,579,15150,Unemployed,10914,7,Good,0.66,0
55,2251,452,10701,Employed,5911,1,Excellent,0.2,1
54,10349,590,24291,Employed,12290,9,Good,0.54,1
50,18584,441,30286,Employed,12880,3,Good,0.54,1
61,17720,611,25116,Employed,12067,6,Excellent,0.26,1
48,11848,331,6886,Employed,8882,4,Good,0.18,0
28,19424,325,14672,Unemployed,5479,9,Good,0.21,1
21,7667,554,15508,Employed,9040,1,Poor,0.42,0
35,7864,355,29668,Employed,14264,2,Excellent,0.3,1
21,3483,592,44770,Unemployed,3386,3,Good,0.37,1
66,16129,529,10392,Unemployed,4701,4,Poor,0.58,0
51,17788,352,38936,Student,4824,6,Excellent,0.38,1
46,12773,400,47190,Self-Employed,6165,2,Fair,0.7,0
41,9148,766,4281,Employed,2468,8,Excellent,0.48,1
39,9394,566,47839,Unemployed,6090,9,Fair,0.18,0
19,14805,301,9810,Unemployed,13437,2,Good,0.37,0
61,14425,321,38722,Employed,9620,4,Poor,0.58,0
23,11827,511,30850,Employed,5774,4,Excellent,0.19,1
59,19533,535,37491,Employed,2315,6,Good,0.52,1
42,12911,828,35454,Employed,3925,5,Good,0.07,1
72,8400,687,48659,Employed,14950,2,Fair,0.66,0
74,17637,313,13924,Self-Employed,10807,0,Excellent,0.48,0
38,5300,818,17023,Employed,738,5,Excellent,0.16,1
72,3978,521,29508,Self-Employed,5225,5,Good,0.62,0
33,11467,702,29468,Employed,4751,3,Good,0.1,1
48,11658,812,29379,Employed,14880,1,Good,0.31,1
31,8554,586,26929,Unemployed,7796,8,Excellent,0.53,1
56,7559,683,38007,Employed,2218,5,Fair,0.66,0
45,11459,546,42313,Self-Employed,10544,0,Good,0.28,1
49,13507,390,17664,Employed,14669,7,Excellent,0.59,1
45,9933,611,14633,Employed,7915,9,Excellent,0.18,1
68,7709,736,45337,Unemployed,6543,6,Excellent,0.07,1
72,8615,342,5932,Employed,11431,5,Good,0.07,1
66,14568,373,17205,Employed,7106,0,Good,0.48,0
26,4868,615,20934,Employed,874,9,Good,0.15,0
62,17628,443,6183,Self-Employed,8526,4,Poor,0.08,0
39,4327,628,21251,Unemployed,5987,3,Excellent,0.68,1
49,17490,508,21744,Employed,1178,6,Fair,0.21,1
22,3987,398,3053,Employed,629,1,Fair,0.35,0
40,14847,413,38776,Employed,6519,0,Excellent,0.45,1
22,17777,474,9359,Student,6014,6,Poor,0.14,0
59,3143,570,48458,Employed,80,7,Poor,0.28,0
70,19096,362,46905,Employed,909,4,Good,0.47,0
49,1519,703,35934,Employed,8641,7,Good,0.47,1
27,2175,524,41874,Unemployed,3070,3,Fair,0.6,0
56,18492,460,13461,Employed,11162,7,Good,0.33,1
32,17945,335,44966,Employed,5429,2,Fair,0.63,0
24,10957,680,22566,Employed,4078,6,Excellent,0.49,1
46,2654,617,46006,Employed,14167,5,Excellent,0.42,1
64,11320,755,28516,Employed,1979,0,Excellent,0.13,1
20,11318,568,36413,Employed,4775,4,Good,0.42,1
36,5216,643,48313,Employed,6828,3,Fair,0.44,0
27,6742,339,47064,Employed,11587,5,Good,0.54,0
45,6522,713,32469,Self-Employed,729,8,Good,0.52,1
46,19326,679,5627,Employed,11491,3,Good,0.39,1
32,3153,521,12191,Employed,11203,1,Excellent,0.44,1
52,4002,580,34973,Self-Employed,14526,7,Fair,0.55,0
23,18165,524,7703,Self-Employed,7905,0,Good,0.28,1
29,15586,756,17611,Employed,3020,5,Poor,0.14,1
64,4903,453,46669,Employed,9205,3,Good,0.62,1
55,2735,579,35904,Employed,4775,5,Good,0.68,0
30,14649,652,24695,Employed,1320,2,Poor,0.33,1
46,15896,338,45691,Student,6332,8,Excellent,0.69,1
36,15930,788,7958,Employed,3264,2,Excellent,0.26,1
20,18669,497,17633,Self-Employed,4608,2,Good,0.09,1
25,15364,575,3272,Self-Employed,13320,4,Good,0.42,1
25,17006,471,23422,Employed,12874,6,Good,0.61,0
72,13009,807,4018,Employed,13135,5,Excellent,0.45,1
37,4694,704,13960,Employed,2908,6,Poor,0.06,0
64,6289,570,3215,Self-Employed,3043,8,Fair,0.06,0
21,12138,430,35925,Employed,2190,2,Excellent,0.52,1
68,6850,684,19180,Employed,5946,4,Excellent,0.6,1
38,2033,696,20628,Employed,14822,4,Fair,0.21,1
20,5163,595,16870,Employed,10433,2,Good,0.36,1
62,1629,682,1296,Employed,10761,9,Good,0.67,1
25,14063,811,35695,Employed,3504,8,Excellent,0.35,1
40,3358,694,15578,Employed,7306,8,Excellent,0.14,1
33,17235,559,14554,Self-Employed,13341,5,Good,0.64,1
30,13842,580,41189,Employed,9494,4,Good,0.37,1
20,5149,655,22585,Employed,8981,3,Excellent,0.27,1
65,12478,719,35225,Employed,8114,3,Poor,0.11,0
26,6360,491,4546,Unemployed,13353,4,Excellent,0.35,1
31,10912,727,47622,Employed,11491,1,Fair,0.55,1
30,10333,647,47083,Employed,7964,7,Good,0.52,1
70,15635,728,41129,Employed,1964,6,Fair,0.37,1
74,2223,691,28703,Employed,13791,6,Poor,0.52,0
24,2237,640,4664,Employed,8608,0,Excellent,0.28,1
32,15379,846,27165,Employed,11464,7,Good,0.53,1
24,2799,701,32099,Self-Employed,1344,0,Excellent,0.11,1
55,1839,346,41422,Employed,2737,8,Fair,0.18,0
51,1652,724,17479,Employed,10607,5,Fair,0.62,0
58,11113,816,43319,Employed,2645,7,Good,0.24,1
39,15255,627,7140,Self-Employed,10799,0,Good,0.18,1
41,17482,386,18736,Employed,804,5,Excellent,0.11,1
66,1926,814,23141,Self-Employed,10957,0,Good,0.31,1
54,10827,464,22628,Employed,8021,2,Good,0.09,0
61,13021,522,47862,Employed,10144,1,Excellent,0.37,1
18,18833,596,28243,Employed,6021,1,Good,0.65,1
27,2873,750,18214,Employed,11589,3,Poor,0.56,0
60,8582,642,18989,Employed,4918,6,Good,0.08,1
33,11393,640,22029,Student,10155,2,Excellent,0.24,1
63,9093,760,45770,Self-Employed,14129,6,Good,0.17,1
25,10995,691,8937,Employed,4405,8,Poor,0.09,1
73,18254,836,30703,Employed,4798,3,Fair,0.12,1
66,9337,720,46618,Employed,13672,6,Excellent,0.64,1
42,12672,680,40284,Employed,2575,0,Fair,0.25,1
67,11817,304,17605,Employed,6783,1,Fair,0.3,0
29,12434,303,26106,Employed,11566,7,Poor,0.37,0
42,6730,615,7493,Unemployed,4792,2,Fair,0.53,0
34,15145,377,33502,Self-Employed,3713,4,Excellent,0.57,1
43,10454,830,33335,Employed,11940,7,Good,0.68,1
63,13754,654,26957,Employed,8796,4,Fair,0.19,1
65,18888,332,5117,Employed,11542,0,Poor,0.25,0
31,8557,438,39176,Employed,11988,1,Excellent,0.25,1
58,5255,571,34521,Student,10892,9,Good,0.34,1
53,4346,495,13501,Self-Employed,9842,2,Good,0.57,0
74,4464,426,2188,Employed,4416,9,Good,0.21,0
40,10378,648,48243,Employed,11740,1,Good,0.56,1
60,14148,343,33113,Employed,303,8,Good,0.18,1
23,4255,543,42368,Employed,518,4,Poor,0.51,0
64,7973,308,44445,Employed,13214,0,Fair,0.57,0
22,16054,378,1796,Employed,4030,7,Fair,0.6,0
60,3193,489,48116,Employed,9132,2,Good,0.38,0
42,12584,385,15836,Employed,6335,8,Fair,0.26,0
35,13503,784,6145,Employed,6165,8,Excellent,0.55,1
30,18568,570,37939,Employed,11070,5,Excellent,0.26,1
60,4419,812,9175,Employed,79,3,Poor,0.15,1
31,5256,319,2514,Employed,13595,8,Good,0.59,0
45,4783,788,16451,Employed,14763,8,Excellent,0.32,1
35,6191,429,38704,Employed,8294,1,Poor,0.42,0
74,8850,306,49393,Unemployed,8920,9,Poor,0.65,0
45,19040,609,17882,Employed,12429,5,Fair,0.14,1
68,4561,772,12433,Employed,2450,3,Excellent,0.41,1
73,7419,401,2369,Employed,9147,2,Excellent,0.41,0
44,19176,637,15068,Employed,11852,9,Good,0.61,1
49,11576,618,42658,Employed,13057,5,Good,0.27,1
64,11252,812,9116,Unemployed,4914,7,Poor,0.31,1
26,17512,324,44687,Employed,8931,8,Poor,0.39,0
57,10675,729,27826,Unemployed,5709,8,Poor,0.16,1
49,9402,442,44453,Unemployed,12449,1,Excellent,0.36,1
37,3567,448,32237,Unemployed,8785,7,Fair,0.33,0
45,3479,354,6364,Employed,14551,7,Fair,0.18,0
50,19620,770,1090,Employed,3549,4,Good,0.59,1
21,19802,662,13086,Employed,562,3,Excellent,0.33,1
63,2200,508,12389,Employed,5010,8,Fair,0.25,0
74,5546,484,17855,Employed,1699,3,Excellent,0.13,0
51,3573,364,39852,Self-Employed,6394,9,Poor,0.11,0
65,13445,848,43225,Unemployed,8916,3,Excellent,0.67,1
20,18278,411,28384,Employed,14197,2,Good,0.7,1
43,4548,562,2111,Employed,9625,9,Poor,0.63,0
25,2022,375,34365,Employed,1342,2,Poor,0.35,0
23,12601,595,12408,Employed,1895,2,Fair,0.58,1
33,10241,477,25002,Employed,12675,6,Fair,0.59,0
41,19352,300,18738,Self-Employed,6228,4,Poor,0.24,0
65,14174,447,41645,Self-Employed,14850,8,Poor,0.43,0
56,19305,428,13138,Unemployed,4100,1,Good,0.67,1
47,1785,812,12427,Employed,2282,3,Fair,0.23,1
62,13457,801,11896,Employed,374,1,Good,0.48,1
30,8608,448,3389,Self-Employed,2322,7,Good,0.48,0
22,16490,568,16360,Unemployed,9586,3,Fair,0.34,1
42,19329,404,37843,Unemployed,13200,0,Fair,0.37,1
37,7337,765,29226,Employed,12065,9,Fair,0.35,1
71,16532,580,17847,Unemployed,9747,2,Excellent,0.39,1
35,2966,706,48565,Employed,9115,6,Good,0.15,1
64,10606,657,18456,Unemployed,9032,2,Good,0.57,1
35,9979,502,6446,Self-Employed,9922,4,Good,0.48,1
19,11780,580,17857,Employed,13705,1,Good,0.68,0
27,7432,556,38751,Unemployed,14996,7,Fair,0.21,0
72,11496,393,34706,Employed,12264,3,Excellent,0.14,0
62,2678,623,15703,Unemployed,4723,0,Excellent,0.27,1
67,4051,661,18694,Employed,2051,3,Poor,0.38,0
64,17525,650,40959,Employed,14869,7,Poor,0.18,1
29,11280,361,16058,Employed,12102,8,Excellent,0.35,0
64,11648,486,5056,Employed,14013,0,Good,0.47,1
30,11467,841,13855,Student,1547,5,Excellent,0.09,1
67,6362,603,24488,Employed,12170,3,Fair,0.54,1
64,10679,735,16772,Self-Employed,2453,7,Good,0.66,1
74,7355,512,24116,Self-Employed,9628,0,Good,0.22,1
72,19087,705,34027,Employed,11452,4,Good,0.55,1
28,2619,433,2656,Employed,2364,0,Good,0.32,0
36,5475,518,44915,Employed,14874,3,Excellent,0.48,1
52,14419,720,29855,Employed,7598,1,Fair,0.53,1
56,11102,618,45079,Employed,6483,9,Fair,0.24,1
70,14195,456,40058,Unemployed,7821,8,Fair,0.56,0
43,2792,487,6913,Self-Employed,4614,1,Poor,0.12,0
63,10886,775,8973,Employed,6030,3,Fair,0.69,1
31,11640,461,17975,Student,13741,2,Excellent,0.27,1
71,13272,428,43392,Employed,923,0,Excellent,0.2,1
62,8090,603,14305,Employed,9642,0,Fair,0.14,0
61,15477,388,11679,Self-Employed,9737,1,Excellent,0.58,1
41,18901,461,22961,Employed,4786,7,Good,0.43,1
58,6676,335,1228,Self-Employed,13259,1,Excellent,0.67,0
18,13899,526,16643,Employed,13260,0,Poor,0.47,0
68,8147,450,28355,Employed,6758,5,Good,0.27,0
60,7515,346,43328,Employed,7467,0,Excellent,0.59,0
72,17345,530,19008,Employed,7221,9,Poor,0.23,0
39,19973,838,24474,Employed,12005,8,Good,0.24,1
40,3556,464,4979,Employed,11096,5,Excellent,0.07,1
73,13676,365,47343,Employed,2258,9,Fair,0.21,0
71,11503,379,1739,Self-Employed,12056,5,Excellent,0.22,1
36,15247,439,40289,Employed,4542,0,Fair,0.24,1
35,4614,699,20558,Employed,69,6,Good,0.29,1
29,14942,429,38817,Employed,9516,2,Excellent,0.42,1
72,8883,745,27646,Employed,11331,0,Fair,0.19,1
45,3129,328,39154,Employed,5913,8,Good,0.46,0
45,19427,501,33272,Self-Employed,10521,7,Good,0.14,1
50,19788,536,38339,Employed,13465,3,Fair,0.66,1
36,19320,638,49055,Employed,14797,2,Excellent,0.07,1
45,4817,698,15260,Employed,8125,1,Good,0.64,1
69,12751,738,7594,Employed,7391,1,Poor,0.41,0
66,5616,588,14185,Unemployed,367,2,Good,0.51,1
54,11123,551,13572,Self-Employed,1883,0,Good,0.24,1
43,7623,399,41248,Employed,5308,9,Excellent,0.16,0
52,4561,721,18569,Employed,6529,6,Good,0.67,1
51,9589,317,17973,Employed,10280,1,Good,0.34,1
52,5231,770,5217,Self-Employed,8876,5,Excellent,0.36,1
57,7827,306,8648,Employed,5076,5,Excellent,0.69,0
33,17861,718,18519,Self-Employed,9965,3,Good,0.27,1
55,17407,679,47318,Employed,6925,3,Excellent,0.12,1
30,3546,807,32953,Employed,6820,0,Good,0.43,1
40,12832,413,20804,Employed,3713,5,Fair,0.41,0
71,6564,810,11750,Employed,10756,7,Excellent,0.55,1
39,10945,768,1001,Employed,12133,9,Fair,0.67,1
33,2222,392,18275,Employed,3201,3,Good,0.25,0
45,14789,791,8882,Employed,1920,0,Poor,0.52,1
65,16710,401,46854,Self-Employed,8879,3,Poor,0.33,0
52,9064,792,13748,Self-Employed,11285,1,Fair,0.56,1
62,9775,835,33601,Student,10280,3,Good,0.16,1
63,5319,784,28575,Employed,152,7,Poor,0.38,0
25,4864,778,33369,Employed,4653,2,Poor,0.1,0
61,5818,466,45617,Employed,7517,4,Good,0.41,0
72,12979,439,16317,Self-Employed,7176,9,Good,0.16,0
72,8898,393,46109,Employed,12220,1,Excellent,0.67,0
39,3952,480,29318,Employed,13924,8,Excellent,0.41,0
38,1925,303,47546,Employed,9262,2,Good,0.39,0
43,15365,688,37972,Employed,6473,0,Good,0.68,1
57,15007,571,42239,Employed,3790,6,Good,0.37,1
38,10299,431,23168,Employed,6896,4,Excellent,0.49,0
42,3624,811,19082,Employed,4098,8,Fair,0.08,1
58,19184,351,12079,Employed,13063,2,Good,0.51,1
18,6515,589,3884,Employed,7576,0,Good,0.12,1
23,10157,745,28861,Employed,1059,6,Good,0.56,1
40,19848,536,37347,Employed,2858,7,Good,0.62,1
68,12231,790,8195,Employed,12283,1,Excellent,0.26,1
40,19923,579,3251,Employed,12530,1,Good,0.62,1
60,17808,343,5640,Employed,12013,8,Good,0.36,1
60,19068,658,19740,Unemployed,7601,3,Fair,0.42,1
40,16143,825,49761,Employed,5950,0,Excellent,0.32,1
49,5434,761,13815,Employed,8148,8,Excellent,0.36,1
47,12909,400,43891,Employed,9633,8,Good,0.64,1
30,9672,760,42968,Self-Employed,2266,5,Fair,0.67,1
60,2277,567,30913,Employed,2248,5,Fair,0.34,0
35,17405,661,13904,Employed,4489,8,Good,0.38,1
40,3918,707,19462,Employed,7706,1,Good,0.13,1
32,13954,336,36482,Employed,8792,8,Excellent,0.26,1
50,3939,767,7947,Employed,14604,3,Fair,0.38,1
38,9304,558,2338,Employed,7986,3,Excellent,0.18,1
74,14523,808,13782,Self-Employed,835,8,Fair,0.42,1
56,16326,608,21073,Employed,14459,6,Poor,0.5,0
40,14712,572,7614,Self-Employed,8591,9,Poor,0.47,0
44,3489,409,1741,Employed,10520,4,Fair,0.34,0
62,9368,559,31210,Employed,1007,7,Excellent,0.55,1
61,10758,567,1733,Student,8958,0,Good,0.26,1
35,2444,331,14944,Self-Employed,432,6,Excellent,0.36,0
41,19781,476,2806,Employed,8591,3,Excellent,0.23,1
68,6650,403,14285,Employed,5121,1,Excellent,0.44,0
64,19581,535,44338,Unemployed,328,1,Good,0.34,1
57,12506,392,12457,Unemployed,4730,8,Good,0.19,1
68,12180,500,2753,Self-Employed,9963,5,Poor,0.25,0
59,16704,334,41126,Self-Employed,14718,3,Good,0.23,1
24,3165,416,15587,Employed,1612,1,Good,0.64,0
67,14311,757,6857,Student,12365,6,Good,0.39,1
65,10451,770,34792,Employed,12619,8,Fair,0.47,1
37,11849,698,43442,Employed,14498,1,Poor,0.66,0
44,11043,416,23148,Student,4245,3,Good,0.17,1
23,10960,661,37322,Employed,2004,0,Excellent,0.66,1
44,3285,503,10971,Employed,6703,0,Excellent,0.4,1
26,7448,445,12908,Employed,6769,2,Fair,0.61,0
70,15998,743,22202,Self-Employed,5624,0,Good,0.16,1
62,4130,596,27692,Employed,6719,3,Fair,0.23,0
74,9160,786,5566,Employed,3010,5,Fair,0.18,1
48,1738,530,32019,Employed,4245,4,Good,0.47,0
38,15391,502,15022,Employed,9800,8,Fair,0.14,1
43,10838,661,44925,Self-Employed,3118,1,Fair,0.57,1
57,11249,694,44720,Employed,361,1,Good,0.21,1
65,11849,547,40662,Employed,1716,2,Excellent,0.22,1
62,15082,739,28030,Employed,2421,3,Good,0.23,1
30,13143,695,40850,Employed,4190,8,Good,0.54,1
66,13745,655,45714,Employed,7268,5,Poor,0.65,0
40,9399,700,20752,Employed,3461,8,Good,0.64,1
37,8645,540,36397,Employed,3981,4,Good,0.12,1
54,7361,640,26104,Employed,13906,8,Good,0.22,1
71,14551,528,21616,Unemployed,10321,8,Excellent,0.49,1
70,18132,842,31938,Employed,4728,0,Good,0.45,1
45,13821,838,7661,Employed,10652,8,Excellent,0.28,1
34,5823,828,27047,Employed,2050,6,Excellent,0.61,1
45,4360,566,40043,Employed,12300,7,Good,0.13,0
58,18607,428,43995,Unemployed,4259,2,Good,0.47,1
19,16419,519,47442,Employed,4712,0,Fair,0.23,0
42,2069,381,26943,Employed,9560,3,Fair,0.39,0
67,9911,319,35487,Student,8027,0,Excellent,0.3,1
58,11086,626,10233,Employed,4261,0,Excellent,0.69,1
23,3622,336,4487,Employed,11338,3,Good,0.37,0
28,15909,681,25559,Employed,6203,7,Good,0.68,1
74,4589,338,6844,Employed,5864,0,Good,0.22,0
55,15742,408,42519,Employed,6525,9,Good,0.55,1
23,8710,728,27140,Unemployed,8852,9,Excellent,0.52,1
62,17933,363,12416,Employed,5242,8,Good,0.6,1
28,2014,474,23859,Self-Employed,4562,5,Good,0.5,0
31,12483,331,23253,Student,7456,4,Good,0.49,1
19,12470,830,40230,Employed,8707,8,Good,0.48,1
57,12310,405,19184,Employed,14816,8,Excellent,0.69,1
20,11529,781,28846,Unemployed,6380,8,Excellent,0.2,1
72,6171,505,31221,Employed,8911,2,Good,0.07,0
70,19049,546,43771,Employed,8363,7,Excellent,0.49,1
52,11941,388,22459,Unemployed,13696,9,Excellent,0.16,0
50,1914,615,16498,Employed,1469,3,Excellent,0.49,1
41,16593,310,5262,Employed,14542,3,Good,0.26,1
36,18988,348,33914,Employed,1173,6,Fair,0.08,0
35,3916,470,46500,Self-Employed,14047,7,Excellent,0.55,1
66,7111,442,35885,Unemployed,4666,3,Excellent,0.08,1
69,16731,506,39215,Employed,4900,9,Good,0.2,1
41,9895,762,22398,Employed,1174,5,Good,0.27,1
62,9760,808,44623,Employed,3744,0,Good,0.14,1
52,14148,500,30924,Employed,4208,1,Excellent,0.64,1
18,14842,304,1318,Employed,13543,4,Good,0.45,1
53,15710,510,13161,Employed,10133,3,Excellent,0.62,1
42,8333,328,13323,Employed,4031,2,Good,0.49,0
62,6252,489,6749,Self-Employed,6631,5,Fair,0.69,0
66,13478,487,34022,Employed,14718,9,Fair,0.39,0
60,10227,449,10528,Employed,7101,5,Good,0.08,1
51,6523,824,22441,Employed,9589,9,Fair,0.15,0
42,2482,665,9526,Employed,4021,7,Poor,0.43,0
33,15805,456,45051,Employed,8889,1,Excellent,0.28,1
51,17646,379,38161,Employed,1774,6,Excellent,0.12,1
46,19229,572,2044,Employed,5366,6,Fair,0.2,1
36,12701,817,13765,Employed,11403,1,Fair,0.36,1
40,18410,531,19175,Employed,14959,5,Good,0.39,1
36,18814,459,49887,Employed,3473,4,Poor,0.66,0
42,19830,643,1961,Employed,4063,1,Excellent,0.11,1
33,16865,588,4749,Employed,10946,8,Good,0.28,1
71,12233,504,38333,Employed,8123,7,Excellent,0.38,1
68,11608,604,41284,Employed,6268,6,Excellent,0.12,1
26,4860,659,17973,Self-Employed,12643,5,Excellent,0.5,1
18,11285,699,19372,Employed,12526,4,Good,0.38,1
59,9612,748,44799,Employed,11245,8,Good,0.35,1
36,17516,405,44393,Employed,4608,4,Excellent,0.48,1
50,5125,381,36757,Unemployed,2680,5,Good,0.24,0
51,6969,641,39433,Employed,6744,2,Good,0.27,1
33,2723,720,5541,Employed,13311,8,Excellent,0.16,1
61,8610,348,31678,Employed,3603,7,Excellent,0.39,1
57,10657,505,19344,Employed,3344,8,Excellent,0.29,1
72,14751,517,46154,Employed,13488,0,Good,0.22,1
35,6492,735,9846,Student,9621,0,Good,0.13,1
51,15146,621,34846,Unemployed,10353,1,Good,0.07,1
42,13370,530,36842,Employed,13216,3,Excellent,0.18,1
62,6287,786,43315,Employed,5913,9,Poor,0.21,0
23,12640,728,6029,Self-Employed,8218,4,Good,0.37,1
38,4799,583,17272,Employed,3771,6,Fair,0.21,0
23,10860,785,49613,Student,9633,3,Excellent,0.58,1
49,7951,575,24770,Employed,6742,0,Good,0.36,1
58,14441,732,14104,Employed,12879,7,Good,0.46,1
65,17493,484,16855,Employed,13773,2,Fair,0.19,1
60,16120,515,38524,Self-Employed,10419,8,Good,0.32,1
56,14584,396,38463,Self-Employed,8758,1,Good,0.44,0
48,6527,418,1919,Self-Employed,8438,0,Excellent,0.25,1
59,5760,664,43706,Student,1523,9,Poor,0.27,0
27,6328,702,35526,Employed,2364,7,Excellent,0.57,1
47,10272,696,35599,Employed,7601,2,Excellent,0.59,1
74,10512,757,10363,Employed,5352,0,Good,0.4,1
69,9815,617,15255,Employed,5054,2,Good,0.63,1
35,15759,681,4810,Student,6925,7,Excellent,0.53,1
41,14131,441,2440,Self-Employed,3965,3,Fair,0.09,1
69,19758,756,44879,Student,3692,9,Good,0.41,1
26,4623,800,2719,Employed,5081,6,Good,0.5,1
48,5724,622,45213,Employed,1773,7,Poor,0.4,0
32,12477,567,1555,Employed,2937,6,Good,0.59,1
21,16108,786,43193,Employed,3890,0,Fair,0.25,1
57,2710,459,13112,Employed,7536,3,Good,0.09,1
26,10718,313,3297,Employed,7335,9,Good,0.46,0
62,13953,454,2535,Self-Employed,1091,8,Excellent,0.53,1
26,6929,400,15931,Employed,8119,6,Fair,0.55,0
43,16710,342,7282,Self-Employed,6106,0,Poor,0.06,0
21,10189,492,29634,Employed,8938,7,Excellent,0.49,1
34,14221,610,45262,Student,9766,3,Fair,0.06,1
33,11385,764,26485,Employed,13966,6,Good,0.55,1
32,9682,462,35729,Employed,4440,5,Excellent,0.51,1
52,10416,650,25587,Unemployed,3601,6,Poor,0.42,0
74,1875,533,34747,Employed,10291,9,Excellent,0.38,1
69,19570,702,34040,Employed,3516,9,Excellent,0.51,1
22,6512,650,46543,Unemployed,11997,0,Fair,0.09,1
72,18140,466,24641,Employed,2852,5,Good,0.59,1
22,1550,447,27573,Employed,591,2,Good,0.18,0
37,8090,327,6144,Employed,692,9,Fair,0.36,0
32,8937,558,2688,Employed,1163,3,Excellent,0.37,1
35,16662,741,49088,Employed,11984,0,Excellent,0.56,1
64,18478,826,18979,Employed,8600,9,Poor,0.18,1
19,14605,510,32803,Self-Employed,2382,7,Excellent,0.24,1
46,6231,842,17154,Employed,5400,1,Good,0.48,1
30,5373,744,38451,Unemployed,8596,2,Excellent,0.32,1
21,13128,752,16123,Employed,14457,6,Fair,0.24,1
59,10764,703,24998,Self-Employed,5842,1,Poor,0.45,1
62,7248,365,6786,Unemployed,5975,3,Excellent,0.11,1
27,2976,704,31289,Self-Employed,4742,6,Good,0.56,1
48,9532,734,6129,Employed,1483,2,Fair,0.39,1
58,4520,527,29914,Employed,5158,1,Fair,0.18,0
25,14184,775,26777,Employed,10314,7,Good,0.32,1
20,12422,767,3845,Employed,9056,1,Excellent,0.14,1
65,16886,400,9448,Employed,1584,9,Good,0.45,1
63,9566,722,28139,Self-Employed,8408,6,Fair,0.49,1
26,13589,655,22718,Student,7413,2,Poor,0.31,0
47,14908,438,24581,Employed,742,3,Good,0.27,1
70,9667,430,28993,Employed,4513,5,Excellent,0.6,1
28,14316,848,43048,Unemployed,12030,2,Excellent,0.42,1
52,3733,767,13923,Employed,11466,0,Poor,0.48,0
54,9617,779,14084,Employed,12943,7,Good,0.13,1
59,16050,410,18560,Self-Employed,9055,3,Fair,0.51,0
30,7859,452,23567,Employed,3982,0,Good,0.34,1
53,15864,541,20481,Student,2855,1,Fair,0.29,1
73,5697,578,33016,Self-Employed,4046,5,Excellent,0.65,1
30,11793,662,12422,Employed,13830,0,Good,0.09,1
29,10832,707,2724,Employed,3684,8,Poor,0.18,0
54,2115,474,31471,Unemployed,12583,6,Good,0.29,0
27,14344,434,3628,Employed,8641,7,Excellent,0.26,1
73,13901,805,28875,Employed,13539,7,Excellent,0.38,1
26,19450,593,18734,Employed,10342,5,Excellent,0.31,1
69,10668,794,25109,Employed,1115,7,Poor,0.56,0
24,11008,718,1619,Student,2837,6,Excellent,0.55,1
19,17054,505,14786,Employed,3428,0,Fair,0.55,1
71,3839,617,29634,Employed,14010,2,Excellent,0.29,1
73,17746,372,22927,Student,7044,8,Excellent,0.31,1
40,9609,558,10729,Employed,2193,7,Fair,0.52,0
56,11788,657,23237,Employed,3338,4,Fair,0.13,1
57,14817,447,37540,Student,2166,0,Excellent,0.6,1
56,18262,524,36301,Employed,1526,1,Excellent,0.4,1
38,4965,404,42437,Student,8455,9,Good,0.6,0
40,18891,655,22735,Employed,9491,9,Excellent,0.57,1
46,8300,837,35808,Employed,3418,8,Poor,0.29,1
31,17993,560,18949,Employed,11228,9,Good,0.12,1
43,4271,369,21509,Student,2712,7,Good,0.65,1
68,5383,746,30398,Employed,14521,8,Excellent,0.27,1
22,4100,746,5268,Employed,786,1,Excellent,0.29,1
72,7018,556,36607,Employed,4988,2,Good,0.64,1
48,18889,830,45507,Employed,12161,2,Excellent,0.65,1
42,18189,418,48826,Employed,10601,0,Good,0.22,1
48,17423,365,41944,Employed,11238,1,Fair,0.11,0
67,7201,544,40308,Self-Employed,235,9,Excellent,0.05,1
37,2458,356,13412,Self-Employed,13753,4,Good,0.33,0
61,9095,343,36511,Employed,13889,6,Fair,0.42,0
72,5038,823,28150,Employed,3334,5,Good,0.23,1
34,19514,723,6642,Employed,1074,1,Poor,0.22,1
62,11483,835,11069,Student,12638,7,Excellent,0.28,1
19,4103,694,32832,Employed,12704,3,Good,0.22,1
42,14967,749,2026,Employed,11082,1,Excellent,0.61,1
30,1705,556,4592,Employed,743,3,Poor,0.47,0
56,13942,660,1987,Unemployed,12135,7,Excellent,0.59,1
45,7191,679,16917,Employed,1005,0,Good,0.61,1
59,7641,742,8238,Unemployed,8204,8,Fair,0.33,1
72,8228,833,36515,Employed,7024,7,Poor,0.36,0
23,7530,773,9330,Employed,1850,7,Poor,0.69,1
20,18062,456,6650,Employed,4901,9,Good,0.58,1
52,14883,388,38264,Self-Employed,3603,8,Good,0.57,1
35,17996,501,26217,Employed,2260,6,Good,0.43,1
28,10448,761,18807,Employed,12557,8,Good,0.35,1
71,10588,780,26712,Employed,9175,0,Good,0.63,1
37,15714,753,37489,Employed,7814,0,Fair,0.57,1
22,10477,769,28865,Employed,14276,3,Good,0.39,1
36,3303,679,25633,Employed,13061,1,Fair,0.23,1
39,16889,700,26275,Employed,10151,7,Excellent,0.15,1
36,13770,378,2145,Employed,10420,0,Good,0.41,1
64,3042,685,22963,Employed,9954,3,Good,0.24,1
33,8759,642,10300,Employed,1288,8,Excellent,0.22,1
41,13900,744,47697,Employed,9208,1,Excellent,0.12,1
58,14046,351,21879,Employed,2153,5,Excellent,0.07,0
21,3654,550,7242,Employed,4582,3,Poor,0.56,0
32,10266,628,14832,Self-Employed,4499,3,Poor,0.12,0
42,17249,793,25683,Employed,4485,5,Excellent,0.63,1
61,12730,649,15285,Employed,607,9,Good,0.19,1
72,19265,758,29823,Self-Employed,4044,3,Good,0.54,1
52,7402,797,10097,Employed,7143,8,Good,0.58,1
72,2722,424,48852,Self-Employed,12410,7,Excellent,0.57,0
31,3001,503,2992,Employed,2836,7,Poor,0.62,0
66,10550,320,37890,Employed,12324,4,Poor,0.27,0
36,17708,661,29790,Employed,14091,5,Excellent,0.69,1
55,5074,660,30394,Student,8901,0,Good,0.23,1
53,5229,415,46058,Employed,766,0,Excellent,0.66,0
24,12657,354,19376,Unemployed,12790,8,Good,0.33,1
47,8976,591,24880,Employed,3598,3,Fair,0.09,0
36,19445,350,20984,Student,11156,2,Good,0.56,1
66,16462,553,14541,Employed,14932,4,Good,0.56,1
42,4022,791,29975,Employed,91,8,Poor,0.18,0
33,3891,524,5010,Self-Employed,99,8,Fair,0.59,0
64,13574,768,9275,Self-Employed,11216,2,Excellent,0.15,1
71,13296,402,37088,Employed,8877,6,Good,0.15,1
57,3578,347,19889,Employed,7622,2,Fair,0.58,0
68,13769,641,41596,Employed,1750,2,Excellent,0.24,1
25,15862,532,41653,Employed,12140,3,Excellent,0.1,1
35,19004,527,41016,Self-Employed,3669,1,Fair,0.67,1
45,14460,821,41636,Employed,393,5,Excellent,0.41,1
33,12215,312,33155,Employed,8785,4,Good,0.34,0
69,4870,798,7349,Self-Employed,11073,9,Good,0.38,1
36,3408,744,24347,Employed,9077,9,Fair,0.49,0
59,5807,639,4062,Employed,8139,1,Fair,0.61,0
34,12797,623,4852,Employed,3052,9,Poor,0.49,0
62,18381,456,14160,Self-Employed,8696,1,Excellent,0.53,1
30,5087,730,17322,Employed,5236,1,Good,0.17,1
24,13885,706,1387,Employed,3750,3,Good,0.3,1
44,3913,457,47891,Self-Employed,1777,2,Poor,0.43,0
27,12452,484,40805,Employed,6933,8,Excellent,0.45,1
51,4957,790,7910,Employed,14826,4,Excellent,0.23,1
53,9964,835,16758,Employed,12629,0,Excellent,0.68,1
42,2650,656,3003,Self-Employed,11689,1,Good,0.13,1
23,16037,661,26607,Self-Employed,14805,6,Good,0.12,1
41,8954,523,39513,Employed,8325,7,Good,0.2,1
35,16285,503,26025,Employed,2925,5,Excellent,0.54,1
40,13081,307,4547,Employed,7347,6,Fair,0.07,0
23,1518,771,26672,Employed,6820,1,Good,0.69,1
46,11308,471,42819,Unemployed,12499,5,Good,0.69,0
42,17868,395,15456,Employed,584,5,Good,0.15,1
72,7077,605,1301,Employed,9628,3,Fair,0.31,1
34,5581,557,40872,Employed,8548,3,Excellent,0.18,1
63,7954,773,32603,Employed,14788,1,Poor,0.32,0
41,10433,599,42840,Employed,7602,2,Excellent,0.4,1
28,4171,764,44241,Student,5196,9,Poor,0.58,0
43,12471,627,21545,Employed,11546,5,Fair,0.07,1
68,16470,409,41478,Employed,9942,3,Good,0.69,1
51,7887,428,17178,Employed,1700,2,Excellent,0.66,1
45,8333,436,19216,Employed,9901,0,Poor,0.42,0
20,2014,838,9242,Unemployed,3681,2,Excellent,0.36,1
28,1706,463,8496,Employed,8728,0,Fair,0.41,0
55,2447,648,21866,Employed,2468,3,Fair,0.06,0
31,12133,762,29357,Employed,8342,3,Excellent,0.53,1
68,16880,803,47252,Unemployed,9947,0,Poor,0.37,1
43,19712,450,32212,Student,2550,6,Good,0.24,1
65,8361,545,6887,Employed,887,4,Good,0.35,0
38,7594,409,18862,Self-Employed,11187,0,Poor,0.24,0
71,7845,574,35856,Employed,4838,4,Good,0.5,1
73,15460,366,7040,Employed,2562,6,Good,0.45,1
56,8032,349,25536,Student,9800,5,Good,0.3,0
47,7443,814,14440,Employed,7790,9,Good,0.25,1
25,16069,525,48189,Self-Employed,14670,4,Excellent,0.62,1
68,11348,805,29371,Employed,6727,7,Excellent,0.49,1
37,10293,454,20724,Employed,5531,8,Excellent,0.52,1
65,6939,779,3343,Employed,9433,0,Excellent,0.45,1
49,2703,410,8188,Self-Employed,207,5,Fair,0.1,0
39,11083,782,35006,Employed,3832,1,Excellent,0.09,1
24,15911,573,30096,Employed,3361,7,Good,0.33,1
26,14617,454,46216,Self-Employed,2899,4,Good,0.65,1
62,8886,466,7856,Employed,14912,0,Poor,0.39,0
18,4631,318,23044,Employed,8151,4,Good,0.62,0
46,18433,644,11620,Employed,13596,9,Fair,0.11,1
25,19128,593,21723,Employed,11779,4,Good,0.52,1
73,13578,761,42142,Self-Employed,10947,1,Excellent,0.21,1
71,7705,637,42503,Self-Employed,5750,3,Excellent,0.39,1
21,15369,751,24475,Employed,10917,5,Good,0.24,1
52,2158,643,31243,Self-Employed,4034,0,Excellent,0.51,1
20,15882,384,33860,Employed,2279,8,Good,0.31,0
71,13622,688,3415,Employed,5761,6,Good,0.35,1
62,12559,526,5254,Employed,9180,5,Fair,0.21,0
57,14835,585,11637,Student,13168,0,Excellent,0.23,1
24,19575,583,25510,Employed,6747,7,Good,0.17,1
44,11917,408,38301,Employed,6475,7,Excellent,0.41,1
18,12758,434,7516,Self-Employed,7804,3,Fair,0.14,0
44,11639,590,5401,Employed,11051,3,Good,0.22,1
33,11057,807,36800,Self-Employed,12494,0,Good,0.39,1
55,9235,328,33122,Student,1649,8,Fair,0.23,0
24,18851,693,20673,Employed,2408,7,Good,0.43,1
61,19288,326,30653,Self-Employed,13662,9,Excellent,0.06,1
40,11447,766,44336,Student,10612,6,Fair,0.68,1
58,17044,312,21822,Employed,9316,1,Good,0.52,1
28,16295,744,7867,Self-Employed,14879,6,Fair,0.38,1
59,3079,523,47944,Employed,13781,3,Good,0.65,1
70,12487,762,37002,Employed,14466,2,Excellent,0.62,1
50,7492,320,23381,Employed,8720,9,Good,0.29,0
67,1550,686,40069,Student,5596,3,Excellent,0.13,1
53,7952,625,18517,Employed,9463,9,Fair,0.21,0
54,6653,766,12830,Employed,7542,5,Good,0.19,1
58,16840,821,11589,Unemployed,1419,6,Excellent,0.54,1
34,15400,524,35830,Employed,5695,1,Good,0.41,1
52,16470,774,5627,Employed,8126,6,Fair,0.6,1
65,4287,757,46910,Employed,4173,9,Fair,0.37,1
22,14881,512,1468,Employed,1735,1,Good,0.55,1
65,17089,780,2344,Employed,12328,1,Excellent,0.26,1
49,17339,479,26454,Employed,14593,0,Good,0.44,1
20,3655,837,7098,Employed,13492,6,Fair,0.47,1
69,8519,826,45869,Employed,4385,0,Good,0.54,1
64,9107,321,33229,Employed,1148,2,Good,0.57,0
52,12428,644,37575,Employed,8023,7,Good,0.23,1
69,17157,320,38504,Employed,14959,0,Fair,0.3,0
31,10098,707,22341,Student,5587,5,Good,0.18,1
65,13071,786,16375,Employed,13546,1,Excellent,0.54,1
48,17706,827,31106,Employed,9715,8,Excellent,0.23,1
48,13387,715,37651,Employed,10953,1,Excellent,0.3,1
34,16528,571,26905,Employed,6695,5,Poor,0.57,1
41,17475,504,1091,Self-Employed,8902,3,Fair,0.27,1
69,15339,597,2884,Employed,9152,8,Fair,0.24,1
40,15419,407,14432,Employed,13110,0,Good,0.47,1
35,6912,451,48050,Employed,11901,0,Good,0.68,1
67,5999,312,20505,Employed,14409,9,Excellent,0.09,0
71,6409,378,15202,Employed,7858,2,Good,0.59,0
31,16978,468,11231,Employed,4,5,Fair,0.13,1
67,12594,548,41410,Employed,4919,2,Excellent,0.27,1
32,9154,420,41720,Employed,8309,6,Excellent,0.32,1
32,17482,686,10595,Employed,2791,8,Excellent,0.52,1
23,4420,738,21087,Employed,12948,9,Excellent,0.65,1
44,7115,571,5482,Self-Employed,13625,1,Fair,0.12,0
32,5815,599,35749,Employed,13512,3,Good,0.53,1
67,13960,772,14918,Employed,9758,2,Good,0.26,1
53,4283,457,30984,Employed,6892,5,Fair,0.64,0
72,11105,526,43752,Unemployed,6573,4,Fair,0.23,0
25,14289,720,16813,Student,12954,2,Fair,0.5,1
32,13340,323,5466,Employed,5829,8,Good,0.16,0
20,4831,837,35999,Employed,14494,7,Excellent,0.67,1
64,18681,839,23165,Self-Employed,6824,2,Excellent,0.05,1
30,4346,427,42164,Employed,3372,9,Good,0.2,1
58,2429,393,14241,Unemployed,5539,4,Excellent,0.49,1
51,6318,720,44179,Employed,11521,4,Poor,0.6,0
41,3762,571,14112,Employed,5181,4,Good,0.7,0
57,14275,783,25797,Unemployed,13303,7,Fair,0.16,1
49,9049,304,10383,Self-Employed,10900,2,Fair,0.25,0
49,10909,456,20699,Employed,9377,2,Fair,0.63,0
47,11156,351,12481,Unemployed,7253,7,Fair,0.07,0
69,5674,542,6175,Unemployed,5132,8,Excellent,0.53,0
66,6270,719,18982,Employed,11538,4,Fair,0.32,1
30,7333,724,32334,Employed,4512,9,Excellent,0.5,1
18,3545,379,18926,Employed,1147,7,Poor,0.39,0
51,2537,653,9333,Self-Employed,13157,4,Fair,0.46,0
32,7742,592,15460,Employed,3066,3,Excellent,0.48,1
61,11151,415,1089,Employed,8807,1,Poor,0.46,0
31,13821,828,29561,Employed,3120,3,Excellent,0.48,1
74,7662,779,21790,Employed,1026,1,Good,0.42,1
46,5573,587,6490,Employed,13221,6,Good,0.51,1
51,19167,776,49055,Employed,3070,6,Poor,0.55,1
35,17535,324,44223,Self-Employed,8953,8,Poor,0.56,0
71,8232,730,12704,Employed,14076,3,Good,0.6,1
24,4987,577,33627,Employed,5842,4,Good,0.26,1
46,3684,616,18593,Employed,10822,3,Excellent,0.53,1
72,15390,657,38746,Employed,12558,3,Good,0.67,1
48,10917,575,36992,Employed,5669,4,Excellent,0.29,1
42,6995,643,38624,Employed,7320,2,Good,0.56,1
55,16281,730,25177,Employed,7484,8,Good,0.24,1
31,8597,738,23623,Employed,10197,6,Fair,0.16,1
25,9969,761,26935,Employed,4822,0,Excellent,0.34,1
44,13899,569,1148,Employed,8625,0,Good,0.57,1
71,17702,730,16263,Self-Employed,12809,0,Excellent,0.25,1
19,12485,320,25449,Employed,14947,2,Good,0.24,1
34,8331,442,25083,Student,11108,8,Good,0.23,1
54,18275,652,32602,Unemployed,12154,7,Good,0.19,1
31,2468,764,43314,Employed,10729,8,Good,0.45,1
42,11882,767,14538,Self-Employed,13097,4,Fair,0.21,1
73,6651,812,47883,Employed,1222,6,Good,0.66,1
47,12318,763,27981,Employed,12723,9,Excellent,0.27,1
46,12292,693,49956,Unemployed,10456,8,Good,0.4,1
37,7625,357,3363,Employed,9725,4,Good,0.32,0
38,5870,425,28508,Employed,6183,7,Excellent,0.68,1
70,6338,760,4107,Student,4793,7,Excellent,0.33,1
39,17675,351,6628,Employed,5608,2,Excellent,0.42,1
52,4634,568,2451,Employed,8983,4,Excellent,0.55,1
54,14191,395,49963,Employed,7748,7,Excellent,0.16,1
33,11931,572,42409,Employed,13560,9,Excellent,0.07,1
67,13056,622,16180,Employed,11348,2,Excellent,0.35,1
66,2554,432,13377,Self-Employed,6547,2,Fair,0.41,0
60,4169,388,44548,Student,9244,5,Good,0.24,0
34,18159,304,21319,Employed,2084,6,Good,0.35,1
33,17581,656,31685,Employed,2554,6,Excellent,0.45,1
72,14438,642,24214,Unemployed,11795,5,Poor,0.68,0
19,7217,503,32113,Employed,1681,6,Good,0.44,1
21,13782,770,18673,Employed,10499,6,Good,0.34,1
38,16391,763,32877,Employed,3722,3,Fair,0.06,1
56,10797,796,36865,Employed,11518,7,Good,0.25,1
51,15701,362,47356,Employed,2036,7,Poor,0.28,0
47,17789,538,19531,Employed,7103,1,Excellent,0.36,1
23,14373,839,10657,Employed,3157,9,Good,0.56,1
34,18012,497,5520,Employed,11917,4,Excellent,0.55,1
56,14948,329,47109,Employed,10873,1,Fair,0.6,0
42,16698,508,37484,Employed,10156,2,Excellent,0.24,1
22,9122,362,30577,Employed,10651,2,Good,0.28,0
22,9580,356,48599,Employed,7555,4,Excellent,0.15,1
37,3902,732,31558,Self-Employed,7567,7,Good,0.61,1
33,19531,607,42610,Employed,8613,2,Excellent,0.47,1
68,5056,765,30669,Employed,958,6,Poor,0.1,0
58,3693,406,28838,Employed,14998,4,Excellent,0.25,0
54,11739,600,2210,Employed,5452,9,Good,0.15,1
57,10083,345,35955,Employed,13971,9,Good,0.68,0
26,14375,376,9058,Employed,13764,9,Fair,0.26,0
22,12186,468,44304,Unemployed,10238,3,Fair,0.37,1
59,19036,428,33699,Employed,8786,1,Poor,0.26,0
74,2794,567,12463,Self-Employed,13460,5,Excellent,0.36,1
19,16948,718,3843,Employed,2217,3,Excellent,0.7,1
26,11867,460,15335,Self-Employed,9540,3,Good,0.24,1
60,14837,357,20834,Employed,2829,4,Good,0.23,1
53,8154,683,28727,Self-Employed,227,8,Good,0.29,0
39,18833,809,7644,Employed,7493,0,Fair,0.16,1
39,14193,729,46314,Employed,4,4,Excellent,0.53,1
39,10741,639,43596,Student,151,4,Excellent,0.3,1
51,5575,325,31239,Employed,10460,1,Fair,0.43,0
72,14151,671,21244,Self-Employed,12444,2,Fair,0.48,1
46,10775,335,18528,Employed,11521,3,Fair,0.07,0
55,14338,830,41428,Employed,3077,0,Excellent,0.47,1
63,3158,566,1017,Employed,6433,9,Poor,0.4,0
50,8432,731,47388,Employed,10517,2,Good,0.1,1
35,15748,318,6999,Employed,3971,0,Fair,0.13,1
24,8459,638,19040,Employed,1004,0,Excellent,0.34,1
18,19701,439,13397,Employed,13168,8,Good,0.28,1
50,9882,366,46386,Employed,7301,3,Good,0.33,0
18,18344,829,35055,Student,8002,3,Poor,0.46,1
41,16499,668,17651,Employed,3660,3,Good,0.15,1
21,7876,560,34202,Employed,3518,8,Fair,0.48,0
21,4976,502,36265,Employed,13270,7,Good,0.58,0
35,5866,709,40208,Unemployed,9186,3,Excellent,0.05,1
44,17706,379,39805,Employed,6489,5,Good,0.29,1
60,13958,412,41574,Employed,9928,1,Good,0.23,1
49,1527,436,35381,Employed,9814,5,Fair,0.33,0
50,12664,488,42678,Unemployed,2627,0,Good,0.45,1
45,8048,576,45938,Employed,10145,4,Fair,0.17,0
59,4524,402,24548,Employed,4708,7,Good,0.14,0
58,2764,406,49524,Employed,6087,0,Excellent,0.52,1
72,10547,472,48515,Employed,6817,1,Fair,0.5,0
53,13717,630,45632,Employed,6456,2,Poor,0.35,0
23,8087,490,23847,Employed,11684,6,Good,0.38,1
33,8077,524,26316,Employed,1925,7,Good,0.23,1
51,19135,622,6695,Employed,5702,3,Good,0.26,1
40,14296,807,14637,Student,8364,7,Excellent,0.26,1
67,5370,847,14878,Employed,9384,0,Good,0.52,1
59,2826,433,38280,Employed,9318,2,Good,0.41,0
41,10717,336,41728,Employed,227,3,Excellent,0.52,1
73,18245,392,46937,Self-Employed,7300,4,Good,0.43,1
66,19102,374,5886,Employed,3643,8,Excellent,0.4,1
30,2105,482,4771,Unemployed,10178,1,Good,0.26,0
73,19554,758,31647,Employed,3728,6,Excellent,0.31,1
35,14503,708,39672,Employed,9426,2,Fair,0.63,1
71,11989,506,47686,Employed,5228,9,Good,0.42,0
30,19161,544,48193,Student,14528,1,Fair,0.39,1
66,18282,632,16094,Student,11958,8,Good,0.08,1
54,14987,824,20896,Student,4616,2,Excellent,0.49,1
60,16233,593,26674,Self-Employed,3715,7,Excellent,0.5,1
56,7774,572,45765,Employed,4521,0,Fair,0.5,0
59,12344,678,47346,Employed,2121,4,Good,0.11,1
34,14689,325,28559,Employed,7263,4,Good,0.25,1
32,18828,843,25487,Self-Employed,7296,5,Excellent,0.29,1
35,12471,390,12575,Employed,342,6,Excellent,0.59,1
40,7465,775,19228,Employed,12658,2,Fair,0.69,0
71,14121,487,4924,Employed,6544,4,Excellent,0.32,1
68,7848,494,49469,Self-Employed,11123,7,Excellent,0.41,1
47,19080,833,30097,Student,4317,5,Excellent,0.05,1
51,19096,384,46938,Employed,12927,1,Good,0.06,1
21,2323,376,31509,Unemployed,13823,6,Poor,0.1,0
20,8584,629,22265,Employed,9550,2,Excellent,0.52,1
24,13955,682,17918,Employed,10613,9,Good,0.17,1
73,12107,732,41345,Student,13318,8,Good,0.54,1
35,18419,676,6730,Employed,4832,3,Fair,0.33,1
59,15736,640,9476,Employed,13700,3,Good,0.6,1
24,17736,476,41755,Employed,14771,3,Fair,0.62,0
57,12319,725,11861,Employed,13427,9,Good,0.62,1
23,13469,723,26705,Employed,3174,9,Good,0.4,1
39,18833,473,42463,Employed,8929,7,Good,0.56,1
18,13200,705,5141,Student,12852,0,Poor,0.48,1
21,2043,381,41704,Unemployed,8054,2,Good,0.17,0
63,5400,320,30839,Employed,1026,7,Good,0.3,0
66,13445,697,23245,Employed,5949,6,Good,0.68,1
69,5724,629,19767,Unemployed,4639,5,Good,0.55,0
67,15258,524,19831,Employed,1103,6,Good,0.22,1
60,16449,701,38572,Employed,2683,0,Fair,0.23,1
46,4366,737,48083,Employed,4944,7,Good,0.22,1
38,19720,571,20653,Self-Employed,6964,3,Excellent,0.26,1
43,9768,579,9568,Employed,8587,0,Good,0.65,0
31,14313,522,43145,Self-Employed,11131,3,Excellent,0.33,1
26,18232,808,28855,Employed,12676,1,Excellent,0.29,1
64,6101,641,40830,Employed,11523,4,Fair,0.21,1
29,14430,341,15379,Employed,13623,0,Excellent,0.63,0
59,5833,475,3847,Employed,7503,0,Good,0.67,0
68,6899,544,25042,Employed,7377,4,Poor,0.26,0
73,19339,552,24830,Employed,9726,1,Excellent,0.45,1
68,8936,573,25467,Employed,14783,8,Excellent,0.67,1
23,16447,633,34500,Self-Employed,8236,9,Fair,0.37,0
37,15461,310,41081,Employed,1979,6,Excellent,0.35,1
41,9586,451,24620,Employed,14739,3,Fair,0.39,0
44,5182,488,46577,Employed,14644,6,Excellent,0.07,1
55,19730,510,35926,Employed,1864,7,Fair,0.25,1
25,3354,396,25195,Self-Employed,9999,7,Excellent,0.5,1
18,4485,638,45254,Employed,10466,7,Poor,0.68,0
71,12317,346,29222,Employed,4444,4,Fair,0.42,0
66,8996,356,5619,Self-Employed,10352,6,Good,0.17,0
66,2058,374,11503,Employed,3101,6,Fair,0.33,0
41,2754,553,33287,Employed,10515,1,Excellent,0.37,1
64,17167,469,21428,Self-Employed,3433,2,Excellent,0.15,1
24,19565,445,2210,Employed,13013,1,Good,0.26,1
36,17578,332,12606,Employed,14422,2,Good,0.34,1
39,11506,814,36938,Employed,11699,8,Fair,0.22,1
74,7783,556,24857,Employed,8995,6,Good,0.28,1
72,10354,425,19132,Self-Employed,2069,3,Good,0.23,1
52,13808,412,16558,Self-Employed,12672,7,Good,0.45,1
47,4825,641,1918,Unemployed,5140,6,Fair,0.43,0
46,19125,347,26695,Employed,13999,9,Fair,0.41,0
39,4643,663,9897,Unemployed,8682,5,Poor,0.11,0
28,4537,697,23438,Employed,13778,3,Excellent,0.17,1
37,13917,494,22313,Employed,1479,4,Excellent,0.12,1
46,19665,620,45390,Unemployed,11127,9,Poor,0.09,1
68,6175,437,3861,Employed,1703,7,Fair,0.21,0
58,19361,654,35575,Employed,4316,2,Excellent,0.18,1
59,8648,369,26975,Employed,11857,2,Poor,0.52,0
51,9051,782,3649,Self-Employed,10204,4,Fair,0.5,1
18,17990,358,5423,Employed,4686,8,Excellent,0.18,1
48,4168,688,43580,Employed,5617,4,Fair,0.16,0
47,19048,650,36210,Student,4908,0,Fair,0.14,1
65,16412,638,8639,Employed,3230,4,Excellent,0.26,1
35,19041,735,3595,Employed,8334,8,Good,0.24,1
72,3746,749,22521,Unemployed,1849,6,Poor,0.07,0
34,8153,676,46974,Employed,4020,8,Good,0.42,1
55,12633,690,46132,Employed,8236,9,Fair,0.63,0
31,9149,780,5075,Employed,450,9,Excellent,0.4,1
40,18395,413,33241,Employed,1259,4,Fair,0.09,1
42,9941,471,10641,Student,9195,2,Excellent,0.44,1
32,2388,317,21326,Employed,4777,1,Excellent,0.37,0
63,10715,534,35539,Self-Employed,7392,8,Good,0.64,1
73,10291,609,37460,Employed,7575,4,Fair,0.29,1
39,12575,580,26094,Employed,13605,0,Good,0.54,1
20,16704,495,19735,Employed,7986,1,Poor,0.07,0
73,19948,414,43095,Employed,11543,1,Good,0.52,1
72,11450,696,20156,Employed,1996,3,Excellent,0.08,1
36,6913,717,34679,Employed,11866,5,Poor,0.27,0
74,8037,583,10007,Self-Employed,11680,7,Excellent,0.67,1
61,5069,627,43922,Employed,14482,2,Fair,0.51,1
51,2742,640,14377,Employed,4888,9,Excellent,0.65,1
52,5829,520,2800,Employed,11845,9,Poor,0.37,0
67,11987,308,18192,Employed,7136,5,Good,0.44,1
18,19809,381,38901,Employed,11224,3,Good,0.39,1
69,4895,593,42529,Employed,1494,7,Good,0.36,1
38,18324,674,1969,Employed,9264,8,Excellent,0.43,1
46,9539,833,37847,Self-Employed,12304,8,Good,0.08,1
23,9698,714,16601,Employed,12436,5,Excellent,0.17,1
54,3086,398,48456,Employed,1578,1,Fair,0.19,0
18,18709,681,37087,Employed,1235,1,Poor,0.3,0
68,5324,803,38473,Employed,9931,9,Fair,0.33,1
18,19152,746,40379,Unemployed,9207,8,Good,0.53,1
44,4936,643,31655,Employed,13004,4,Excellent,0.16,1
38,9589,724,16259,Self-Employed,6993,6,Excellent,0.42,1
70,17557,605,1387,Employed,11157,5,Good,0.23,1
33,2810,447,47753,Employed,1559,8,Good,0.39,0
61,11319,753,41835,Unemployed,9760,4,Fair,0.46,1
71,16965,332,46814,Student,10178,7,Good,0.43,1
57,14957,800,3489,Employed,7888,3,Poor,0.19,1
43,1977,618,42475,Self-Employed,9702,6,Good,0.51,1
33,10406,492,3890,Employed,4575,8,Good,0.47,0
45,11368,479,46100,Employed,3856,1,Excellent,0.66,1
18,2008,817,35210,Employed,9903,8,Good,0.46,1
53,8819,690,1722,Student,4139,7,Good,0.52,1
27,1881,820,9947,Employed,7832,9,Good,0.58,1
60,16787,656,36018,Unemployed,3527,0,Good,0.12,1
34,3345,763,36354,Employed,13162,9,Excellent,0.5,1
74,14062,398,42345,Employed,6498,6,Good,0.26,1
40,11410,447,23510,Employed,5819,4,Excellent,0.59,1
24,6129,615,40541,Employed,3868,4,Good,0.36,1
61,7204,481,12207,Employed,13323,6,Good,0.43,1
70,3276,846,16073,Employed,4451,9,Good,0.22,1
24,17013,602,13647,Self-Employed,7304,3,Good,0.47,1
61,16728,303,9190,Self-Employed,12761,0,Good,0.07,1
32,2744,406,37855,Employed,11861,5,Good,0.54,0
51,2833,374,38846,Employed,14388,0,Good,0.16,0
63,5169,339,9142,Employed,11836,0,Good,0.2,0
62,19084,418,27543,Employed,8094,7,Fair,0.05,0
21,19678,372,46260,Employed,14324,3,Good,0.25,1
31,17079,503,36806,Employed,10352,4,Good,0.3,1
31,19338,395,43032,Unemployed,14127,9,Poor,0.2,0
33,3433,578,27876,Employed,5739,9,Excellent,0.2,1
24,2246,442,15413,Unemployed,9693,0,Fair,0.63,0
49,10532,414,1768,Self-Employed,814,9,Good,0.26,1
36,8327,775,28255,Employed,7584,6,Fair,0.52,0
19,17697,432,42946,Self-Employed,13378,1,Good,0.2,1
27,2292,467,45066,Employed,4065,5,Good,0.58,0
67,8427,544,6557,Unemployed,14655,8,Excellent,0.49,1
34,19151,576,44319,Employed,14969,1,Fair,0.54,1
54,11242,558,28620,Employed,11517,5,Fair,0.34,0
29,7869,345,19691,Employed,12688,4,Excellent,0.62,1
23,16300,645,35157,Employed,1323,1,Fair,0.29,1
39,9374,536,40507,Employed,8196,8,Excellent,0.44,1
49,18176,352,11773,Employed,11709,1,Excellent,0.47,1
58,8364,447,11263,Employed,9450,0,Good,0.67,0
37,5522,832,14386,Employed,2034,8,Good,0.14,1
18,19532,389,23381,Employed,6590,8,Fair,0.14,1
71,12508,532,43629,Employed,5966,8,Good,0.35,0
64,13602,350,16258,Employed,14333,7,Poor,0.65,0
70,16842,693,26993,Employed,14374,3,Fair,0.06,1
23,12610,513,49585,Self-Employed,199,8,Good,0.23,1
36,6671,750,40021,Employed,1705,1,Fair,0.23,1
35,11089,638,40001,Employed,12133,0,Fair,0.25,1
23,19577,650,13324,Employed,3931,9,Poor,0.07,1
62,8210,584,28445,Unemployed,2068,6,Excellent,0.59,1
50,18921,544,27162,Self-Employed,3758,5,Fair,0.06,1
40,6959,849,5667,Employed,11337,2,Excellent,0.36,1
40,16437,525,33383,Employed,2843,1,Good,0.09,1
43,11254,740,21786,Employed,2196,7,Good,0.57,1
30,8548,773,11418,Employed,8816,3,Poor,0.54,0
24,10983,743,32259,Employed,2133,5,Good,0.52,1
32,19045,711,49879,Self-Employed,13413,3,Good,0.53,1
61,18913,545,32651,Employed,2578,8,Good,0.66,1
44,13949,799,15055,Employed,6206,4,Excellent,0.32,1
43,16854,849,10123,Unemployed,13939,5,Good,0.61,1
50,2478,416,40756,Employed,8883,8,Good,0.17,0
32,10209,663,14755,Unemployed,2597,5,Good,0.34,1
53,17260,503,10734,Unemployed,813,1,Excellent,0.06,1
62,12523,650,49704,Employed,6551,0,Excellent,0.23,1
72,18021,618,35760,Employed,1627,8,Excellent,0.35,1
44,12645,658,45666,Self-Employed,4616,1,Fair,0.64,1
74,15991,816,37827,Unemployed,3592,1,Good,0.26,1
22,8892,788,24587,Employed,2580,3,Good,0.49,1
19,12947,406,40661,Employed,14359,9,Good,0.59,1
72,10087,471,12741,Self-Employed,6238,9,Fair,0.26,0
50,11629,818,20528,Student,3932,2,Excellent,0.16,1
33,15407,827,49157,Employed,8487,6,Excellent,0.43,1
40,6928,619,24266,Employed,7113,6,Good,0.23,1
55,4089,336,24854,Employed,3251,2,Fair,0.47,0
72,4534,798,16706,Employed,1154,2,Poor,0.14,0
33,1669,564,43494,Employed,12172,8,Excellent,0.15,1
31,4739,701,16876,Employed,532,6,Fair,0.49,0
46,4915,517,46802,Employed,5127,2,Excellent,0.68,0
43,12908,629,20058,Employed,887,2,Good,0.21,1
52,4984,485,5548,Employed,3272,2,Excellent,0.51,1
32,19725,680,30502,Employed,2925,8,Poor,0.4,1
20,16423,508,15263,Employed,2432,7,Fair,0.6,1
40,8344,587,2552,Self-Employed,3597,6,Good,0.3,1
46,5465,387,7014,Employed,8011,7,Good,0.68,0
51,8684,435,14106,Employed,14883,0,Good,0.1,1
50,6880,457,18776,Unemployed,5525,8,Excellent,0.69,0
58,19030,454,16396,Employed,10612,4,Excellent,0.6,1
58,16785,762,27455,Employed,11427,4,Fair,0.61,1
40,1611,519,42340,Employed,14892,4,Excellent,0.6,1
24,17643,758,1648,Employed,14991,8,Fair,0.61,1
20,18476,466,46301,Employed,14334,4,Excellent,0.58,1
49,8913,621,29197,Employed,4618,1,Excellent,0.63,1
48,16226,811,38428,Employed,9026,5,Poor,0.35,1
35,19122,386,12609,Employed,9569,6,Poor,0.66,0
60,7483,844,34588,Employed,3480,6,Good,0.3,1
24,11821,574,27592,Employed,4606,6,Good,0.52,1
58,12561,440,16920,Employed,8403,1,Good,0.51,0
18,5098,652,22829,Self-Employed,9118,5,Good,0.58,1
31,3026,304,8695,Employed,2672,8,Fair,0.53,0
69,9409,681,38644,Unemployed,4032,0,Fair,0.07,1
49,3469,633,20179,Unemployed,8536,2,Fair,0.53,1
23,10643,774,37984,Employed,11274,5,Good,0.07,1
56,19386,329,3134,Student,12623,6,Fair,0.4,1
27,13028,646,3177,Unemployed,13651,1,Excellent,0.6,1
24,9801,792,19683,Student,5993,9,Excellent,0.59,1
43,3854,794,32506,Employed,6003,7,Good,0.6,1
51,6819,687,18767,Unemployed,9893,5,Excellent,0.44,0
47,1725,552,12693,Employed,7425,8,Good,0.17,0
53,16020,329,5142,Unemployed,14389,8,Fair,0.38,0
38,4511,641,45622,Employed,12892,8,Good,0.39,1
34,5626,586,24028,Unemployed,3846,8,Excellent,0.26,1
50,2113,696,27409,Employed,4016,1,Fair,0.33,0
27,15582,808,3472,Self-Employed,295,9,Excellent,0.62,1
68,17982,543,16300,Unemployed,7724,9,Poor,0.39,0
64,6958,520,31549,Employed,7384,6,Excellent,0.51,1
59,10502,455,14018,Employed,10940,4,Fair,0.37,0
68,4199,682,13398,Employed,4483,8,Poor,0.45,0
29,9017,619,26826,Student,14113,0,Poor,0.11,0
73,2519,672,4110,Unemployed,1496,9,Fair,0.66,1
33,17403,830,42094,Employed,11271,6,Fair,0.33,1
58,15198,514,14606,Student,1567,9,Good,0.54,0
49,17650,666,9801,Employed,6033,4,Good,0.48,1
32,7078,413,44994,Employed,5450,8,Good,0.57,0
44,8229,499,23955,Employed,1975,6,Fair,0.07,0
45,8461,324,32811,Employed,4132,3,Fair,0.66,0
34,12671,420,4774,Employed,7398,7,Fair,0.59,1
63,15447,302,27822,Self-Employed,4278,8,Good,0.59,0
67,18680,744,1258,Employed,14627,8,Good,0.35,1
19,3457,553,7868,Self-Employed,7925,9,Poor,0.57,0
53,14800,319,7817,Employed,13833,3,Excellent,0.42,1
67,5941,503,39512,Student,4165,5,Excellent,0.38,1
24,14511,656,31856,Self-Employed,8428,3,Poor,0.56,0
30,2601,427,13092,Employed,463,0,Good,0.46,0
32,10729,657,32100,Employed,5237,5,Good,0.1,1
42,15115,591,17621,Student,12478,7,Fair,0.25,1
40,16232,473,37123,Employed,929,5,Fair,0.45,0
39,13866,654,8904,Employed,1886,2,Excellent,0.64,1
43,11470,336,23985,Employed,7673,7,Excellent,0.66,1
50,14492,609,2158,Student,7671,9,Fair,0.6,1
28,2481,383,34362,Unemployed,7918,8,Fair,0.22,0
27,17630,809,19134,Student,3911,0,Excellent,0.36,1
42,10066,743,17786,Self-Employed,6544,5,Fair,0.33,1
54,7849,719,26397,Employed,14202,9,Good,0.34,1
65,12228,504,11427,Unemployed,4412,7,Good,0.08,1
60,9048,787,11494,Employed,717,1,Poor,0.16,1
70,19875,387,8490,Employed,6365,3,Good,0.15,1
55,4946,551,27273,Employed,657,0,Excellent,0.45,1
58,14320,330,29504,Employed,1212,3,Excellent,0.32,1
62,4372,720,15760,Self-Employed,12013,1,Good,0.26,1
41,10868,360,39302,Employed,6435,2,Poor,0.34,0
57,2835,525,6286,Employed,12244,3,Excellent,0.26,1
63,6913,634,2613,Employed,10462,2,Good,0.54,1
73,17996,410,46540,Employed,757,5,Fair,0.16,1
50,14923,790,23963,Employed,6902,6,Excellent,0.09,1
34,6794,571,33430,Unemployed,5536,6,Fair,0.47,0
41,11537,333,39419,Employed,3478,0,Excellent,0.2,1
54,3487,511,4552,Self-Employed,14271,4,Excellent,0.47,1
74,6329,599,45638,Employed,14373,2,Poor,0.09,0
19,19869,672,24622,Employed,5572,0,Good,0.21,1
49,12934,424,49829,Employed,9422,0,Fair,0.15,0
74,16048,402,5996,Employed,11165,1,Fair,0.24,1
41,18136,419,35232,Employed,10639,9,Good,0.26,1
26,10928,846,40050,Employed,6069,7,Good,0.37,1
21,18507,630,40013,Employed,11450,3,Fair,0.39,1
34,4656,608,40379,Employed,5479,9,Good,0.46,0
34,12828,711,32002,Employed,10204,2,Good,0.27,1
70,4889,698,36868,Employed,11867,7,Fair,0.4,1
67,10958,605,5113,Unemployed,5125,1,Fair,0.69,0
65,4445,462,27532,Employed,5093,8,Excellent,0.19,1
47,10852,364,37861,Employed,5592,3,Excellent,0.15,1
57,11986,515,9124,Self-Employed,13915,8,Excellent,0.6,1
28,10132,325,22235,Unemployed,14848,0,Good,0.32,1
38,3592,343,26262,Employed,82,4,Poor,0.6,0
38,5259,389,43996,Employed,7966,9,Fair,0.33,0
35,6612,432,4579,Employed,3762,6,Excellent,0.06,1
72,18437,460,26619,Employed,1400,3,Fair,0.29,1
46,6404,679,22829,Employed,14670,4,Fair,0.45,1
41,14758,560,10571,Employed,658,8,Fair,0.34,1
27,2612,682,21912,Employed,6245,5,Good,0.35,1
62,4277,668,41334,Employed,13599,5,Fair,0.7,0
34,17087,410,43001,Employed,11064,1,Fair,0.4,0
35,11525,376,35341,Employed,5150,0,Fair,0.5,0
59,2814,508,13663,Employed,1337,3,Excellent,0.52,1
65,15062,312,23104,Employed,7140,9,Fair,0.05,0
37,12804,847,43323,Employed,14489,2,Fair,0.41,1
54,8515,324,49277,Employed,14895,6,Excellent,0.68,0
62,13617,845,42970,Self-Employed,14202,6,Excellent,0.54,1
35,7210,439,46771,Student,13864,5,Fair,0.27,0
34,14088,574,18640,Employed,11416,4,Good,0.29,1
26,19106,669,18511,Employed,13230,2,Good,0.25,1
31,16936,521,33699,Employed,8885,3,Good,0.46,1
66,16696,336,45654,Employed,4327,4,Excellent,0.11,1
46,19589,428,29892,Unemployed,9336,3,Poor,0.24,0
48,18401,615,2049,Employed,3256,2,Fair,0.37,1
21,19104,622,38951,Self-Employed,11719,1,Excellent,0.4,1
35,4006,732,3301,Employed,10044,4,Excellent,0.44,1
37,13572,517,30497,Employed,12675,1,Good,0.57,1
73,17636,547,46065,Employed,14238,1,Good,0.16,1
73,15843,410,45120,Employed,10871,1,Excellent,0.2,1
64,6979,446,32149,Self-Employed,863,1,Fair,0.62,0
60,11934,643,43130,Student,1249,7,Fair,0.59,0
61,4590,808,36966,Employed,13935,6,Fair,0.58,0
26,7997,804,44705,Employed,9410,8,Fair,0.19,1
30,16191,433,47698,Employed,4904,2,Fair,0.09,0
32,8493,763,43501,Employed,9241,0,Good,0.39,1
44,2473,490,25889,Employed,14275,5,Poor,0.62,0
32,9757,462,3695,Employed,7361,8,Fair,0.2,0
45,7592,755,7645,Self-Employed,2902,0,Good,0.64,1
54,4406,360,26105,Unemployed,12824,0,Fair,0.14,0
72,2070,304,9149,Employed,14894,3,Excellent,0.24,0
36,13584,336,16032,Employed,4806,9,Poor,0.24,0
43,1807,759,23243,Self-Employed,5383,0,Excellent,0.15,1
69,5242,516,46915,Student,13826,8,Good,0.62,0
43,10474,438,44426,Employed,9686,5,Excellent,0.32,1
42,2265,398,11433,Unemployed,14574,4,Fair,0.17,0
43,10464,563,25887,Student,2336,4,Poor,0.15,0
43,9235,523,18379,Employed,367,1,Good,0.32,0
63,17702,310,7865,Self-Employed,411,2,Fair,0.06,1
45,15931,626,14610,Employed,3093,6,Good,0.13,1
66,12877,649,24880,Self-Employed,8034,3,Excellent,0.05,1
35,14774,678,11715,Employed,353,5,Excellent,0.07,1
49,15797,530,3631,Employed,9757,7,Good,0.7,1
70,9536,440,34031,Employed,5678,0,Good,0.34,1
20,9096,348,41452,Employed,14755,5,Fair,0.52,0
19,18423,750,14830,Unemployed,1338,0,Excellent,0.53,1
50,3549,790,25596,Employed,4877,7,Excellent,0.62,1
59,6175,504,44484,Employed,328,3,Excellent,0.12,1
36,3163,708,30220,Unemployed,9685,4,Excellent,0.39,1
34,7976,706,26772,Employed,8155,9,Excellent,0.26,1
61,13528,350,38811,Unemployed,7016,1,Excellent,0.41,0
50,16577,474,6116,Self-Employed,11021,2,Good,0.27,1
29,8643,560,17303,Employed,1486,6,Fair,0.17,0
66,3410,779,20517,Employed,7607,6,Excellent,0.49,1
73,2232,522,2636,Employed,3735,7,Fair,0.07,0
20,6109,568,42590,Employed,737,2,Good,0.63,0
60,12634,617,27802,Employed,5367,1,Good,0.15,1
66,5956,684,8811,Employed,3888,1,Fair,0.45,0
72,16012,518,16223,Employed,13482,5,Good,0.54,1
43,4835,353,11581,Employed,6892,1,Poor,0.1,0
52,17045,499,21919,Student,4843,3,Excellent,0.64,1
25,14314,638,18482,Employed,9986,8,Good,0.28,1
69,8556,604,3604,Employed,9494,9,Excellent,0.7,1
53,4253,544,1207,Unemployed,6291,2,Good,0.09,1
70,2872,507,29390,Employed,2668,0,Good,0.52,0
71,15734,810,9463,Self-Employed,4238,1,Poor,0.15,1
24,11136,558,37446,Employed,12074,9,Good,0.31,1
63,4876,679,25990,Employed,5071,9,Good,0.34,1
63,9981,462,37236,Student,4166,6,Poor,0.31,0
53,11757,640,13671,Student,14240,8,Good,0.27,1
33,17947,829,10476,Employed,14646,8,Good,0.55,1
41,18213,333,5986,Employed,637,3,Poor,0.58,0
71,6358,622,43622,Unemployed,4562,7,Fair,0.27,1
18,19847,480,29590,Unemployed,2641,0,Poor,0.36,0
66,18024,646,16526,Employed,8232,5,Good,0.32,1
42,15119,491,43001,Employed,12177,7,Good,0.44,1
27,6039,545,7803,Self-Employed,11138,1,Excellent,0.15,1
71,7094,544,12905,Employed,8962,7,Fair,0.57,0
33,5403,432,3461,Unemployed,14691,3,Poor,0.57,0
33,6864,496,41713,Employed,13455,1,Excellent,0.43,1
25,1949,646,6673,Employed,5802,3,Excellent,0.53,1
46,6306,348,11954,Employed,4374,7,Excellent,0.69,1
56,2369,363,47772,Employed,7638,3,Good,0.65,0
45,7579,403,11420,Self-Employed,14990,7,Excellent,0.45,0
23,8807,512,47735,Employed,3016,6,Good,0.38,1
33,5159,816,18327,Self-Employed,3710,4,Good,0.4,1
37,5102,418,30564,Self-Employed,57,7,Poor,0.35,0
33,10084,541,5156,Employed,12455,1,Good,0.36,1
24,15885,579,13251,Employed,9845,2,Good,0.53,1
58,12483,723,14520,Employed,3237,3,Good,0.69,1
31,6631,662,17549,Employed,6516,9,Excellent,0.08,1
60,2858,605,2905,Employed,81,4,Good,0.2,1
43,18271,785,10515,Employed,5989,4,Fair,0.19,1
43,15103,613,17734,Employed,12421,0,Poor,0.59,0
31,17746,812,49188,Employed,6507,0,Excellent,0.32,1
24,18716,466,27886,Student,1508,0,Fair,0.39,0
50,9941,693,37077,Employed,5165,4,Excellent,0.35,1
43,11719,362,6661,Employed,8453,1,Fair,0.6,0
74,11220,571,34699,Self-Employed,14804,2,Good,0.37,0
62,19722,336,4838,Self-Employed,3706,7,Excellent,0.48,1
37,11052,315,47960,Employed,6235,9,Good,0.06,0
20,12801,642,43073,Employed,14227,7,Fair,0.47,1
69,11015,645,11378,Self-Employed,4114,9,Excellent,0.21,1
21,2391,838,9058,Employed,2317,1,Excellent,0.61,1
43,19189,532,2989,Self-Employed,4672,7,Fair,0.54,0
28,16585,715,10577,Employed,11994,8,Good,0.12,1
19,5692,566,20868,Employed,14323,9,Fair,0.12,1
31,17628,625,48963,Self-Employed,11103,9,Excellent,0.24,1
61,19677,742,25270,Employed,8860,5,Fair,0.13,1
47,11862,375,34884,Employed,14750,0,Good,0.53,0
66,18208,546,29527,Employed,13976,2,Fair,0.69,0
29,10677,612,43187,Self-Employed,1270,4,Excellent,0.48,1
43,8144,642,40730,Self-Employed,9926,2,Fair,0.21,0
61,6282,481,39735,Unemployed,3814,2,Good,0.42,1
50,11552,698,16981,Employed,13613,8,Good,0.57,1
30,5398,540,28080,Employed,4019,4,Excellent,0.68,1
31,18719,591,12797,Self-Employed,14351,7,Good,0.05,1
41,5654,353,27457,Employed,4715,6,Good,0.39,0
51,4278,444,21917,Employed,6646,3,Fair,0.34,0
61,15309,655,9871,Employed,12049,2,Fair,0.32,1
43,7909,776,20053,Student,10091,2,Good,0.38,1
38,14023,321,26823,Employed,6839,1,Excellent,0.31,1
45,5813,630,2191,Employed,13289,4,Poor,0.27,0
65,9108,591,18514,Self-Employed,2231,1,Poor,0.12,0
53,15217,535,18787,Employed,8632,1,Excellent,0.37,1
57,13364,328,39398,Employed,580,3,Good,0.58,0
19,12714,459,32528,Self-Employed,3321,5,Excellent,0.12,1
59,14376,829,10522,Employed,375,5,Fair,0.53,1
26,19555,849,6030,Employed,6081,7,Excellent,0.22,1
40,2416,400,2381,Employed,5577,5,Poor,0.3,0
32,10825,589,17753,Employed,3801,5,Good,0.69,1
30,19720,676,6092,Employed,6489,3,Excellent,0.49,1
40,5507,472,23084,Employed,9999,4,Fair,0.52,0
34,19789,642,15557,Employed,728,6,Good,0.44,1
65,4985,490,9567,Employed,14181,9,Good,0.26,0
19,12461,738,15616,Student,10629,8,Excellent,0.49,1
37,19205,642,20144,Unemployed,4275,3,Good,0.35,1
37,13408,424,28866,Unemployed,6780,9,Poor,0.59,0
63,4854,659,35711,Employed,2423,0,Good,0.42,1
20,15009,802,49743,Employed,6326,5,Excellent,0.55,1
72,8601,472,26386,Self-Employed,11083,1,Good,0.6,1
29,6243,693,22306,Employed,2376,6,Good,0.58,1
57,10451,760,47901,Self-Employed,10160,5,Excellent,0.31,1
19,8514,419,24013,Employed,6633,8,Excellent,0.29,1
53,4912,572,30006,Employed,2247,5,Excellent,0.61,1
31,19241,657,7885,Employed,10935,5,Good,0.14,1
33,10640,685,42369,Employed,6622,3,Good,0.23,1
36,11771,618,33821,Employed,11048,8,Good,0.13,1
51,19650,560,38564,Employed,9951,2,Excellent,0.08,1
61,9719,580,15045,Employed,5574,0,Fair,0.45,1
63,8663,628,26674,Unemployed,13279,9,Fair,0.64,0
23,3970,423,19780,Employed,7160,7,Fair,0.13,0
30,12230,775,26550,Unemployed,5993,7,Good,0.57,1
53,18043,577,25235,Employed,5559,0,Fair,0.3,1
39,5613,392,13841,Employed,1912,8,Good,0.45,0
35,14914,846,49284,Student,11864,1,Good,0.55,1
29,9249,427,48184,Self-Employed,3808,5,Excellent,0.51,1
69,13414,831,22305,Employed,14834,8,Excellent,0.14,1
71,16507,466,41021,Employed,10174,5,Excellent,0.13,1
47,13423,535,22223,Employed,2677,6,Good,0.65,1
70,14542,331,44184,Employed,13467,8,Poor,0.1,0
68,19454,530,19942,Self-Employed,5578,4,Excellent,0.19,1
57,14681,490,12882,Employed,9886,0,Good,0.33,1
24,13630,807,25714,Employed,14518,8,Good,0.58,1
49,4905,756,45133,Employed,4531,9,Good,0.44,1
65,12362,554,47901,Employed,1737,6,Excellent,0.42,1
36,16749,578,22021,Employed,5697,7,Excellent,0.5,1
23,14439,355,44201,Employed,45,1,Excellent,0.57,1
37,15467,405,24013,Employed,7019,4,Fair,0.2,0
44,7348,491,18721,Employed,5891,7,Excellent,0.06,1
70,8317,577,13281,Unemployed,1941,6,Good,0.13,1
60,19511,843,15008,Employed,6060,6,Poor,0.16,1
54,7643,474,3294,Self-Employed,12531,3,Good,0.08,1
65,16009,384,20061,Employed,8347,1,Good,0.54,1
24,11558,515,33840,Employed,11657,9,Good,0.63,1
22,9896,313,41004,Unemployed,961,2,Good,0.51,0
28,13271,336,16089,Employed,14584,8,Good,0.17,0
32,6772,326,11237,Unemployed,944,3,Fair,0.44,0
20,12866,369,12694,Student,7774,0,Good,0.39,1
22,16924,453,21936,Employed,9470,9,Good,0.58,1
40,14928,737,37269,Student,9577,3,Poor,0.66,1
70,17524,570,11468,Employed,12246,7,Fair,0.53,1
54,5247,840,19461,Employed,3919,7,Good,0.38,1
26,10797,373,10840,Self-Employed,9928,9,Good,0.38,0
32,3107,448,9526,Employed,11058,9,Fair,0.58,0
20,17950,805,13464,Unemployed,6058,1,Fair,0.13,1
46,17035,309,12063,Employed,14981,9,Excellent,0.15,1
23,9145,801,36383,Employed,10616,3,Good,0.27,1
34,10970,361,15744,Employed,12440,6,Excellent,0.54,1
43,5658,687,14064,Employed,3838,7,Good,0.09,1
38,10505,531,22740,Employed,11011,0,Poor,0.27,0
25,18286,827,14589,Employed,14575,7,Good,0.26,1
38,9425,849,1932,Employed,11415,0,Excellent,0.37,1
74,15140,744,18019,Student,5559,5,Excellent,0.35,1
28,5666,620,23157,Employed,2650,4,Good,0.51,1
55,16576,382,18574,Employed,8431,9,Excellent,0.46,1
25,10778,733,49312,Employed,3254,6,Good,0.64,1
59,2271,316,6508,Employed,14645,5,Fair,0.17,0
41,12940,668,33779,Employed,6402,9,Fair,0.33,1
52,9667,554,45962,Employed,7627,0,Excellent,0.31,1
72,3056,755,31888,Employed,12718,5,Fair,0.12,1
31,12650,832,46886,Employed,8691,2,Excellent,0.16,1
72,2651,691,27025,Employed,12061,5,Good,0.27,1
31,19101,619,9060,Unemployed,6219,6,Poor,0.53,0
27,14034,519,34216,Self-Employed,4392,5,Excellent,0.15,1
29,9539,713,8661,Employed,10422,8,Excellent,0.22,1
55,19926,331,36264,Employed,13370,8,Good,0.49,1
61,16159,315,6885,Employed,7719,7,Poor,0.44,0
72,7803,708,1426,Self-Employed,11820,4,Excellent,0.12,1
63,19997,472,40867,Unemployed,9621,9,Excellent,0.66,1
51,4477,478,26491,Employed,8718,2,Good,0.15,1
58,14041,796,20553,Employed,5851,3,Excellent,0.09,1
27,1922,403,13918,Self-Employed,1808,9,Excellent,0.25,1
34,13485,616,13513,Employed,9402,7,Excellent,0.07,1
34,17974,480,17830,Unemployed,12139,8,Good,0.07,1
20,4872,431,45695,Employed,8175,7,Good,0.43,1
48,17583,454,31171,Self-Employed,9240,9,Fair,0.63,0
68,3442,658,3250,Unemployed,4394,2,Excellent,0.31,1
18,11450,534,14608,Employed,4668,6,Good,0.25,1
29,17782,464,3681,Employed,9346,7,Good,0.64,1
56,17981,726,18785,Self-Employed,5880,2,Excellent,0.09,1
21,2979,787,4407,Self-Employed,675,0,Good,0.36,1
59,6126,512,40529,Employed,11230,6,Fair,0.21,0
30,12277,456,49901,Employed,14839,2,Poor,0.3,0
51,6647,374,18427,Student,3278,0,Good,0.32,0
59,6943,734,22747,Employed,10477,6,Fair,0.4,1
38,1579,477,14555,Employed,2239,6,Fair,0.34,0
39,7077,611,28594,Unemployed,9243,3,Poor,0.69,0
74,14401,426,1391,Employed,11370,1,Fair,0.07,0
21,3723,676,5819,Self-Employed,11486,9,Excellent,0.54,1
35,4069,644,24263,Self-Employed,13691,4,Excellent,0.08,1
22,11464,524,6984,Student,428,8,Fair,0.33,0
36,15268,316,7363,Employed,2131,5,Good,0.18,1
19,19007,796,6127,Unemployed,8689,9,Excellent,0.66,1
29,17749,772,40357,Employed,10476,8,Good,0.52,1
34,4123,610,44394,Employed,14484,0,Poor,0.35,0
27,2903,436,13512,Employed,3866,1,Good,0.67,0
51,18215,774,49468,Employed,850,5,Good,0.52,1
23,8985,516,5037,Employed,10851,2,Good,0.67,0
25,13300,495,28623,Unemployed,2891,1,Excellent,0.51,1
68,18623,500,7854,Self-Employed,9250,5,Excellent,0.1,1
28,14298,665,26733,Self-Employed,13231,6,Fair,0.45,1
74,6480,827,20633,Self-Employed,2144,3,Poor,0.69,0
29,5378,699,29203,Employed,8035,9,Poor,0.19,0
26,3449,824,35311,Employed,11496,8,Good,0.57,1
19,19121,513,18175,Employed,6550,2,Excellent,0.17,1
25,11458,640,47618,Employed,7103,1,Poor,0.34,0
28,10197,628,26012,Employed,10764,4,Fair,0.11,0
70,16993,418,22554,Employed,9973,8,Fair,0.27,0
53,11533,724,29090,Employed,13213,0,Good,0.55,1
27,11086,672,46636,Employed,8680,5,Good,0.08,1
38,1756,478,39866,Employed,8595,7,Fair,0.26,0
37,3220,731,33712,Employed,13061,6,Good,0.46,1
65,14741,701,41216,Employed,5342,5,Good,0.67,1
25,17734,693,40979,Employed,8594,2,Fair,0.21,1
53,8576,378,8798,Employed,14786,8,Fair,0.16,0
46,2571,723,46420,Employed,3657,4,Excellent,0.18,1
59,3122,417,21748,Employed,9993,0,Good,0.2,0
29,3566,667,2716,Employed,183,8,Fair,0.46,0
31,10142,405,37404,Employed,6420,9,Excellent,0.7,1
65,2397,404,45324,Employed,13182,8,Poor,0.39,0
71,9773,602,8870,Employed,11831,0,Fair,0.23,0
67,7281,447,14682,Employed,13880,6,Fair,0.54,0
38,15122,449,23055,Employed,1516,8,Excellent,0.15,1
39,14784,555,46133,Student,7462,1,Excellent,0.07,1
38,11899,381,9380,Employed,4156,9,Excellent,0.44,1
61,11383,315,6726,Employed,9900,5,Good,0.19,0
67,10871,492,8557,Employed,5085,9,Good,0.31,1
47,12207,373,32768,Self-Employed,3693,0,Excellent,0.2,1
56,9588,576,25166,Unemployed,10139,2,Excellent,0.65,1
37,14640,360,36486,Employed,12433,4,Good,0.27,1
41,18345,835,41655,Self-Employed,9741,6,Good,0.34,1
40,12593,834,29506,Employed,12470,4,Good,0.2,1
24,18000,642,41771,Self-Employed,4410,7,Excellent,0.11,1
26,7285,694,25102,Employed,12140,4,Poor,0.38,0
18,8007,557,49291,Employed,12946,5,Good,0.61,0
43,7330,497,10094,Employed,2791,1,Excellent,0.28,1
55,6061,352,42300,Self-Employed,995,4,Excellent,0.56,1
55,16019,570,20265,Unemployed,2856,6,Excellent,0.07,1
71,2159,500,24094,Employed,8843,0,Excellent,0.2,0
61,13035,695,14353,Employed,13971,9,Good,0.14,1
39,15502,677,46953,Employed,7073,8,Poor,0.31,0
61,19470,834,16173,Self-Employed,9084,8,Excellent,0.63,1
27,6182,387,34411,Employed,6179,7,Fair,0.29,0
72,17202,697,12264,Employed,11028,8,Poor,0.44,1
23,12439,481,34445,Employed,2002,4,Good,0.63,1
34,10326,582,16931,Employed,9256,6,Excellent,0.28,1
68,6749,832,43059,Employed,10622,0,Good,0.29,1
67,14145,489,3650,Employed,8360,6,Fair,0.11,0
55,19768,504,4469,Employed,170,8,Excellent,0.28,1
41,11210,343,41654,Employed,3689,2,Good,0.54,1
68,10313,599,44024,Employed,738,8,Fair,0.6,1
27,14269,578,12592,Self-Employed,11719,4,Good,0.52,1
73,15661,684,44831,Employed,14933,8,Good,0.05,1
25,11229,610,44390,Self-Employed,3562,7,Good,0.13,1
38,17180,827,6684,Employed,1317,6,Good,0.53,1
73,17647,573,14457,Employed,7825,9,Good,0.66,1
23,11762,781,7596,Self-Employed,1287,5,Good,0.5,1
38,3865,750,16151,Employed,10486,1,Good,0.2,1
74,14695,831,8074,Employed,6081,6,Excellent,0.12,1
56,12537,830,34259,Employed,12435,1,Poor,0.62,1
41,12730,824,33979,Student,4036,5,Excellent,0.11,1
50,18738,316,47412,Employed,4536,5,Excellent,0.15,1
35,17052,329,41743,Employed,12649,8,Excellent,0.44,1
73,4228,769,4722,Employed,10461,9,Poor,0.17,0
45,18799,603,12709,Unemployed,8849,3,Good,0.2,1
74,16977,392,43925,Employed,4203,8,Good,0.14,1
69,6438,461,17687,Employed,8123,1,Poor,0.66,0
49,1631,627,37540,Employed,5334,4,Poor,0.13,0
29,1793,553,19165,Self-Employed,7924,2,Good,0.66,0
65,16227,739,47889,Employed,3201,5,Good,0.26,1
59,11988,843,36993,Employed,8767,1,Poor,0.58,0
44,8346,419,30194,Employed,8491,9,Good,0.67,0
27,9084,813,42767,Employed,11698,8,Good,0.39,1
63,18170,848,12382,Unemployed,1892,3,Fair,0.55,1
74,10141,396,29618,Self-Employed,5481,6,Good,0.22,1
69,12932,669,21587,Employed,223,4,Excellent,0.3,1
59,12395,716,2353,Employed,6720,7,Excellent,0.41,1
49,6803,556,9371,Self-Employed,7654,3,Fair,0.6,0
59,9944,427,10072,Employed,3648,6,Excellent,0.45,1
43,11111,658,5698,Employed,13685,4,Poor,0.06,0
42,12028,455,20184,Employed,2741,2,Excellent,0.25,1
28,19119,356,7902,Employed,7152,7,Good,0.61,1
40,2499,375,21647,Employed,5227,5,Good,0.21,0
51,5260,457,30140,Employed,13662,3,Good,0.29,1
74,5616,384,36005,Student,14758,8,Excellent,0.3,0
69,5911,621,31221,Self-Employed,5511,8,Excellent,0.15,1
57,11862,608,35546,Employed,10050,1,Good,0.28,1
40,12613,829,18004,Self-Employed,11886,9,Good,0.58,1
46,5183,583,13505,Self-Employed,6219,8,Good,0.6,1
48,16482,341,22814,Employed,2297,3,Excellent,0.43,1
24,3353,433,40147,Employed,4336,8,Good,0.49,1
57,14579,703,38031,Employed,7393,9,Good,0.4,1
50,8395,792,44787,Employed,11056,7,Excellent,0.08,1
38,14435,521,36008,Employed,11736,9,Excellent,0.5,1
19,14052,528,15577,Employed,9891,2,Good,0.7,1
35,17553,751,9043,Employed,3334,9,Good,0.2,1
64,2362,605,35130,Employed,2062,6,Excellent,0.69,1
50,6027,418,28414,Employed,14676,1,Good,0.7,0
54,13747,623,40303,Self-Employed,8856,1,Fair,0.14,1
51,19103,458,7744,Employed,8687,3,Fair,0.65,0
37,5295,538,42052,Employed,1464,9,Good,0.49,0
52,14296,695,40260,Self-Employed,12837,6,Good,0.35,1
68,14234,619,41270,Employed,10276,3,Fair,0.27,1
67,2027,488,4470,Unemployed,3705,1,Poor,0.46,0
71,4422,608,32643,Employed,14095,1,Good,0.6,0
35,7349,548,28811,Employed,6912,4,Fair,0.07,1
63,19046,837,5201,Self-Employed,13486,2,Good,0.4,1
41,14456,805,6351,Employed,435,2,Excellent,0.47,1
25,18730,693,16327,Self-Employed,10532,0,Good,0.07,1
47,8459,705,49685,Employed,4396,2,Good,0.63,1
61,4586,480,28340,Employed,7096,3,Excellent,0.67,1
70,11462,320,29180,Employed,1697,5,Excellent,0.45,0
27,16919,454,14488,Self-Employed,8129,5,Fair,0.13,1
40,4823,493,31374,Student,8094,4,Fair,0.66,0
69,1945,523,6413,Employed,13650,3,Excellent,0.57,1
66,18909,698,41200,Employed,7122,5,Good,0.07,1
28,11463,579,23355,Student,12203,4,Excellent,0.43,1
19,19243,309,14831,Employed,9238,9,Good,0.12,1
43,16937,675,24821,Self-Employed,10589,0,Poor,0.14,1
53,18355,771,12426,Employed,9281,1,Excellent,0.18,1
50,17911,451,37396,Employed,1418,8,Good,0.31,1
64,12347,423,47132,Employed,14768,9,Fair,0.62,0
30,4736,723,39120,Student,11213,3,Fair,0.07,1
57,14987,822,29085,Self-Employed,3048,5,Good,0.5,1
42,13348,812,36669,Unemployed,8761,4,Fair,0.68,1
21,14655,470,48786,Employed,7160,1,Poor,0.47,0
59,12755,424,18925,Self-Employed,8220,0,Good,0.58,0
36,3479,474,47006,Self-Employed,11346,0,Excellent,0.64,0
35,10507,803,3091,Employed,7643,0,Good,0.51,1
54,3826,684,11842,Unemployed,11698,5,Fair,0.48,0
47,3830,405,10923,Employed,640,9,Excellent,0.06,0
36,2502,827,14827,Employed,11396,6,Excellent,0.39,1
40,11234,337,48736,Employed,12402,6,Excellent,0.35,0
71,7948,694,25126,Employed,7201,8,Excellent,0.39,1
33,8337,776,9283,Employed,14972,2,Fair,0.33,1
18,13896,766,5854,Employed,13389,8,Excellent,0.64,1
29,8854,804,38817,Employed,6418,0,Fair,0.63,1
41,15751,614,6557,Self-Employed,6487,1,Excellent,0.13,1
51,4029,584,5432,Employed,4775,6,Poor,0.4,0
70,14709,763,13006,Employed,12368,1,Good,0.67,1
74,19314,563,30989,Employed,1985,9,Excellent,0.44,1
25,5412,728,41755,Employed,10846,3,Fair,0.57,0
35,19416,664,38788,Employed,4816,1,Good,0.29,1
74,19776,480,27887,Employed,12223,1,Good,0.3,1
65,12816,543,23632,Employed,4167,0,Poor,0.26,0
22,2921,612,31943,Employed,2029,8,Good,0.06,1
43,15010,375,29066,Employed,7312,9,Fair,0.65,1
47,12652,561,1977,Employed,7205,2,Good,0.28,1
71,7117,530,21594,Employed,8665,0,Fair,0.29,0
30,2695,679,40802,Self-Employed,5116,9,Excellent,0.54,1
36,7729,608,35026,Employed,170,5,Fair,0.39,1
46,6805,687,45815,Self-Employed,10279,7,Excellent,0.29,1
20,9577,624,18681,Employed,3244,6,Good,0.62,1
43,17380,755,11170,Self-Employed,2471,6,Poor,0.59,1
57,10845,811,8397,Unemployed,7031,1,Excellent,0.68,1
29,18726,642,40640,Employed,5975,3,Excellent,0.47,1
19,6700,815,31083,Employed,1245,5,Good,0.5,1
28,11374,741,2732,Employed,7769,1,Poor,0.26,0
61,1794,848,49628,Employed,8989,4,Good,0.11,1
45,7597,561,3942,Employed,11938,4,Excellent,0.12,1
35,7912,762,32548,Self-Employed,10689,2,Fair,0.47,1
30,10336,526,10429,Student,13739,1,Good,0.12,1
54,13325,822,30741,Employed,6019,6,Poor,0.64,1
39,8178,488,38268,Employed,5567,7,Good,0.51,0
29,17235,508,23517,Employed,12932,3,Good,0.2,1
19,7243,312,30949,Employed,14767,3,Good,0.23,0
54,17994,461,29899,Self-Employed,321,8,Good,0.51,1
24,10275,792,16068,Employed,3934,3,Fair,0.59,1
43,12917,734,48994,Self-Employed,7319,9,Excellent,0.6,1
43,11178,304,1165,Employed,3895,2,Excellent,0.44,0
41,6364,501,13872,Employed,9260,0,Good,0.15,1
29,14967,715,22216,Employed,7163,2,Good,0.58,1
33,3148,311,31206,Employed,8515,4,Good,0.56,0
40,17177,696,30269,Self-Employed,6555,1,Excellent,0.59,1
57,17418,640,30264,Employed,3332,4,Poor,0.15,0
26,3881,672,13219,Employed,5338,8,Excellent,0.49,1
49,17989,677,20158,Employed,2667,9,Poor,0.67,1
32,13245,524,26989,Employed,10286,5,Poor,0.22,0
54,7318,481,43406,Employed,8836,2,Good,0.52,0
30,11386,596,38788,Unemployed,3844,4,Excellent,0.22,1
22,1881,606,29058,Employed,9903,0,Excellent,0.25,0
28,5856,730,25132,Employed,10872,7,Poor,0.37,0
27,7418,417,17830,Self-Employed,9032,8,Poor,0.63,0
69,2816,651,29050,Employed,8494,4,Poor,0.08,0
30,6954,345,33864,Employed,3261,8,Poor,0.69,0
58,14607,526,36194,Employed,14234,7,Excellent,0.55,1
70,5574,655,44677,Employed,13059,7,Good,0.28,1
63,16311,593,20641,Employed,3760,1,Fair,0.28,1
67,18790,539,31375,Self-Employed,5079,4,Good,0.36,1
32,9121,647,14555,Employed,7002,7,Good,0.62,0
59,18546,440,22110,Student,10816,2,Excellent,0.06,1
73,17626,503,24235,Employed,13151,0,Excellent,0.41,1
24,10154,568,42462,Self-Employed,335,3,Excellent,0.09,1
57,14372,612,29959,Self-Employed,1878,3,Excellent,0.13,1
45,18826,717,41957,Employed,11483,9,Good,0.5,1
49,16451,436,46424,Employed,1852,3,Good,0.2,1
52,9849,650,42024,Unemployed,4755,3,Good,0.08,1
32,19210,460,40508,Employed,2000,8,Fair,0.16,1
65,12409,472,24098,Employed,12899,0,Fair,0.19,0
53,12260,429,16309,Employed,5238,8,Excellent,0.55,1
38,13084,378,15105,Unemployed,7788,6,Excellent,0.46,1
23,3606,356,9672,Employed,13191,4,Good,0.53,0
18,15169,699,31328,Employed,2129,1,Fair,0.29,1
21,4438,662,15078,Unemployed,5132,9,Good,0.12,1
28,3983,634,40647,Employed,968,9,Good,0.57,1
61,2875,433,38430,Employed,10148,9,Excellent,0.14,1
43,11515,313,41583,Employed,2525,3,Good,0.3,0
54,18128,582,37029,Self-Employed,2346,3,Poor,0.22,1
40,16560,720,1405,Employed,14427,3,Good,0.24,1
46,18363,426,4560,Unemployed,749,1,Good,0.44,1
38,12154,517,12575,Unemployed,10935,7,Excellent,0.16,1
65,19819,788,12859,Employed,9491,3,Excellent,0.34,1
62,15753,559,31612,Employed,8495,8,Good,0.47,1
62,13065,517,14153,Unemployed,2915,1,Good,0.61,1
66,1587,788,41624,Employed,5956,6,Good,0.29,1
44,10932,742,43077,Employed,12257,4,Excellent,0.26,1
56,10264,398,28013,Employed,3344,4,Fair,0.29,0
57,1678,481,7690,Self-Employed,7579,6,Excellent,0.38,1
30,18046,468,45442,Employed,8227,3,Good,0.25,1
40,4140,532,22715,Employed,12709,2,Poor,0.21,0
33,10697,392,1741,Employed,3549,8,Good,0.29,1
47,3921,771,12431,Employed,5621,2,Excellent,0.56,1
21,12447,815,8181,Employed,10577,4,Fair,0.21,1
57,2717,384,32305,Employed,6725,1,Good,0.6,0
33,3974,818,8731,Employed,12915,6,Poor,0.24,0
48,2429,680,36689,Employed,1433,6,Fair,0.44,0
70,9458,706,41142,Employed,12750,4,Good,0.68,1
59,3002,531,29714,Employed,80,7,Good,0.67,0
42,1920,550,8023,Self-Employed,9694,8,Excellent,0.33,0
61,15080,384,39329,Employed,5505,3,Good,0.09,1
29,17340,618,39402,Employed,12707,1,Good,0.64,1
43,7330,492,1910,Employed,3511,1,Good,0.13,0
54,19333,599,29588,Unemployed,6178,3,Good,0.65,1
65,7311,657,38470,Self-Employed,2942,5,Fair,0.53,0
50,10119,752,48341,Employed,8986,5,Excellent,0.66,1
45,15027,805,23182,Unemployed,14836,1,Excellent,0.48,1
26,17723,364,30390,Employed,9922,0,Excellent,0.7,1
29,1606,521,46269,Employed,8375,1,Fair,0.35,0
22,5549,765,5038,Employed,4653,7,Excellent,0.26,1
71,9789,371,29215,Employed,9363,4,Excellent,0.31,0
69,3403,773,32565,Employed,2042,2,Excellent,0.28,1
71,12993,318,20829,Self-Employed,1287,8,Good,0.31,1
45,6876,821,33899,Employed,11868,6,Good,0.63,1
73,1542,714,44016,Employed,13127,7,Excellent,0.43,1
52,3077,663,23246,Employed,3560,5,Good,0.52,1
22,13882,827,19862,Employed,7793,6,Good,0.24,1
51,7385,379,23500,Self-Employed,10074,2,Fair,0.69,0
63,10076,489,17688,Employed,281,0,Excellent,0.23,1
51,14606,447,17282,Employed,4710,0,Fair,0.15,0
30,13163,742,3519,Self-Employed,10441,0,Excellent,0.56,1
56,5077,564,7112,Unemployed,12861,6,Fair,0.6,0
59,17642,808,1992,Self-Employed,7773,1,Good,0.31,1
62,6744,600,6647,Employed,8608,5,Good,0.4,0
65,3634,765,44519,Student,316,0,Excellent,0.32,1
31,5392,664,30014,Employed,11491,9,Fair,0.24,1
28,5821,698,8597,Employed,2963,7,Excellent,0.58,1
59,7276,792,26633,Unemployed,1091,4,Fair,0.54,1
55,12084,841,17854,Employed,5078,8,Fair,0.37,1
21,17619,779,4566,Employed,11036,2,Fair,0.35,1
70,7328,467,42472,Student,3885,1,Fair,0.17,0
50,1795,390,45353,Employed,5599,7,Excellent,0.46,1
24,1913,599,4285,Employed,676,4,Poor,0.65,0
73,11687,473,13029,Employed,1124,0,Fair,0.52,0
58,15816,672,44152,Unemployed,10482,5,Good,0.38,1
25,8168,323,13846,Employed,1113,2,Fair,0.08,0
54,16844,500,14079,Employed,1972,7,Fair,0.65,0
68,9695,306,47804,Employed,11140,5,Fair,0.25,0
27,18061,305,9551,Employed,7767,1,Excellent,0.24,1
60,5854,460,34052,Self-Employed,4222,5,Good,0.36,0
74,6982,547,16100,Employed,4714,2,Fair,0.33,0
32,17576,465,4277,Employed,4929,6,Fair,0.68,1
55,16876,727,20015,Self-Employed,9614,0,Good,0.16,1
32,4771,444,2757,Employed,11565,0,Good,0.5,1
22,12174,810,33085,Self-Employed,7661,9,Poor,0.12,1
46,6892,842,22863,Employed,7143,3,Good,0.23,1
36,18173,808,27098,Employed,8947,6,Fair,0.52,1
71,15809,519,47220,Employed,11960,3,Good,0.57,1
68,18291,375,16295,Employed,4871,8,Good,0.35,1
27,2193,618,39555,Unemployed,13924,7,Good,0.56,0
29,2669,337,26821,Self-Employed,3836,4,Fair,0.66,0
71,10123,813,43372,Employed,7309,0,Poor,0.66,0
21,9282,545,22833,Self-Employed,12164,2,Excellent,0.27,1
48,15356,439,26992,Employed,14588,7,Fair,0.25,0
35,10674,557,9549,Employed,12360,6,Good,0.52,1
33,12852,680,23432,Self-Employed,7381,7,Excellent,0.48,1
57,7030,777,40498,Employed,4474,0,Fair,0.3,1
53,6492,484,21519,Employed,14634,1,Good,0.2,1
42,4812,602,48376,Employed,11184,9,Fair,0.45,0
40,14565,793,49547,Employed,8683,6,Excellent,0.33,1
29,5818,463,4141,Employed,683,4,Fair,0.14,0
51,15559,502,12068,Unemployed,1975,4,Good,0.47,1
53,3188,707,32342,Self-Employed,303,9,Excellent,0.5,1
54,1967,509,15256,Employed,12189,8,Excellent,0.29,1
20,11037,400,33964,Employed,1952,0,Good,0.59,1
26,3922,745,6830,Employed,3569,4,Good,0.1,1
70,16104,667,16868,Employed,7909,6,Excellent,0.37,1
35,6221,538,7679,Employed,4004,4,Excellent,0.67,1
60,10703,590,41754,Unemployed,6065,9,Good,0.17,1
52,9041,671,34705,Employed,9452,6,Fair,0.16,1
74,11369,730,12722,Employed,7397,0,Poor,0.3,1
72,16285,579,21509,Employed,1030,4,Good,0.22,1
51,15179,766,14989,Self-Employed,5826,5,Good,0.19,1
58,14042,615,44886,Self-Employed,4351,5,Poor,0.67,0
31,19370,376,47200,Employed,9386,3,Poor,0.27,0
21,15961,450,24562,Employed,7719,4,Excellent,0.09,1
46,12538,695,15919,Student,11551,7,Good,0.63,1
58,13752,795,42306,Employed,8425,5,Fair,0.34,1
62,11270,596,49380,Self-Employed,11112,0,Fair,0.53,0
67,5249,706,12036,Employed,1718,4,Good,0.29,1
32,13317,586,42078,Self-Employed,492,6,Good,0.66,1
45,4003,792,25438,Employed,11474,7,Good,0.24,1
59,9355,835,21999,Unemployed,2014,3,Fair,0.48,1
33,14878,755,44740,Self-Employed,8029,1,Excellent,0.59,1
29,12829,791,44087,Employed,7534,3,Good,0.2,1
69,12601,308,42543,Employed,12516,5,Good,0.57,0
22,18283,431,2708,Employed,8536,5,Fair,0.56,0
51,13649,376,7377,Unemployed,5886,5,Good,0.68,1
59,16119,430,23788,Employed,14412,0,Good,0.65,1
18,19423,711,15269,Employed,7627,6,Excellent,0.3,1
56,16485,389,30717,Employed,8456,6,Fair,0.43,1
49,16526,797,23605,Employed,11767,4,Fair,0.65,1
43,9928,653,22221,Employed,13031,3,Fair,0.05,1
34,10619,570,42631,Employed,1672,2,Excellent,0.46,1
65,5624,691,32757,Unemployed,3647,7,Good,0.19,1
44,17875,731,49275,Employed,6388,7,Excellent,0.53,1
41,1949,771,19069,Employed,8620,2,Good,0.57,1
52,18263,607,44037,Employed,3162,4,Good,0.51,1
63,16534,807,43656,Employed,14780,7,Fair,0.7,1
59,10942,354,25324,Employed,13544,9,Excellent,0.36,1
71,14143,336,29734,Employed,2910,9,Good,0.41,1
56,3801,354,20590,Employed,8645,5,Excellent,0.32,0
43,9210,823,29828,Employed,8540,1,Good,0.68,1
66,7292,762,24096,Employed,8613,0,Good,0.65,1
55,11159,777,30448,Employed,10954,6,Good,0.69,1
40,8716,510,44261,Employed,6633,1,Excellent,0.69,1
39,13212,525,49110,Unemployed,12973,9,Excellent,0.63,1
21,6405,306,12450,Employed,581,9,Good,0.66,0
66,17266,839,31575,Employed,2662,3,Fair,0.13,1
26,7499,511,32592,Employed,5352,5,Fair,0.16,1
21,18483,488,40110,Employed,4258,6,Fair,0.63,1
24,8788,374,48984,Employed,6923,6,Poor,0.52,0
40,12766,413,39202,Employed,10543,6,Good,0.62,1
19,17086,450,21333,Employed,10558,3,Good,0.55,1
66,3067,735,18663,Employed,6828,9,Good,0.14,1
41,16610,383,10535,Unemployed,9221,9,Poor,0.65,0
57,17582,511,39887,Employed,1324,5,Good,0.55,1
72,2594,760,19679,Self-Employed,14169,2,Fair,0.42,0
48,12635,476,33474,Employed,100,7,Excellent,0.4,1
64,15008,611,3560,Employed,415,0,Good,0.42,1
48,13845,458,24365,Unemployed,5059,7,Fair,0.3,1
64,11184,485,11745,Employed,9575,4,Excellent,0.57,1
57,7691,770,1030,Employed,13442,7,Excellent,0.64,1
65,19342,608,9132,Employed,10625,3,Fair,0.21,1
68,9546,545,26874,Employed,1043,1,Good,0.07,1
60,6434,683,46764,Unemployed,1746,3,Good,0.18,1
51,15538,341,18269,Employed,14630,7,Good,0.54,0
72,2854,584,27555,Unemployed,4491,9,Excellent,0.61,1
41,7973,599,22227,Unemployed,13756,0,Excellent,0.28,1
66,14294,735,37806,Employed,14627,4,Poor,0.15,1
43,4463,668,27702,Employed,7657,5,Good,0.61,1
33,16003,785,19674,Employed,4443,3,Excellent,0.19,1
74,4542,735,4894,Employed,9480,3,Excellent,0.21,1
64,8473,727,5596,Employed,4860,3,Excellent,0.11,1
30,8639,480,17588,Employed,12331,2,Good,0.64,1
32,12726,639,43443,Unemployed,4170,9,Good,0.26,1
44,8430,790,28346,Self-Employed,4148,4,Good,0.16,1
21,16262,794,30004,Employed,7453,5,Fair,0.67,1
33,19616,462,28226,Self-Employed,12146,2,Good,0.27,1
47,6840,755,13453,Self-Employed,6209,2,Good,0.54,1
61,6611,391,25581,Employed,37,8,Fair,0.2,0
47,4581,404,41588,Employed,8957,1,Fair,0.52,0
53,9302,738,25524,Employed,12069,5,Good,0.2,1
20,10962,797,32843,Employed,10656,7,Excellent,0.46,1
39,17080,627,44052,Employed,4806,7,Good,0.34,1
66,19413,840,13744,Employed,4843,0,Good,0.57,1
39,18965,808,41784,Self-Employed,13780,0,Excellent,0.52,1
67,9494,550,17610,Employed,13366,7,Excellent,0.66,1
74,5031,490,39910,Self-Employed,11083,0,Poor,0.29,0
67,10843,346,8482,Self-Employed,115,2,Fair,0.54,0
72,2216,550,41081,Unemployed,7764,8,Excellent,0.68,1
66,7729,363,33024,Employed,278,2,Good,0.27,0
29,18088,619,24674,Employed,453,1,Excellent,0.24,1
72,13521,823,15030,Self-Employed,3213,0,Excellent,0.55,1
38,12801,591,26472,Employed,4703,0,Good,0.34,1
73,5594,328,10512,Self-Employed,13360,9,Good,0.31,0
21,11024,736,20045,Student,4464,2,Poor,0.4,0
48,11541,346,28135,Employed,12657,5,Fair,0.66,0
61,9603,716,35432,Employed,300,6,Excellent,0.1,1
48,19902,750,21134,Employed,8908,5,Good,0.35,1
40,16590,373,30897,Unemployed,6042,5,Good,0.12,1
71,17415,352,15750,Employed,5066,8,Excellent,0.62,1
70,10209,532,37422,Employed,9567,3,Fair,0.14,0
37,2938,499,14733,Employed,194,4,Excellent,0.11,1
32,19936,848,18480,Self-Employed,1328,0,Excellent,0.68,1
40,16529,396,4098,Employed,6393,3,Good,0.42,1
45,6017,348,20624,Employed,4353,9,Excellent,0.59,0
33,12405,821,44782,Employed,7133,5,Good,0.36,1
54,2744,339,41546,Employed,10171,6,Poor,0.33,0
38,3916,452,44887,Self-Employed,13761,1,Good,0.64,0
32,16793,405,25463,Employed,14182,9,Fair,0.69,0
34,7990,510,46953,Employed,14394,5,Good,0.45,0
67,13183,501,15250,Employed,7388,2,Good,0.65,0
54,7339,732,37382,Unemployed,13883,6,Good,0.61,1
30,16350,446,48022,Employed,1557,8,Good,0.4,1
36,13670,798,37384,Employed,5976,3,Good,0.66,1
47,13467,581,36472,Employed,7529,7,Good,0.19,1
62,6509,609,24138,Employed,3124,9,Excellent,0.63,1
35,19466,350,4893,Employed,4882,5,Good,0.25,1
31,15812,794,12573,Employed,14896,2,Fair,0.07,1
53,10424,708,12263,Self-Employed,7119,2,Excellent,0.56,1
53,17421,572,36762,Employed,8720,2,Fair,0.65,0
37,7221,757,38301,Employed,8689,3,Fair,0.19,1
69,9923,419,35268,Self-Employed,6782,1,Excellent,0.4,1
36,6430,345,2725,Employed,6298,4,Good,0.54,0
62,5853,542,43525,Employed,7146,7,Fair,0.27,0
61,9332,610,48160,Student,1810,6,Good,0.15,1
24,18286,630,41109,Self-Employed,7914,8,Fair,0.3,1
74,17948,310,17709,Unemployed,13801,2,Excellent,0.35,1
61,9270,723,38185,Employed,2845,3,Excellent,0.53,1
70,18056,347,44190,Employed,2125,7,Excellent,0.18,1
21,16594,676,3666,Student,7341,9,Poor,0.58,0
51,9435,307,43169,Employed,319,2,Excellent,0.38,0
19,4175,825,49771,Unemployed,8086,0,Fair,0.64,0
22,12740,669,8152,Unemployed,3363,1,Good,0.42,1
72,5505,739,30000,Self-Employed,10761,9,Excellent,0.34,1
27,8044,783,29477,Employed,3386,9,Excellent,0.24,1
49,18832,572,45396,Unemployed,12901,7,Good,0.12,1
59,15888,430,5778,Employed,12917,6,Excellent,0.29,1
58,16459,820,17169,Employed,10908,3,Poor,0.32,1
30,3194,413,18668,Self-Employed,3338,7,Fair,0.42,0
56,16253,831,18762,Employed,8177,2,Excellent,0.61,1
22,18026,798,40107,Employed,13733,0,Fair,0.35,1
27,7501,638,20945,Employed,8436,3,Good,0.25,1
27,8152,320,22836,Employed,6734,5,Poor,0.62,0
55,16485,332,11079,Employed,10911,5,Excellent,0.53,1
44,6081,432,19362,Employed,7258,3,Good,0.25,0
68,6587,325,13919,Employed,869,7,Excellent,0.16,1
38,2960,663,21800,Employed,1459,8,Fair,0.24,0
25,5387,391,14758,Employed,6784,1,Excellent,0.13,1
18,16378,844,29874,Employed,4109,2,Good,0.64,1
45,9984,537,45121,Employed,7042,7,Poor,0.45,0
66,11335,317,30298,Employed,6429,0,Good,0.61,0
56,17143,573,15156,Self-Employed,8862,0,Good,0.58,1
31,12410,588,44039,Employed,12928,6,Good,0.15,1
38,18721,326,17239,Self-Employed,685,9,Good,0.34,1
47,7346,733,8089,Employed,5027,6,Good,0.68,1
38,9963,407,14014,Employed,13997,6,Good,0.2,1
66,14836,623,24318,Employed,1974,4,Poor,0.08,0
26,3869,830,27866,Employed,13219,6,Excellent,0.27,1
34,15492,403,6917,Unemployed,7594,8,Excellent,0.38,1
22,2382,631,42029,Student,9203,5,Excellent,0.09,1
74,4671,661,16350,Self-Employed,9576,5,Good,0.33,1
48,3540,588,10286,Employed,4138,2,Excellent,0.21,1
69,7872,743,6742,Employed,9102,6,Poor,0.19,0
57,9062,336,38021,Self-Employed,1317,5,Good,0.22,0
55,13276,647,2839,Employed,5464,4,Fair,0.12,1
60,7400,342,19335,Unemployed,5115,2,Good,0.1,0
36,9465,425,15661,Employed,14956,2,Excellent,0.44,1
53,9965,308,43018,Employed,7409,5,Excellent,0.67,0
67,2089,825,12743,Student,11318,5,Good,0.57,1
50,6563,430,19891,Student,566,4,Excellent,0.59,1
30,19874,624,29483,Unemployed,12109,2,Fair,0.53,0
31,17740,483,32135,Employed,7895,1,Fair,0.67,1
73,2758,581,30557,Self-Employed,9657,3,Fair,0.67,0
50,15098,352,12682,Employed,12394,3,Fair,0.56,0
46,4366,832,13798,Employed,13624,9,Good,0.52,1
60,18455,676,30039,Employed,9399,1,Good,0.25,1
66,10236,594,44919,Unemployed,7297,8,Good,0.11,1
53,14204,507,15198,Employed,11762,2,Excellent,0.11,1
61,2137,776,42842,Employed,14971,0,Good,0.53,1
27,6382,368,33104,Employed,2465,4,Good,0.07,1
48,17328,736,8603,Employed,4144,9,Fair,0.58,1
23,5172,600,20009,Employed,14655,2,Good,0.29,1
74,13829,326,39661,Employed,4348,5,Excellent,0.17,1
18,16467,405,30965,Unemployed,3926,0,Good,0.31,1
24,6211,310,24784,Employed,7559,9,Fair,0.51,0
44,14735,515,30340,Self-Employed,11332,3,Poor,0.23,0
38,1659,620,3153,Employed,11705,0,Excellent,0.16,1
45,11644,759,5761,Employed,14812,0,Fair,0.53,1
33,16293,825,24569,Employed,4010,9,Good,0.62,1
73,11423,459,4566,Employed,2877,7,Excellent,0.43,1
63,7438,763,43468,Employed,1400,9,Fair,0.39,0
40,12854,821,28254,Employed,6707,3,Excellent,0.54,1
69,11424,572,35612,Employed,9760,9,Fair,0.53,0
37,2080,540,41037,Self-Employed,13843,2,Fair,0.05,0
55,5974,466,28160,Self-Employed,740,5,Good,0.23,1
71,11441,626,13206,Unemployed,6330,9,Excellent,0.66,1
42,8573,828,45211,Employed,8891,8,Poor,0.67,1
45,11162,572,2533,Employed,702,5,Fair,0.38,0
22,6559,675,6596,Employed,6255,0,Poor,0.41,0
73,14957,674,22153,Employed,13495,7,Good,0.05,1
38,5828,633,43383,Self-Employed,4388,0,Good,0.49,1
35,19278,302,32069,Employed,9147,2,Excellent,0.19,1
64,2421,542,7358,Employed,9065,8,Excellent,0.13,1
23,4273,350,33035,Employed,10600,3,Excellent,0.25,1
74,5962,649,35459,Student,12789,7,Good,0.48,1
46,8233,473,42287,Self-Employed,7127,8,Good,0.33,1
36,13274,415,35356,Employed,11570,7,Good,0.28,0
50,10810,660,21137,Employed,1820,5,Good,0.52,1
18,3365,654,17481,Employed,7906,8,Poor,0.58,0
62,18608,375,38522,Employed,4744,5,Fair,0.61,0
20,2211,380,27923,Employed,12373,4,Fair,0.34,0
59,9210,528,39941,Employed,4391,7,Fair,0.52,0
38,14946,371,43057,Employed,11434,3,Excellent,0.63,1
52,14894,702,48275,Employed,1379,2,Excellent,0.64,1
58,1890,517,30689,Student,13771,3,Good,0.37,1
57,10762,751,9052,Employed,8470,8,Good,0.28,1
20,5987,666,22402,Unemployed,8038,3,Fair,0.64,0
42,12120,611,48187,Self-Employed,4347,6,Good,0.22,1
62,15070,597,49088,Unemployed,9223,0,Poor,0.57,0
55,7566,323,6704,Self-Employed,12873,5,Fair,0.64,0
62,5994,409,41679,Employed,1343,7,Excellent,0.53,1
72,5072,351,30985,Employed,5270,6,Good,0.49,0
37,14170,589,30310,Employed,604,4,Poor,0.08,0
69,17439,743,35045,Employed,6519,3,Good,0.18,1
61,17760,766,44671,Employed,7532,1,Good,0.48,1
62,11749,558,47903,Employed,10847,0,Excellent,0.56,1
51,3811,623,12715,Employed,6583,0,Good,0.09,1
38,12571,637,22810,Employed,14477,4,Fair,0.06,1
73,8273,721,41583,Self-Employed,591,8,Excellent,0.25,1
72,8405,558,1183,Unemployed,8038,6,Fair,0.47,0
65,5142,364,42932,Employed,14063,1,Poor,0.38,0
40,7838,462,28961,Employed,6163,5,Fair,0.06,0
23,17846,463,36156,Employed,3954,9,Poor,0.15,0
68,11122,338,21706,Employed,8203,6,Excellent,0.54,1
70,17155,619,22316,Employed,14280,7,Good,0.24,1
30,11605,659,37595,Student,6779,8,Excellent,0.13,1
66,7740,568,3497,Employed,121,2,Fair,0.08,0
40,16297,623,14562,Employed,12712,1,Poor,0.6,1
26,9306,625,37247,Employed,2276,6,Excellent,0.36,1
34,2257,556,29841,Employed,10836,7,Good,0.38,1
19,7720,499,9757,Student,12265,8,Excellent,0.09,1
36,11604,737,35703,Employed,8095,9,Good,0.37,1
36,15816,403,23659,Unemployed,7076,4,Good,0.47,1
73,10826,671,10018,Employed,877,8,Fair,0.13,1
24,10456,463,30277,Employed,785,0,Excellent,0.64,1
71,4997,412,45077,Employed,2076,8,Excellent,0.56,1
59,11364,848,17733,Employed,14470,9,Excellent,0.57,1
59,10274,405,19153,Employed,5671,4,Excellent,0.4,1
37,15539,663,35572,Unemployed,100,1,Good,0.27,1
26,3321,320,43020,Self-Employed,8567,5,Excellent,0.47,0
34,19069,428,45469,Employed,8837,0,Good,0.2,1
44,14217,782,5170,Employed,3382,6,Good,0.14,1
64,19521,498,28666,Employed,11703,6,Good,0.4,1
19,11872,820,17785,Employed,5960,9,Poor,0.36,0
53,9880,719,42147,Employed,10932,7,Fair,0.15,1
36,3246,525,45944,Employed,11720,0,Excellent,0.39,1
34,7297,508,25714,Employed,6343,1,Excellent,0.41,1
22,17783,544,33711,Employed,4816,0,Fair,0.62,1
56,9589,587,46163,Employed,13911,7,Good,0.54,1
35,13637,365,1220,Student,2023,7,Good,0.19,1
70,9097,452,5240,Employed,7292,2,Fair,0.58,0
71,7607,790,40769,Employed,12758,9,Excellent,0.68,1
24,4293,734,13292,Employed,10144,1,Good,0.52,1
34,12638,517,29604,Self-Employed,1045,8,Fair,0.56,0
56,4000,728,17771,Student,2097,4,Fair,0.22,0
53,14638,801,48671,Employed,3822,8,Fair,0.69,1
57,9861,520,12223,Employed,4821,1,Good,0.16,1
62,6425,734,33714,Unemployed,3866,5,Fair,0.54,1
21,18964,579,31429,Student,11823,0,Excellent,0.31,1
55,5953,391,39759,Unemployed,6209,6,Good,0.28,0
42,16279,823,1559,Unemployed,10206,3,Excellent,0.24,1
22,13600,438,2839,Employed,8076,6,Excellent,0.34,1
47,16662,322,2771,Unemployed,2349,8,Fair,0.56,0
29,2825,716,25940,Student,11590,0,Excellent,0.66,1
21,12869,647,25992,Employed,383,0,Good,0.32,1
41,11840,536,8676,Self-Employed,14062,6,Good,0.47,1
46,14908,482,43595,Employed,2585,9,Excellent,0.56,0
26,19572,807,19452,Employed,702,1,Good,0.11,1
21,19960,497,17900,Employed,2096,7,Good,0.67,1
68,2961,422,43180,Unemployed,318,3,Fair,0.19,0
41,11094,845,1660,Employed,8212,6,Fair,0.64,1
31,1572,680,25905,Employed,11696,9,Good,0.69,1
22,7530,814,1377,Employed,14926,1,Poor,0.12,0
35,9217,305,12474,Employed,591,7,Excellent,0.63,0
59,14831,603,1159,Employed,4104,5,Good,0.47,1
74,15436,491,30329,Employed,10388,0,Poor,0.58,0
36,5076,675,16929,Employed,1460,8,Excellent,0.12,1
29,9600,824,37942,Unemployed,10738,1,Excellent,0.59,1
35,15112,335,3199,Student,1911,3,Good,0.46,0
34,7228,369,28140,Employed,3126,8,Fair,0.38,0
47,1532,588,13980,Employed,12584,7,Good,0.41,0
41,12386,404,43997,Employed,10757,7,Fair,0.53,0
28,15578,612,44359,Employed,6912,3,Excellent,0.24,1
52,5873,354,26800,Employed,6847,0,Fair,0.66,0
40,15968,406,47006,Employed,7044,9,Excellent,0.25,1
34,14537,606,7276,Employed,5348,3,Good,0.62,0
18,15961,335,19372,Employed,1270,2,Good,0.06,1
32,3892,432,24161,Employed,7166,2,Good,0.65,0
49,12563,324,9168,Employed,281,0,Good,0.6,0
26,19285,336,34633,Employed,11008,8,Good,0.13,1
32,2317,318,25966,Employed,12544,2,Fair,0.53,0
45,7703,334,43368,Employed,5212,3,Fair,0.29,0
41,3938,662,5915,Employed,14549,0,Good,0.36,1
52,19094,717,40009,Employed,1829,2,Excellent,0.09,1
39,8141,729,49921,Employed,8744,0,Fair,0.19,1
44,18483,817,40903,Self-Employed,3739,3,Fair,0.67,1
36,15526,766,17197,Employed,6276,9,Good,0.32,1
62,19730,498,30011,Employed,2964,6,Good,0.07,1
29,19771,845,18938,Employed,5616,9,Good,0.38,1
37,18563,510,5047,Unemployed,14421,7,Excellent,0.7,1
18,3335,800,17515,Employed,7763,7,Good,0.27,1
38,13722,540,4679,Employed,11659,0,Good,0.14,1
66,3677,469,23737,Unemployed,11116,5,Fair,0.47,0
62,9642,593,20460,Employed,2807,7,Fair,0.65,0
18,1648,614,30048,Student,2919,9,Excellent,0.61,1
27,19379,426,13927,Employed,11196,9,Good,0.48,1
64,14605,767,35289,Employed,1570,7,Excellent,0.17,1
49,3244,666,10933,Unemployed,10488,8,Good,0.56,0
56,3146,320,34971,Employed,14154,7,Excellent,0.59,1
39,11364,615,31481,Employed,5756,4,Good,0.6,1
35,15166,389,20775,Employed,6707,0,Fair,0.31,0
65,5167,703,15836,Employed,10528,8,Fair,0.32,1
63,18460,817,21105,Employed,10648,9,Excellent,0.15,1
49,12787,750,46078,Employed,7949,9,Excellent,0.55,1
44,17802,449,40543,Self-Employed,6876,9,Excellent,0.53,1
45,14510,745,24544,Employed,12596,9,Good,0.11,1
35,6279,379,16953,Employed,8252,4,Excellent,0.06,1
56,9687,316,10395,Student,3575,6,Excellent,0.67,1
66,14529,437,5270,Student,2828,6,Poor,0.06,0
46,4472,807,9389,Employed,2574,3,Good,0.46,1
35,19929,373,12717,Self-Employed,3382,7,Good,0.34,1
61,12640,373,37962,Self-Employed,3764,9,Excellent,0.56,1
25,19511,349,34512,Unemployed,10439,8,Good,0.11,1
71,16347,309,22930,Employed,3424,3,Good,0.49,0
48,15923,402,4262,Employed,1098,1,Good,0.45,1
51,2988,687,12213,Employed,14271,9,Good,0.6,1
24,10627,684,25129,Employed,10995,3,Poor,0.39,0
53,11406,598,31453,Employed,13582,1,Excellent,0.52,1
35,3302,638,1498,Self-Employed,13332,0,Good,0.33,0
55,17127,688,45647,Employed,11299,0,Good,0.69,1
26,5020,773,17524,Self-Employed,197,3,Good,0.41,1
26,7396,441,19098,Employed,13464,8,Excellent,0.54,1
63,16744,469,12012,Employed,10283,8,Good,0.11,1
25,4811,312,37273,Employed,2688,6,Excellent,0.35,0
68,19851,748,4602,Employed,14889,4,Good,0.09,1
52,9509,473,24059,Employed,7098,5,Good,0.13,1
35,13406,431,42877,Employed,6129,0,Good,0.38,1
22,13727,839,43782,Employed,9760,2,Good,0.28,1
31,6962,568,23888,Employed,9062,0,Excellent,0.35,0
45,14560,550,29398,Employed,509,9,Good,0.37,1
47,4958,669,11795,Employed,2463,4,Excellent,0.15,1
21,5230,825,22187,Employed,12225,3,Excellent,0.29,1
56,9047,805,19114,Employed,10648,2,Fair,0.61,1
37,1527,477,12620,Self-Employed,12583,5,Fair,0.61,0
42,17008,846,6976,Employed,7097,5,Fair,0.37,1
45,7923,558,30232,Employed,1888,8,Good,0.54,0
29,13953,559,14284,Employed,14962,3,Fair,0.54,1
19,19057,434,40796,Employed,2250,8,Excellent,0.08,1
60,18222,760,37486,Employed,4671,3,Good,0.45,1
31,10760,788,47022,Self-Employed,5010,7,Excellent,0.57,1
39,17361,380,40856,Unemployed,984,7,Fair,0.44,1
48,18725,666,35392,Employed,795,1,Good,0.4,1
40,13976,358,35574,Employed,6089,9,Fair,0.4,0
65,14438,373,27030,Employed,14046,7,Fair,0.38,0
37,18177,538,9545,Employed,847,1,Good,0.56,1
55,11549,428,36701,Employed,1391,7,Good,0.47,1
72,19531,711,34708,Employed,7593,5,Excellent,0.19,1
21,7114,614,8787,Employed,5717,2,Good,0.33,1
32,13183,673,4945,Employed,2993,6,Good,0.39,1
41,13187,736,24442,Employed,7627,5,Excellent,0.32,1
42,5301,437,29718,Self-Employed,4457,2,Poor,0.2,0
18,9780,754,9421,Self-Employed,4571,4,Poor,0.13,1
24,8876,308,12674,Employed,12591,3,Excellent,0.13,0
74,11648,531,31596,Employed,10424,5,Fair,0.24,0
48,15560,696,22241,Employed,10504,0,Excellent,0.31,1
29,18783,617,48165,Student,9629,0,Good,0.49,1
59,3244,806,8738,Self-Employed,8593,7,Good,0.69,1
22,13353,821,4772,Employed,10412,7,Fair,0.63,1
61,16163,386,13365,Employed,14039,8,Good,0.58,1
67,3133,617,11798,Unemployed,877,7,Fair,0.58,0
59,9649,632,40855,Employed,3154,1,Fair,0.44,1
55,16171,659,16775,Employed,5709,4,Good,0.21,1
29,6201,540,2984,Self-Employed,13633,7,Good,0.36,0
56,14849,355,45055,Employed,9098,8,Good,0.14,1
35,2513,409,34820,Employed,4441,5,Fair,0.42,0
19,17779,348,39022,Employed,1095,3,Poor,0.06,0
27,4799,315,1350,Self-Employed,11714,8,Excellent,0.17,1
32,3006,372,1912,Employed,1806,3,Good,0.51,0
47,6303,501,38213,Employed,5996,5,Fair,0.23,0
61,18861,392,11715,Self-Employed,1676,4,Good,0.32,1
34,19701,332,34059,Self-Employed,8399,0,Good,0.59,1
21,16260,718,26788,Employed,9557,3,Excellent,0.08,1
24,12326,502,16778,Employed,13344,9,Fair,0.06,0
58,15321,611,16223,Employed,5501,2,Good,0.2,1
48,14507,768,34235,Employed,9601,7,Good,0.49,1
68,17286,693,4277,Employed,7276,6,Fair,0.2,1
72,10640,510,15641,Employed,13276,9,Fair,0.61,0
56,8298,455,12391,Employed,11117,0,Fair,0.28,0
72,18357,621,23976,Unemployed,12449,7,Excellent,0.23,1
51,2067,734,21709,Unemployed,10255,6,Fair,0.2,1
23,13124,339,34832,Employed,7181,1,Good,0.42,0
67,13715,339,38656,Employed,10982,9,Good,0.61,0
55,9466,752,48777,Employed,8437,3,Fair,0.31,1
62,9620,489,12655,Employed,13357,1,Good,0.21,1
68,17779,314,14111,Employed,8068,8,Good,0.32,1
51,12836,423,27269,Self-Employed,2602,7,Fair,0.64,0
61,5810,579,19778,Unemployed,5167,0,Good,0.27,1
32,14687,347,44017,Unemployed,14015,0,Fair,0.48,0
31,15589,488,25662,Unemployed,3481,7,Excellent,0.26,1
23,3482,603,28168,Employed,1477,4,Fair,0.49,0
67,2596,404,47418,Student,6285,0,Excellent,0.62,0
54,15082,668,40626,Employed,2497,3,Excellent,0.44,1
67,7997,800,1003,Unemployed,13500,1,Excellent,0.67,1
49,15045,759,39708,Employed,5850,8,Excellent,0.44,1
20,13082,546,41816,Employed,1480,9,Fair,0.68,0
20,16878,563,44908,Employed,1787,5,Good,0.52,1
39,12364,505,45817,Employed,13260,8,Excellent,0.47,1
39,5779,806,48376,Employed,1812,0,Excellent,0.59,1
27,18557,829,43434,Unemployed,12403,0,Excellent,0.06,1
68,8812,663,10322,Employed,2923,3,Good,0.22,1
20,16940,639,26977,Employed,2561,1,Good,0.19,1
29,3869,706,14223,Employed,2946,0,Excellent,0.12,1
46,17692,752,15166,Employed,12300,5,Fair,0.66,1
65,18950,449,19134,Employed,10516,7,Fair,0.14,1
34,6932,492,33769,Employed,13563,0,Excellent,0.22,1
24,2187,446,10336,Employed,915,9,Excellent,0.27,0
30,14675,705,27214,Unemployed,9084,9,Fair,0.46,1
73,1568,482,42108,Unemployed,6371,5,Fair,0.55,0
19,11795,405,32667,Employed,7313,0,Excellent,0.44,1
21,8274,535,21631,Student,12504,7,Poor,0.54,0
27,18303,478,25116,Employed,10988,5,Excellent,0.31,1
56,13690,731,33421,Self-Employed,12581,0,Good,0.7,1
41,12289,700,23419,Employed,2815,8,Excellent,0.16,1
34,8391,824,44313,Employed,14616,0,Poor,0.31,1
69,11816,839,3043,Employed,5285,8,Good,0.59,1
23,1939,622,2702,Student,13454,2,Good,0.21,0
36,19092,560,39715,Employed,4593,7,Excellent,0.54,1
22,8966,698,44889,Employed,976,7,Good,0.29,1
49,19137,636,13762,Student,749,6,Fair,0.17,1
27,4709,599,35155,Employed,3555,1,Poor,0.31,0
26,5049,418,14382,Employed,7580,2,Poor,0.56,0
44,18498,712,27239,Unemployed,11360,4,Fair,0.12,1
30,4578,683,27656,Unemployed,4799,4,Fair,0.39,0
36,4990,779,30852,Student,7455,1,Poor,0.53,0
38,5043,604,48881,Employed,3015,0,Excellent,0.54,1
41,19784,495,49843,Employed,11818,4,Excellent,0.3,1
55,8251,632,33130,Self-Employed,8460,4,Excellent,0.35,1
21,16406,319,11188,Self-Employed,14544,2,Good,0.61,0
41,19596,732,29268,Employed,3028,7,Poor,0.19,1
52,15925,725,28806,Unemployed,13848,5,Good,0.7,1
20,13311,528,48898,Unemployed,6448,1,Good,0.32,1
21,19078,823,47618,Employed,9203,1,Fair,0.23,1
74,8281,516,26826,Employed,10327,3,Poor,0.05,0
54,19262,674,32995,Employed,5239,5,Good,0.13,1
57,17063,335,5462,Employed,1248,8,Fair,0.54,0
65,16297,327,31472,Employed,11399,7,Excellent,0.47,1
71,18633,671,35804,Employed,8954,7,Good,0.21,1
52,1800,385,23789,Employed,11163,1,Good,0.65,0
48,6195,487,24173,Employed,8914,3,Good,0.59,0
73,13674,604,39887,Employed,1405,5,Excellent,0.23,1
61,17722,721,31735,Employed,6154,5,Fair,0.26,1
42,18161,379,9982,Employed,438,9,Good,0.17,1
57,12250,485,30898,Employed,314,5,Good,0.47,1
30,8807,304,7863,Employed,2112,7,Excellent,0.51,0
21,15318,796,19332,Employed,4996,7,Poor,0.31,1
63,2889,808,14989,Employed,591,6,Good,0.53,1
31,10382,301,38946,Employed,13779,4,Excellent,0.69,1
30,11540,516,22488,Employed,12932,5,Excellent,0.45,1
44,7641,836,21527,Unemployed,12482,5,Poor,0.47,0
23,14610,556,13947,Employed,5533,2,Poor,0.29,0
34,7469,752,27011,Employed,3670,2,Good,0.06,1
53,14662,723,45209,Employed,8048,6,Good,0.67,1
57,10631,623,20232,Employed,1909,5,Poor,0.55,0
66,6537,798,33473,Employed,8027,4,Fair,0.5,1
52,16193,496,31985,Unemployed,12288,5,Poor,0.07,0
34,3951,803,17545,Employed,4463,5,Good,0.54,1
58,1524,571,13104,Unemployed,14234,3,Poor,0.49,0
19,7462,317,14347,Self-Employed,6774,4,Good,0.42,0
74,4056,406,3634,Employed,2423,6,Good,0.46,0
30,17944,828,6101,Employed,11454,0,Excellent,0.65,1
69,9175,424,23150,Unemployed,12577,9,Good,0.05,0
19,18006,782,26970,Employed,13087,5,Fair,0.15,1
69,7116,303,18893,Employed,14963,4,Good,0.63,0
45,11794,650,19703,Employed,3270,5,Good,0.06,1
60,19070,650,28826,Employed,12522,0,Good,0.64,1
43,15510,527,23489,Employed,9445,3,Poor,0.07,0
39,14894,315,42439,Unemployed,11489,7,Good,0.56,0
64,11422,724,47012,Self-Employed,1453,3,Excellent,0.63,1
60,5589,763,46214,Employed,195,9,Excellent,0.45,1
72,15948,545,37767,Employed,5586,7,Fair,0.47,1
20,3972,476,43796,Self-Employed,14776,7,Good,0.08,0
52,11969,842,17376,Employed,8981,1,Excellent,0.19,1
29,8950,808,20733,Employed,10396,5,Good,0.63,1
41,4464,532,12406,Employed,11259,6,Poor,0.59,0
22,9604,337,29167,Employed,3553,6,Poor,0.09,0
37,19194,790,31659,Employed,12641,0,Excellent,0.58,1
56,3712,743,37979,Student,9004,3,Excellent,0.33,1
56,10954,319,45374,Student,13996,6,Excellent,0.41,1
30,8292,410,45404,Employed,4930,5,Fair,0.12,0
58,11054,786,8951,Employed,2580,2,Excellent,0.31,1
74,10203,388,20157,Self-Employed,9723,9,Excellent,0.33,0
70,14719,618,35006,Self-Employed,8165,9,Excellent,0.49,1
62,16899,417,28524,Employed,404,0,Poor,0.48,0
29,19729,733,1740,Employed,10939,4,Good,0.41,1
30,9160,538,29459,Employed,8144,7,Good,0.07,1
73,3202,371,13324,Student,2844,2,Fair,0.15,0
27,18274,698,32099,Self-Employed,2336,4,Good,0.15,1
50,18538,703,44803,Employed,7846,8,Fair,0.63,1
74,5771,550,10727,Unemployed,14013,7,Excellent,0.64,1
57,10455,494,1368,Unemployed,89,8,Good,0.57,1
71,12959,521,44231,Employed,9597,4,Fair,0.16,1
33,8174,481,27533,Employed,5062,2,Good,0.6,0
62,18969,555,38677,Employed,13612,8,Excellent,0.17,1
52,6946,387,31408,Self-Employed,13753,3,Excellent,0.41,1
20,3463,791,38987,Employed,11765,0,Poor,0.53,0
73,11477,635,43058,Employed,6728,1,Fair,0.08,1
22,11966,837,41372,Student,9809,7,Good,0.44,1
43,6677,706,16038,Employed,13696,1,Good,0.21,1
28,12660,588,43351,Employed,3594,5,Excellent,0.37,1
24,6072,661,39974,Employed,9717,4,Excellent,0.3,1
70,9043,740,11223,Employed,13560,8,Good,0.5,1
73,10407,329,27254,Employed,9887,7,Good,0.37,0
27,18126,847,27722,Employed,11882,0,Fair,0.25,1
59,8010,522,20208,Unemployed,4041,2,Excellent,0.64,1
69,18721,423,21554,Unemployed,11354,4,Excellent,0.67,1
51,4823,514,21165,Self-Employed,8944,7,Excellent,0.57,0
20,11037,417,28940,Unemployed,715,6,Good,0.43,0
25,12115,526,20512,Employed,14237,1,Excellent,0.62,1
48,2932,743,10464,Employed,2441,6,Excellent,0.44,1
28,9155,848,2979,Employed,8139,4,Excellent,0.15,1
62,9931,736,29273,Employed,3429,5,Excellent,0.06,1
24,9830,311,7612,Unemployed,5268,7,Good,0.52,0
62,12885,421,27763,Employed,8666,4,Good,0.54,1
19,10111,846,7022,Employed,2821,8,Good,0.65,1
23,15372,788,39849,Employed,8060,0,Excellent,0.59,1
58,18187,550,10768,Employed,9843,4,Good,0.47,1
49,3662,781,29055,Employed,14777,0,Fair,0.17,1
37,7986,849,8832,Employed,6151,0,Excellent,0.44,1
74,5602,579,18639,Self-Employed,7396,0,Poor,0.33,0
51,17448,636,1299,Unemployed,10309,4,Good,0.2,1
67,11918,467,20426,Unemployed,12990,8,Excellent,0.57,1
33,2668,627,48264,Employed,11952,1,Excellent,0.15,1
42,1915,545,31654,Employed,10279,5,Excellent,0.46,1
29,12405,600,47997,Unemployed,2901,4,Good,0.45,1
24,14932,499,18664,Self-Employed,3100,6,Good,0.25,1
56,6743,799,14028,Employed,3592,6,Fair,0.33,1
34,18033,312,26437,Self-Employed,12564,2,Fair,0.13,0
62,7399,665,5589,Employed,13599,5,Good,0.07,1
28,2338,396,9133,Employed,11847,2,Good,0.06,1
23,7644,370,40400,Unemployed,8374,1,Good,0.16,0
40,11388,656,16459,Employed,13226,4,Excellent,0.61,1
44,14031,843,20168,Employed,6665,3,Excellent,0.39,1
63,17435,549,8398,Employed,6832,3,Good,0.13,1
23,8966,553,24092,Employed,9814,3,Excellent,0.64,1
55,16595,481,13377,Employed,83,7,Good,0.42,1
19,12693,465,10303,Employed,85,0,Good,0.07,1
39,2820,303,26632,Employed,7464,2,Good,0.55,0
37,14764,762,43055,Employed,9934,8,Excellent,0.36,1
42,13727,444,47635,Employed,1310,2,Excellent,0.4,1
32,19407,464,36068,Student,14879,0,Excellent,0.45,1
66,6734,643,25353,Self-Employed,9132,4,Excellent,0.11,1
46,13570,404,16265,Employed,1036,3,Good,0.67,0
25,7644,847,37759,Self-Employed,1400,9,Good,0.22,1
54,2052,613,17897,Employed,3480,7,Excellent,0.45,1
66,18365,468,37999,Employed,4820,8,Excellent,0.61,1
69,17469,819,44636,Employed,11203,9,Good,0.27,1
50,2099,735,40320,Employed,5749,4,Excellent,0.46,1
39,16598,811,9312,Unemployed,4713,0,Excellent,0.69,1
67,16300,708,43461,Employed,6158,3,Good,0.6,1
64,10856,735,20231,Employed,12095,2,Excellent,0.56,1
22,14370,614,34885,Employed,724,5,Fair,0.34,0
56,13924,841,44951,Employed,187,1,Good,0.34,1
35,3482,362,43583,Employed,6377,4,Good,0.37,0
55,19518,331,41629,Unemployed,14196,7,Excellent,0.5,1
71,9330,510,36006,Self-Employed,14087,4,Excellent,0.14,1
70,4497,762,40368,Self-Employed,4830,4,Excellent,0.61,1
54,18570,379,15031,Self-Employed,6601,7,Excellent,0.06,1
47,13106,642,3433,Employed,2772,4,Good,0.16,1
68,3259,531,26378,Employed,14480,3,Excellent,0.36,0
48,8523,428,24393,Employed,4612,9,Fair,0.21,0
27,15392,318,8166,Employed,2580,8,Poor,0.29,0
32,16909,656,38141,Self-Employed,3700,1,Good,0.27,1
59,11029,718,41914,Employed,2939,0,Fair,0.22,1
65,1614,380,2471,Employed,1138,3,Excellent,0.3,0
61,13649,417,10018,Employed,7211,9,Good,0.38,1
35,18452,793,30616,Employed,8395,2,Excellent,0.36,1
40,17201,791,31771,Employed,7640,8,Poor,0.58,0
50,11245,524,18812,Unemployed,3380,2,Good,0.25,1
33,4189,718,16029,Employed,14235,2,Good,0.23,1
71,4488,436,5306,Employed,1345,9,Fair,0.38,0
55,4651,525,14177,Employed,8552,6,Excellent,0.08,1
52,13219,633,4781,Employed,13437,1,Good,0.12,1
51,17158,528,27601,Employed,1143,7,Fair,0.57,0
45,10513,622,19701,Employed,213,5,Excellent,0.37,1
19,7845,407,7688,Employed,1848,8,Good,0.09,0
47,5074,744,18390,Employed,11574,7,Good,0.34,1
30,9338,306,35405,Employed,641,3,Good,0.31,1
58,19492,427,26420,Employed,605,7,Fair,0.21,1
33,18443,652,38879,Employed,365,3,Poor,0.29,0
22,14829,566,24833,Employed,1228,4,Excellent,0.17,1
72,16323,513,13685,Self-Employed,898,9,Excellent,0.34,1
45,7065,546,33492,Employed,12474,6,Good,0.32,1
70,5935,673,20671,Employed,10963,5,Good,0.44,1
56,7150,720,36629,Employed,11256,4,Good,0.66,0
62,19765,340,9684,Employed,2750,1,Fair,0.17,0
37,8936,647,28574,Self-Employed,5380,4,Fair,0.32,1
41,5208,442,6725,Employed,89,9,Good,0.42,0
44,15951,440,12849,Unemployed,988,6,Excellent,0.41,1
47,3209,406,31793,Student,7057,5,Excellent,0.48,0
62,11453,332,32171,Self-Employed,2440,5,Good,0.22,0
44,3192,499,35253,Student,13461,4,Poor,0.46,0
43,17023,418,33651,Employed,14747,8,Good,0.18,1
24,15822,528,7581,Employed,5563,0,Good,0.13,1
59,10937,484,6221,Employed,11403,3,Fair,0.59,0
64,1625,514,26545,Self-Employed,292,6,Excellent,0.36,1
70,14444,429,17127,Employed,9681,0,Excellent,0.31,1
55,2699,571,6032,Employed,4726,3,Good,0.65,0
22,7592,307,40194,Employed,11361,5,Poor,0.51,0
40,17875,702,37777,Employed,4265,9,Fair,0.49,1
45,4211,668,16095,Employed,5429,7,Good,0.18,1
51,10682,836,22707,Employed,9641,6,Good,0.19,1
70,7495,352,22827,Employed,4985,8,Good,0.36,0
32,9682,546,31620,Employed,9282,6,Good,0.47,1
49,7002,636,7307,Employed,6199,2,Good,0.31,1
43,14420,580,36896,Employed,11821,9,Good,0.09,1
65,4065,332,38069,Unemployed,2615,3,Excellent,0.49,0
48,12289,847,7027,Employed,8342,2,Excellent,0.55,1
36,6524,642,49428,Employed,14653,8,Good,0.66,0
26,2531,538,46013,Employed,5434,7,Good,0.32,1
46,2741,791,49148,Employed,983,9,Excellent,0.22,1
71,3242,476,18330,Employed,1819,8,Fair,0.65,0
68,7209,343,4440,Employed,976,9,Fair,0.51,0
56,16239,603,2545,Employed,6149,9,Fair,0.09,1
21,13330,568,46612,Employed,8380,1,Good,0.43,1
20,15278,699,32480,Student,6460,4,Excellent,0.07,1
73,9660,730,33797,Employed,2778,4,Poor,0.2,0
46,13875,720,43431,Employed,11948,6,Excellent,0.1,1
69,5903,430,31944,Employed,13916,3,Excellent,0.18,1
28,6397,709,29336,Employed,2571,3,Good,0.37,1
50,1663,524,37447,Employed,9378,7,Good,0.24,1
55,4810,442,15764,Self-Employed,3901,0,Poor,0.11,0
28,18879,839,22531,Unemployed,3439,5,Good,0.36,1
44,16491,424,1125,Employed,10756,8,Excellent,0.51,1
50,19761,511,38676,Unemployed,7233,1,Poor,0.08,0
38,19232,727,29432,Unemployed,13002,4,Good,0.62,1
56,3751,736,7642,Employed,9539,9,Good,0.47,1
48,12592,537,42613,Unemployed,13504,9,Good,0.39,1
55,8090,627,33115,Employed,5484,8,Fair,0.31,0
63,9158,418,25525,Employed,7537,3,Excellent,0.31,0
19,18316,345,47416,Self-Employed,3407,8,Excellent,0.27,1
44,6747,383,42700,Employed,10817,7,Good,0.13,0
53,9215,651,41721,Employed,11944,8,Poor,0.1,0
28,5317,312,25866,Employed,8858,1,Excellent,0.25,1
64,18954,471,12183,Self-Employed,12875,9,Excellent,0.48,1
35,6100,533,32090,Employed,772,4,Fair,0.24,0
18,11482,480,11769,Employed,11396,9,Fair,0.58,0
52,2494,350,11931,Employed,13141,8,Good,0.3,0
52,6231,694,19077,Employed,9356,4,Fair,0.46,0
48,9170,728,39655,Employed,14671,3,Excellent,0.33,1
45,18841,573,26895,Employed,4953,7,Good,0.37,1
56,9787,506,3821,Student,4594,5,Good,0.21,1
18,18515,447,32736,Employed,8840,1,Good,0.38,1
42,13376,599,15754,Unemployed,10415,7,Excellent,0.12,1
60,18581,752,49793,Employed,13087,4,Good,0.3,1
55,17915,848,17218,Employed,4946,6,Excellent,0.34,1
37,17352,682,45189,Self-Employed,9251,3,Fair,0.51,1
20,14990,833,2395,Unemployed,987,8,Good,0.31,1
68,7062,532,4961,Employed,2190,1,Good,0.48,1
19,10240,428,36382,Employed,12936,9,Good,0.16,1
35,3748,536,48821,Employed,4623,8,Good,0.07,1
61,7692,784,24254,Employed,1785,3,Poor,0.38,1
27,11395,540,18928,Self-Employed,9719,5,Good,0.36,1
22,7906,522,38993,Employed,6149,4,Fair,0.49,0
26,2656,398,13093,Self-Employed,12871,2,Excellent,0.25,0
19,15818,572,15702,Employed,6816,6,Excellent,0.07,1
51,10035,698,46457,Employed,12511,3,Excellent,0.52,1
55,6795,816,27356,Employed,1901,0,Good,0.66,1
48,13764,729,8986,Employed,2403,7,Fair,0.31,1
27,7654,822,27726,Employed,2985,2,Fair,0.45,1
67,10636,647,48428,Employed,1850,5,Fair,0.4,0
29,14713,750,13660,Unemployed,9199,1,Poor,0.42,1
53,13572,341,8034,Unemployed,5155,8,Excellent,0.61,1
71,11742,393,43405,Employed,8737,3,Fair,0.53,0
38,4785,785,14580,Employed,6017,6,Good,0.55,1
66,11022,816,43928,Self-Employed,8716,8,Excellent,0.11,1
64,3503,449,18480,Employed,12202,2,Good,0.15,0
23,11479,798,2204,Employed,9929,2,Good,0.48,1
65,11938,670,43880,Self-Employed,1080,2,Good,0.4,1
66,15727,784,25331,Employed,2021,4,Excellent,0.55,1
20,5172,682,4583,Unemployed,7174,9,Good,0.11,1
27,8958,491,17256,Employed,5562,5,Excellent,0.42,1
22,4979,520,45099,Employed,9530,2,Excellent,0.37,1
63,16387,346,8539,Employed,10350,9,Fair,0.61,0
43,1551,426,45379,Employed,11379,8,Good,0.17,0
38,3659,306,35806,Employed,9522,0,Good,0.28,0
62,5890,415,23310,Employed,770,6,Good,0.15,1
43,17580,665,9223,Employed,8180,8,Fair,0.34,1
55,3612,345,11160,Employed,5786,4,Good,0.62,0
61,14252,692,20358,Employed,9933,2,Good,0.49,1
43,16093,322,32339,Employed,12597,9,Fair,0.53,0
25,16839,430,12522,Employed,12381,3,Excellent,0.11,1
22,2854,426,37336,Self-Employed,7359,7,Good,0.34,0
32,7120,744,28501,Employed,6945,2,Good,0.6,1
33,5254,608,29014,Employed,7446,4,Good,0.59,1
18,18093,732,45082,Self-Employed,14895,2,Fair,0.69,1
33,17667,772,9298,Self-Employed,13366,5,Poor,0.39,1
54,1737,347,1201,Self-Employed,12304,0,Fair,0.05,0
20,10027,381,8956,Employed,9550,6,Excellent,0.63,1
69,9575,408,8385,Student,11325,5,Excellent,0.67,1
64,19460,562,7007,Employed,6780,5,Good,0.65,1
48,10191,330,35562,Employed,10988,2,Fair,0.55,0
30,11256,657,2408,Employed,1596,0,Good,0.19,1
73,5040,779,1916,Self-Employed,10172,0,Poor,0.14,0
33,10827,488,8778,Self-Employed,8747,6,Excellent,0.51,1
72,12040,304,43644,Self-Employed,5446,3,Excellent,0.14,1
60,8757,585,48208,Employed,12156,5,Excellent,0.67,1
38,18033,693,7346,Employed,13439,3,Fair,0.34,1
19,13220,754,49637,Employed,11763,7,Good,0.07,1
71,3124,725,36934,Unemployed,11251,8,Excellent,0.15,1
44,9161,326,41112,Employed,4354,1,Fair,0.24,0
55,9029,426,17448,Unemployed,10952,0,Good,0.51,1
43,15154,434,37418,Employed,834,0,Excellent,0.53,1
55,3608,834,15715,Self-Employed,9839,6,Excellent,0.19,1
63,5447,630,40166,Employed,11251,1,Poor,0.47,0
42,9399,691,35783,Self-Employed,9058,2,Poor,0.07,1
28,14872,307,26897,Student,903,3,Excellent,0.12,1
25,6414,560,49708,Employed,10649,8,Excellent,0.4,1
25,8167,498,37792,Employed,13175,9,Good,0.51,0
50,3763,685,23698,Unemployed,142,1,Good,0.64,1
70,5315,771,42572,Employed,6020,9,Good,0.33,1
24,2077,478,9843,Employed,14732,1,Good,0.13,0
55,16529,749,46773,Employed,7886,0,Fair,0.65,1
38,18306,539,32551,Employed,13670,7,Poor,0.33,0
25,4263,823,35155,Employed,3723,7,Fair,0.37,1
68,19113,482,28442,Employed,2786,4,Excellent,0.61,1
71,17145,657,27696,Employed,3390,2,Fair,0.43,1
38,10445,675,22563,Employed,10887,0,Excellent,0.25,1
73,18571,837,23982,Employed,6945,1,Good,0.4,1
37,18606,381,23863,Employed,2759,8,Good,0.46,1
25,15354,657,5763,Unemployed,11541,7,Fair,0.63,1
63,18630,484,28771,Employed,12081,9,Excellent,0.2,1
48,4212,587,33198,Employed,7819,3,Fair,0.41,0
67,18591,361,21493,Employed,11925,2,Good,0.65,1
74,17357,806,6535,Employed,13402,4,Excellent,0.08,1
46,10126,761,33519,Self-Employed,9913,7,Excellent,0.18,1
65,14568,329,13020,Unemployed,3153,9,Excellent,0.28,1
26,18367,330,30745,Employed,12306,5,Fair,0.49,0
32,16219,592,31906,Employed,13690,9,Excellent,0.6,1
47,3033,472,36896,Self-Employed,12932,3,Excellent,0.18,1
43,18053,427,22250,Self-Employed,2831,7,Excellent,0.21,1
27,18904,385,38853,Employed,6512,3,Good,0.59,0
46,8593,614,12297,Student,9896,4,Good,0.15,1
71,14656,327,27783,Employed,8649,1,Excellent,0.22,1
33,18731,421,17257,Employed,14354,9,Poor,0.53,0
53,15285,550,39766,Employed,9468,3,Fair,0.16,1
37,17091,702,47791,Employed,7531,9,Good,0.59,1
62,16194,742,45137,Employed,5312,9,Good,0.37,1
71,4846,571,31086,Employed,7445,2,Good,0.34,1
54,5513,412,25063,Employed,13968,7,Fair,0.14,0
39,1531,693,44282,Unemployed,7202,7,Good,0.49,1
24,12656,318,30984,Employed,12966,6,Good,0.62,1
40,11804,764,19421,Employed,11507,5,Good,0.5,1
58,9377,490,42922,Employed,1608,8,Fair,0.26,0
57,7670,792,2243,Employed,3894,3,Good,0.5,1
46,13578,462,43829,Employed,6788,3,Fair,0.38,0
33,3815,594,22863,Unemployed,1096,5,Excellent,0.6,1
